{"type":"FeatureCollection","features":[{"type":"Feature","properties":{"name":"Afghanistan","iso_a3":"AFG","adm0_a3":"AFG"},"geometry":{"type":"Polygon","coordinates":[[[74.54140625000002,37.02216796875],[74.89130859375001,37.231640625],[74.25966796875,37.41542968750002],[73.749609375,37.231787109375006],[73.48134765625,37.47167968750003],[72.89550781249997,37.26752929687501],[71.80205078125002,36.694287109375],[71.43291015625002,37.1275390625],[71.55195312500001,37.933154296874996],[71.255859375,38.306982421875],[70.87890625,38.456396484375],[70.21464843750002,37.9244140625],[70.25146484375,37.66416015625],[69.49208984375002,37.553076171875],[69.26484375000001,37.1083984375],[68.96044921874997,37.325048828125006],[68.06777343750002,36.9498046875],[67.75898437500001,37.172216796875],[67.06884765625,37.334814453125],[66.52226562500002,37.34848632812498],[65.76503906250002,37.569140625],[65.55498046875002,37.251171875],[64.81630859375,37.13208007812503],[64.51103515625002,36.340673828125],[63.8625,36.012353515624994],[63.10859375000001,35.818701171875],[63.05664062499997,35.44580078125006],[62.61054687500001,35.233154296875],[61.26201171875002,35.619580078125],[61.080078125,34.855615234374994],[60.485742187499994,34.09477539062496],[60.510839843750006,33.638916015625],[60.9169921875,33.505224609375],[60.56054687499997,33.137841796874966],[60.82929687500001,32.249414062499994],[60.854101562500006,31.483251953125034],[61.66015624999997,31.382421875],[61.7841796875,30.831933593749994],[60.843359375,29.858691406250017],[62.4765625,29.408349609374994],[63.56757812500001,29.497998046874997],[64.09873046875,29.391943359375],[64.52109375,29.564501953124996],[65.09550781250002,29.559472656249994],[66.17705078125002,29.835595703124994],[66.39716796875001,30.91220703125],[66.92431640625,31.305615234374997],[67.28730468750001,31.217822265624996],[67.57822265625,31.506494140624994],[68.21396484375,31.807373046875],[68.86894531250002,31.634228515624997],[69.279296875,31.936816406249996],[69.24140625000001,32.433544921875],[69.5015625,33.020068359374996],[69.92011718750001,33.1125],[70.2841796875,33.369042968749994],[69.86806640625002,33.89765625],[71.05156250000002,34.049707031249994],[70.965625,34.53037109375],[71.62050781250002,35.183007812499994],[71.42753906250002,35.833740234375],[71.18505859375,36.04208984375],[71.62050781250002,36.436474609375],[72.62285156250002,36.82958984375],[73.769140625,36.888476562499996],[74.00185546875002,36.823095703125],[74.54140625000002,37.02216796875]]]},"id":"AFG"},{"type":"Feature","properties":{"name":"Angola","iso_a3":"AGO","adm0_a3":"AGO"},"geometry":{"type":"MultiPolygon","coordinates":[[[[23.96650390625001,-10.871777343750011],[23.833886718750023,-11.013671874999943],[22.56103515625,-11.055859375000011],[22.27880859375,-11.194140625],[22.30244140625001,-10.396679687500011],[22.19775390625,-10.040625],[21.81318359375001,-9.46875],[21.905371093750006,-8.693359375],[21.751074218749977,-7.305468749999974],[20.607812500000023,-7.277734375],[20.482226562500017,-6.915820312500003],[19.87519531250001,-6.986328125],[19.527636718750017,-7.144433593750009],[19.3408203125,-7.966601562500003],[18.653417968750006,-7.93603515625],[17.536035156250023,-8.075878906250011],[16.98476562499999,-7.257421874999949],[16.742968750000017,-6.618457031250003],[16.7177734375,-6.241406250000011],[16.315234375000017,-5.865625],[14.398632812500011,-5.892675781250006],[13.068164062500017,-5.86484375],[12.302539062500017,-6.09257812499996],[12.521289062500074,-6.590332031250028],[12.823437500000011,-6.954785156250026],[12.8623046875,-7.23183593749998],[13.378515625,-8.369726562499991],[13.358984375000034,-8.687207031250011],[12.998535156250057,-9.048046874999983],[13.209375,-9.703222656249963],[13.847460937500074,-11.054394531249983],[13.78535156250004,-11.812792968749946],[13.416992187500028,-12.520410156249952],[12.983203125000045,-12.775683593750003],[12.550488281249983,-13.437792968749974],[12.28046875000004,-14.6375],[11.967871093750034,-15.633984375000026],[11.75087890625008,-15.831933593750037],[11.818945312500006,-16.704101562499986],[11.743066406250023,-17.24921875000001],[12.548144531250017,-17.212695312500003],[13.101171875,-16.96767578125001],[13.403710937500023,-17.0078125],[13.93798828125,-17.388769531250006],[16.531054687500017,-17.39082031250001],[18.396386718750023,-17.3994140625],[18.718066406250017,-17.703222656250006],[19.076464843750017,-17.817675781250003],[20.392968750000023,-17.88740234375001],[20.625097656250006,-17.996679687499977],[21.416894531250023,-18.00068359375001],[23.380664062500017,-17.640625],[22.150683593750017,-16.59716796875],[21.979785156250017,-15.95556640625],[21.978906250000023,-13.0009765625],[23.843164062500023,-13.0009765625],[23.991308593750006,-12.422167968750003],[23.96650390625001,-10.871777343750011]]],[[[13.07275390625,-4.634765625],[12.881054687500011,-4.445117187499974],[12.384570312500017,-4.619140624999986],[12.018359375000017,-5.004296875],[12.213671875000017,-5.758691406250009],[12.503710937500017,-5.69580078125],[12.522363281250023,-5.148925781250014],[12.8296875,-4.736621093750003],[13.07275390625,-4.634765625]]]]},"id":"AGO"},{"type":"Feature","properties":{"name":"Albania","iso_a3":"ALB","adm0_a3":"ALB"},"geometry":{"type":"Polygon","coordinates":[[[20.06396484375,42.54726562499999],[19.65449218750001,42.628564453124994],[19.280664062500023,42.17255859375],[19.342382812500006,41.869091796875],[19.440625,41.424755859375],[19.39814453125001,40.28486328125],[19.851855468750017,40.0435546875],[20.001269531250017,39.70942382812501],[20.65742187500001,40.11738281250001],[21.031054687500017,40.658642578125],[20.964257812499994,40.84990234375002],[20.48896484375001,41.272607421874994],[20.566210937500017,41.873681640624994],[20.485449218750006,42.223388671875],[20.06396484375,42.54726562499999]]]},"id":"ALB"},{"type":"Feature","properties":{"name":"United Arab Emirates","iso_a3":"ARE","adm0_a3":"ARE"},"geometry":{"type":"Polygon","coordinates":[[[56.29785156249997,25.65068359374999],[56.08046875000005,26.062646484374994],[55.941210937500074,25.793994140625045],[54.7467773437501,24.810449218749966],[54.397070312500006,24.278173828125063],[53.893359375000074,24.077050781250023],[52.648242187500074,24.154638671875034],[51.90605468750002,23.9853515625],[51.56835937499997,24.28618164062499],[51.59257812500002,24.07885742187503],[52.55507812499999,22.932812499999983],[55.10429687500002,22.621484374999966],[55.18583984375002,22.7041015625],[55.19990234375004,23.034765625000063],[55.760839843750006,24.24267578125003],[55.79570312500002,24.868115234374983],[56.063867187499994,24.73876953125],[56.387988281250074,24.979199218749955],[56.29785156249997,25.65068359374999]]]},"id":"ARE"},{"type":"Feature","properties":{"name":"Argentina","iso_a3":"ARG","adm0_a3":"ARG"},"geometry":{"type":"MultiPolygon","coordinates":[[[[-68.65322265625,-54.853613281249984],[-66.93046875,-54.92490234375003],[-66.51113281249997,-55.03212890625002],[-65.34599609375002,-54.877929687499964],[-67.29423828124999,-54.04980468750001],[-68.00849609374993,-53.5640625],[-68.27822265625,-52.98398437500003],[-68.62993164062496,-52.652636718750024],[-68.65322265625,-54.853613281249984]]],[[[-54.615869140624994,-25.57607421875001],[-54.677734375,-26.30878906250001],[-54.82548828124999,-26.65224609375001],[-55.426660156249994,-27.00927734375],[-55.789990234375,-27.41640625],[-56.1640625,-27.32148437500001],[-56.437158203124994,-27.553808593750006],[-58.64174804687502,-27.19609375],[-58.191308593749994,-26.629980468750006],[-58.203027343749994,-26.381445312500006],[-57.890625,-26.00654296875004],[-57.587158203125,-25.40507812499999],[-57.821679687499994,-25.13642578124997],[-58.36538085937502,-24.95927734375003],[-59.372949218749994,-24.45390625],[-59.892480468749994,-24.093554687500003],[-60.83984375,-23.85810546875001],[-61.79853515625001,-23.18203125],[-62.372509765625,-22.43916015625001],[-62.650976562500034,-22.23369140624996],[-62.84335937499999,-21.99726562500001],[-63.81865234374999,-22.00546875],[-63.97612304687499,-22.07255859374999],[-64.373974609375,-22.761035156250003],[-64.60551757812499,-22.228808593750003],[-65.05781250000001,-22.10273437500001],[-65.77104492187502,-22.099609375],[-66.098583984375,-21.835058593750006],[-66.365185546875,-22.11376953125],[-66.71171874999999,-22.21630859375],[-67.19487304687499,-22.821679687500023],[-67.0087890625,-23.001367187500037],[-67.356201171875,-24.03378906250005],[-68.25029296874999,-24.39199218750001],[-68.56201171875,-24.837695312500045],[-68.38422851562501,-25.091894531249963],[-68.60029296874998,-25.485644531249974],[-68.41450195312495,-26.15371093750001],[-68.58115234374998,-26.51835937499996],[-68.34599609374993,-27.027929687500034],[-68.846337890625,-27.15371093749998],[-69.17441406249995,-27.924707031250023],[-69.65693359374995,-28.41357421874997],[-69.82788085937494,-29.103222656250054],[-70.02680664062498,-29.324023437500003],[-69.92763671875002,-29.769140625],[-69.95634765625002,-30.358203125000017],[-70.16142578124996,-30.44023437500003],[-70.51958007812502,-31.148437499999986],[-70.58520507812497,-31.569433593750034],[-70.16962890624995,-32.4716796875],[-70.01982421874999,-33.27148437499996],[-69.79775390624994,-33.39863281250001],[-69.85244140625,-34.22431640625001],[-70.28994140625002,-34.73281250000004],[-70.47041015624993,-35.32617187499996],[-70.40478515624997,-36.06171874999997],[-71.05551757812503,-36.52373046875003],[-71.16757812500003,-37.762304687500034],[-71.02817382812498,-38.04121093750001],[-70.95161132812501,-38.73847656250004],[-71.42558593750002,-38.985644531250045],[-71.53945312499994,-39.60244140625002],[-71.71992187499995,-39.63525390624996],[-71.6953125,-40.33525390625002],[-71.93212890625,-40.691699218749974],[-71.91127929687502,-41.65039062499997],[-71.76093749999995,-42.10146484374995],[-72.12460937499998,-42.29833984375],[-72.14643554687498,-42.99003906250006],[-71.78149414062497,-43.166796875],[-71.90498046874998,-43.44013671875],[-71.680078125,-43.92958984374998],[-71.82001953124998,-44.38310546875],[-71.21259765624998,-44.44121093750002],[-71.2611328125,-44.763085937499966],[-71.59628906249998,-44.979199218750026],[-71.35375976562494,-45.23046874999997],[-71.77265624999993,-45.72441406250006],[-71.87568359374995,-46.16054687499999],[-71.69521484374997,-46.578417968750045],[-71.94023437499996,-46.83125],[-71.90498046874998,-47.20166015625],[-72.34594726562503,-47.49267578124996],[-72.51791992187498,-47.876367187499966],[-72.35473632812494,-48.365820312500034],[-72.614404296875,-48.792871093749994],[-73.57626953125003,-49.58291015625001],[-73.50126953124993,-50.12529296875002],[-73.15292968750003,-50.73828125000002],[-72.50981445312502,-50.60751953125003],[-72.27631835937495,-50.91025390624997],[-72.40766601562498,-51.5408203125],[-71.91865234375001,-51.98955078125003],[-69.96025390625002,-52.008203125],[-68.44335937499997,-52.35664062500003],[-69.03251953125002,-51.63623046874999],[-69.23515624999999,-50.950585937500016],[-68.93945312499997,-50.38232421874998],[-67.78349609375002,-49.85888671875001],[-67.68486328124999,-49.246679687499984],[-67.03310546875,-48.62773437500001],[-65.81005859374997,-47.94111328125001],[-65.73808593749996,-47.34492187499997],[-65.99853515625,-47.09375],[-66.77685546875,-47.005859375],[-67.56337890625002,-46.34541015625],[-67.55664062499997,-45.97011718750002],[-66.94140624999997,-45.257324218750014],[-66.19013671874995,-44.96474609375001],[-65.63876953124998,-45.007812499999986],[-65.647607421875,-44.66142578125003],[-65.36127929687501,-44.47734375000002],[-65.28359375,-43.62998046875005],[-64.98554687499993,-43.29355468749998],[-64.4322265625,-43.05917968750002],[-65.02690429687502,-42.758886718750034],[-64.65048828124998,-42.53144531249997],[-64.13066406249996,-42.86142578124996],[-63.692480468750034,-42.80527343749998],[-63.59589843749998,-42.40654296875002],[-64.42041015625,-42.43378906249997],[-65.05908203125,-41.96992187499997],[-65.13339843750003,-40.88066406250002],[-64.85297851562493,-40.813769531249974],[-63.77299804687499,-41.15],[-62.95903320312499,-41.109667968750045],[-62.39501953125003,-40.89082031250004],[-62.28691406249993,-39.8953125],[-62.053662109374926,-39.37382812499999],[-62.338085937499955,-39.15058593749998],[-62.06689453124997,-38.919140625],[-61.112207031249966,-38.99296875000002],[-59.82832031249998,-38.83818359375002],[-58.17919921875,-38.43583984375003],[-57.546972656250006,-38.08564453125001],[-57.395751953125,-37.744628906249986],[-56.672021484374994,-36.85126953124997],[-56.69809570312498,-36.426464843750026],[-57.264990234375006,-36.14414062499998],[-57.35390625000002,-35.72031249999996],[-57.15888671874998,-35.50595703124999],[-57.30366210937498,-35.18847656249997],[-58.283349609374994,-34.68349609375004],[-58.547216796875034,-33.663476562499966],[-58.424462890624966,-33.11152343749997],[-58.170996093750034,-32.95927734375003],[-58.201171875,-32.4716796875],[-58.18901367187499,-31.92421875],[-57.81059570312499,-30.85859375000001],[-57.872509765625,-30.59101562500001],[-57.60888671875,-30.18779296875003],[-56.938623046874966,-29.59482421875002],[-55.725488281249994,-28.204101562500014],[-55.10151367187498,-27.86679687500005],[-54.82910156249997,-27.550585937500017],[-54.327001953125006,-27.423535156249983],[-53.83818359374999,-27.12109375],[-53.671289062499994,-26.225097656249986],[-53.89116210937496,-25.668847656249994],[-54.15458984374996,-25.52304687500005],[-54.615869140624994,-25.57607421875001]]]]},"id":"ARG"},{"type":"Feature","properties":{"name":"Armenia","iso_a3":"ARM","adm0_a3":"ARM"},"geometry":{"type":"Polygon","coordinates":[[[46.490625,38.90668945312501],[46.55,39.201416015625],[45.78964843750006,39.881103515625],[45.96464843750002,40.233789062499994],[45.3761718750001,40.63808593750002],[45.5875,40.84692382812503],[45.00136718750002,41.290966796875],[43.43945312499997,41.10712890625001],[43.72265625000003,40.71953125000002],[43.56933593749997,40.48237304687501],[43.7916992187501,40.07026367187498],[44.2892578125001,40.040380859375034],[44.7682617187501,39.703515624999966],[45.03164062499999,39.76513671875],[45.7663085937501,39.37846679687502],[46.11445312500004,38.87778320312506],[46.490625,38.90668945312501]]]},"id":"ARM"},{"type":"Feature","properties":{"name":"Fr. S. Antarctic Lands","iso_a3":"ATF","adm0_a3":"ATF"},"geometry":{"type":"Polygon","coordinates":[[[69.18486328125007,-49.10957031250003],[68.87207031250003,-49.44433593750002],[69.61289062500006,-49.65097656250002],[69.915625,-49.34853515624995],[69.18486328125007,-49.10957031250003]]]},"id":"ATF"},{"type":"Feature","properties":{"name":"Australia","iso_a3":"AUS","adm0_a3":"AUS"},"geometry":{"type":"MultiPolygon","coordinates":[[[[145.04296875000003,-40.78671874999998],[144.64609375000006,-40.98085937499999],[144.77792968750012,-41.418847656249966],[145.23818359375,-42.01962890624998],[145.26816406250006,-42.54433593750002],[146.04316406250004,-43.547167968750045],[146.87392578125,-43.6125],[147.40800781250007,-42.89384765625],[147.980859375,-43.157031249999974],[147.92441406250012,-42.57246093749998],[148.30146484375004,-42.03994140625002],[148.29287109375005,-40.947070312500045],[147.96875,-40.77958984375003],[147.45478515625004,-41.00166015624997],[146.98984375000006,-40.99238281250004],[146.31748046875006,-41.163476562499994],[145.28300781250007,-40.769921875],[145.04296875000003,-40.78671874999998]]],[[[137.59648437500007,-35.738671874999966],[137.33408203125006,-35.592480468750026],[136.63867187499997,-35.748828125],[136.75507812500004,-36.03310546875001],[137.4484375000001,-36.07480468749998],[137.59648437500007,-35.738671874999966]]],[[[136.71464843750007,-13.803906250000054],[136.42470703125,-13.864843750000034],[136.36328124999997,-14.228906250000037],[136.89433593750002,-14.293066406249963],[136.71464843750007,-13.803906250000054]]],[[[130.61884765625004,-11.376074218749977],[130.64492187500005,-11.742382812499997],[130.95097656250002,-11.926464843750011],[131.53857421875003,-11.436914062500023],[131.2682617187501,-11.189843749999952],[130.61884765625004,-11.376074218749977]]],[[[143.17890625000004,-11.954492187500037],[142.87255859374997,-11.821386718750006],[142.83681640625,-11.306933593750003],[142.4564453125,-10.707324218749974],[142.16835937500005,-10.94658203124996],[141.9515625,-11.896191406249969],[141.67773437500003,-12.49140625],[141.64541015625,-13.259082031249989],[141.47255859375005,-13.797558593749997],[141.59433593750006,-14.152832031249986],[141.52294921874997,-14.470117187499966],[141.62548828125003,-15.056640625],[141.41191406250002,-16.069531250000026],[141.219140625,-16.64619140625001],[140.83046875000005,-17.414453125000023],[140.5111328125,-17.624511718750014],[140.0358398437501,-17.70263671875003],[139.2484375,-17.32861328125003],[139.00986328125006,-16.899316406249966],[138.24501953125,-16.718359374999963],[137.70371093750006,-16.233007812500034],[137.00214843750004,-15.87832031249998],[136.78466796874997,-15.894238281250026],[136.20537109375007,-15.403417968750034],[135.53076171875003,-15.00039062499999],[135.40517578125005,-14.758203125000037],[135.88339843750012,-14.153125],[135.98955078125007,-13.81015625],[135.92734375000006,-13.304296874999963],[136.59433593750006,-13.003808593750023],[136.53701171875005,-12.784277343749977],[136.9474609375001,-12.349902343749946],[136.5402343750001,-11.957617187499963],[136.08183593750002,-12.422460937499991],[135.78847656250005,-11.90703125],[135.2179687500001,-12.221679687500028],[134.73027343750002,-11.984375],[134.23710937500002,-12.007714843749952],[133.90419921875005,-11.832031249999957],[133.18525390625004,-11.705664062499977],[133.02490234374997,-11.452832031249983],[132.6828125000001,-11.505566406249969],[132.58378906250007,-12.11025390624998],[132.37207031250003,-12.239160156250037],[131.43828125000002,-12.276953125],[130.67236328125003,-12.406933593750026],[130.1681640625001,-12.95742187499999],[130.25976562499997,-13.302246093749986],[129.83886718749997,-13.572949218749983],[129.70986328125005,-13.979980468750043],[129.37871093750002,-14.392480468749966],[129.75351562500006,-14.789550781250028],[129.45898437500003,-14.93320312499999],[128.1994140625001,-14.751757812499974],[127.67285156250003,-14.195117187499989],[126.90322265625,-13.744140624999957],[126.5697265625,-14.1609375],[126.11132812500003,-14.1140625],[126.02070312500004,-14.494531249999966],[125.68125,-14.387988281250031],[125.17871093750003,-14.71474609374998],[125.24326171875012,-14.944531249999983],[124.8390625000001,-15.160742187499977],[124.38164062500007,-15.758203125000023],[124.57685546875004,-16.113671874999966],[123.49042968750004,-16.490722656249957],[123.778125,-16.867773437500034],[123.52519531250002,-17.48574218749998],[122.97070312499997,-16.43681640624999],[122.72041015625004,-16.787695312499963],[122.16025390625006,-17.31367187500001],[122.23740234375006,-17.968554687500017],[121.83378906250007,-18.47705078124997],[121.49355468750005,-19.10644531250003],[120.87841796875003,-19.66503906249997],[119.58593749999997,-20.038281249999983],[119.10449218750003,-19.99531250000001],[118.75146484374997,-20.26191406249997],[118.19921874999997,-20.375195312500054],[117.40625,-20.721191406250014],[116.70673828125004,-20.65380859374997],[116.01093750000004,-21.030371093750034],[115.45615234375006,-21.491699218749957],[114.85908203125004,-21.735937499999977],[114.37773437500002,-22.341503906249983],[114.16386718750007,-22.323339843750006],[113.95839843750005,-21.939160156249997],[113.68281250000004,-22.637792968750034],[113.75703125000004,-23.41816406250004],[113.55292968750004,-23.7328125],[113.4176757812501,-24.43564453125002],[113.67080078125,-24.977050781250014],[114.21425781250005,-25.8515625],[114.21572265625,-26.289453125000037],[113.53945312500005,-25.625195312499983],[113.58906250000004,-26.09863281249997],[113.85283203125002,-26.332128906250034],[113.58164062500012,-26.55810546874997],[114.028125,-27.347265624999977],[114.16513671875006,-28.080664062500006],[114.53740234375007,-28.542871093750023],[114.95898437499997,-29.43359375000003],[114.99453125,-30.216210937500037],[115.17685546875012,-30.808007812499994],[115.69843750000004,-31.69453125000004],[115.68300781250005,-33.192871093750014],[115.51533203125004,-33.53134765624996],[115.18164062500003,-33.64345703124998],[115.00878906249997,-34.25585937499996],[115.72626953125004,-34.526074218750026],[115.98671875,-34.79501953125002],[116.51718750000006,-34.98789062499996],[117.58193359375,-35.09775390624996],[118.13554687500007,-34.986621093749974],[118.89531250000007,-34.47988281250002],[119.4505859375,-34.36826171875002],[119.85410156250006,-33.97470703124996],[121.40507812500002,-33.82675781250002],[122.77753906250004,-33.89082031250001],[123.20761718750006,-33.98828124999997],[123.65039062499997,-33.836328125],[124.12607421875006,-33.12939453124997],[124.75878906250003,-32.88271484374998],[125.9171875000001,-32.29697265625002],[127.31982421875003,-32.2640625],[128.06767578125007,-32.06650390624996],[128.94619140625,-31.70263671875],[130.12978515625,-31.57910156249997],[130.78300781250002,-31.60400390624997],[131.14365234375012,-31.495703125000034],[131.72119140625003,-31.696289062500043],[132.21464843750002,-32.00712890625003],[132.75742187500006,-31.95625],[133.2121093750001,-32.18378906249997],[133.55136718750012,-32.18291015624996],[134.23417968750002,-32.548535156250026],[134.10039062500002,-32.74863281250002],[134.30126953125003,-33.16503906250003],[134.79101562499997,-33.3283203125],[135.18544921875005,-33.90673828124997],[135.64755859375012,-34.9396484375],[136.43066406249997,-34.029980468750026],[137.23730468749997,-33.62949218749998],[137.44228515625,-33.19355468749998],[137.85234375000002,-33.200781250000034],[137.9318359375001,-33.579101562500014],[137.4938476562501,-34.161132812500014],[137.39101562500005,-34.91328125000004],[137.01425781250012,-34.91582031250002],[136.88359375000002,-35.23974609375003],[137.69169921875002,-35.14296875000002],[138.0892578125,-34.16982421875001],[138.4899414062501,-34.76357421875001],[138.51113281250005,-35.02441406250003],[138.184375,-35.61269531249998],[139.03769531250012,-35.68925781250003],[139.54873046875005,-36.096679687499986],[139.85732421875005,-36.662109374999986],[139.78427734375006,-37.24580078124997],[140.62724609375002,-38.02841796874998],[141.01093750000004,-38.07695312500002],[141.42421875000005,-38.363476562500026],[141.725,-38.27138671875001],[142.61210937500002,-38.45166015624997],[143.53896484375,-38.82089843749996],[144.66523437500004,-38.209960937500014],[145.79082031250002,-38.66699218749996],[145.93535156250002,-38.90175781250001],[146.85683593750005,-38.66347656249995],[147.39560546875006,-38.21914062500002],[148.2625,-37.83066406250002],[149.29843750000012,-37.80214843749998],[149.93271484375006,-37.52851562500001],[149.96025390625002,-36.84550781249996],[150.19531250000003,-35.833593750000034],[150.69033203125,-35.177734375],[150.9603515625,-34.2970703125],[151.23154296875012,-34.029687499999966],[151.4837890625,-33.34746093749999],[151.81289062500005,-32.90107421875],[152.4704101562501,-32.43906250000002],[152.55927734375004,-32.04570312499999],[152.94394531250012,-31.434863281249974],[153.03056640625007,-30.56337890624998],[153.27236328125005,-29.892480468749994],[153.348046875,-29.290429687499994],[153.60458984375012,-28.8544921875],[153.57568359375003,-28.240527343749974],[153.11679687500006,-27.19443359375002],[153.08417968750004,-26.303808593750034],[153.16494140625,-25.96416015625003],[152.9134765625,-25.43212890625],[152.45634765625007,-24.80244140624997],[152.12988281249997,-24.597558593749966],[151.902734375,-24.200976562500003],[151.50078125000007,-24.01240234375004],[150.84316406250005,-23.458007812499986],[150.76386718750004,-22.576171875],[150.54130859375002,-22.559082031249986],[150.07617187500003,-22.164453124999966],[149.70390625000002,-22.44052734374999],[149.20488281250007,-21.125097656249963],[148.68369140625012,-20.580175781249977],[148.759375,-20.289550781250014],[147.91562500000012,-19.869238281250006],[147.41855468750012,-19.378125],[147.13876953125012,-19.39316406249999],[146.4811523437501,-19.078710937499977],[146.33320312500004,-18.553710937499957],[146.03222656250003,-18.272851562500023],[146.12587890625,-17.63525390624997],[145.90195312500012,-17.070214843749966],[145.42607421875007,-16.406152343750037],[145.45800781250003,-16.05644531250003],[145.27158203125006,-15.476660156250034],[145.28769531250012,-14.943164062499974],[144.64804687500012,-14.492480468750003],[144.473046875,-14.231835937500009],[143.96181640625,-14.462890625000014],[143.75634765624997,-14.34882812500004],[143.54843750000006,-13.741015625000031],[143.58662109375004,-13.443652343750017],[143.4015625000001,-12.639941406249974],[143.11025390625,-12.303515625],[143.17890625000004,-11.954492187500037]]]]},"id":"AUS"},{"type":"Feature","properties":{"name":"Austria","iso_a3":"AUT","adm0_a3":"AUT"},"geometry":{"type":"Polygon","coordinates":[[[16.953125,48.598828125],[16.477929687500023,48.800097656249996],[16.057226562500006,48.754785156249994],[14.97216796875,48.983935546874996],[14.691308593750023,48.59921875],[14.049121093750017,48.602490234375],[13.814746093750017,48.766943359375],[13.409375,48.394140625],[12.814257812500017,48.16083984375],[12.685839843750017,47.669335937499994],[11.716796875,47.58349609375],[11.297949218749977,47.42490234374998],[10.430371093750011,47.541064453124996],[10.312792968750017,47.313427734375],[9.524023437500006,47.52421875],[9.527539062500011,47.270751953125],[9.580273437500011,47.057373046875],[10.452832031250011,46.86494140625],[11.025097656250011,46.796972656250034],[11.244433593750017,46.97568359375],[12.154101562500017,46.93525390625],[12.388281249999977,46.70263671875],[13.7,46.520263671875],[14.503515625,46.417041015624996],[15.000683593750011,46.6259765625],[15.957617187500006,46.677636718749994],[16.093066406250017,46.86328125],[16.453417968750017,47.006787109375],[16.434375,47.367431640625],[17.147363281250023,48.00595703125],[16.953125,48.598828125]]]},"id":"AUT"},{"type":"Feature","properties":{"name":"Azerbaijan","iso_a3":"AZE","adm0_a3":"AZE"},"geometry":{"type":"MultiPolygon","coordinates":[[[[44.7682617187501,39.703515624999966],[44.81718750000002,39.65043945312499],[45.47968750000004,39.00625],[46.11445312500004,38.87778320312506],[45.7663085937501,39.37846679687502],[45.03164062499999,39.76513671875],[44.7682617187501,39.703515624999966]]],[[[46.490625,38.90668945312501],[47.77285156250005,39.648583984374966],[47.99589843750002,39.68393554687498],[48.241992187500074,38.97895507812498],[48.02324218750002,38.81904296874998],[48.592675781249994,38.41108398437501],[48.86875,38.43549804687501],[49.01347656250002,39.13398437500004],[49.36279296874997,39.34956054687498],[49.32441406250004,39.60834960937504],[49.775976562500006,40.58398437500003],[49.226464843749994,41.02622070312506],[49.1066406250001,41.301708984374955],[48.57285156250006,41.84448242187506],[47.86113281250002,41.212744140625034],[47.261132812499994,41.31508789062502],[46.749316406250074,41.812597656250034],[46.42988281250001,41.890966796875],[46.18212890624997,41.65708007812498],[46.61894531250002,41.34375],[46.45791015625002,41.070214843749994],[45.28095703125001,41.449560546875],[45.00136718750002,41.290966796875],[45.5875,40.84692382812503],[45.3761718750001,40.63808593750002],[45.96464843750002,40.233789062499994],[45.78964843750006,39.881103515625],[46.55,39.201416015625],[46.490625,38.90668945312501]]]]},"id":"AZE"},{"type":"Feature","properties":{"name":"Burundi","iso_a3":"BDI","adm0_a3":"BDI"},"geometry":{"type":"Polygon","coordinates":[[[30.553613281249994,-2.400097656249997],[29.93017578125,-2.339550781250011],[29.8681640625,-2.71640625],[29.390234375,-2.80859375],[29.01435546875001,-2.72021484375],[29.224414062500017,-3.053515625],[29.223242187500006,-3.910839843750011],[29.403222656249994,-4.449316406250034],[29.71777343749997,-4.455859375000031],[30.14716796875001,-4.085351562500009],[30.425,-3.5888671875],[30.79023437500001,-3.274609375000011],[30.515039062500023,-2.917578125],[30.553613281249994,-2.400097656249997]]]},"id":"BDI"},{"type":"Feature","properties":{"name":"Belgium","iso_a3":"BEL","adm0_a3":"BEL"},"geometry":{"type":"Polygon","coordinates":[[[5.993945312500074,50.75043945312498],[5.8271484375,51.12563476562502],[4.503417968749972,51.474707031250006],[4.226171874999977,51.38647460937497],[3.90205078125004,51.20766601562505],[3.350097656250028,51.37768554687506],[2.524902343750057,51.09711914062498],[2.83974609375008,50.711767578125006],[4.174609375000045,50.246484374999966],[4.867578125000023,49.788134765625045],[5.789746093750011,49.53828125],[5.744042968750023,49.91962890625],[6.116503906250017,50.120996093749994],[6.364453125000068,50.31616210937506],[5.993945312500074,50.75043945312498]]]},"id":"BEL"},{"type":"Feature","properties":{"name":"Benin","iso_a3":"BEN","adm0_a3":"BEN"},"geometry":{"type":"Polygon","coordinates":[[[3.595410156250011,11.6962890625],[2.878125,12.367724609374989],[2.366015625000017,12.221923828125],[2.38916015625,11.897070312499991],[1.980371093750023,11.418408203124997],[1.4267578125,11.447119140624991],[0.900488281250006,10.993261718749991],[0.779980468750011,10.359570312499997],[1.330078125,9.996972656249994],[1.42431640625,9.285009765624991],[1.600195312500006,9.050048828125],[1.62265625,6.216796875],[2.706445312499994,6.369238281249991],[2.774609375000011,6.711718749999989],[2.68603515625,7.873730468749997],[2.774804687500023,9.048535156249997],[3.044921875,9.083837890624991],[3.3251953125,9.778466796874994],[3.557226562500006,9.907324218749991],[3.576562500000023,10.268359374999989],[3.83447265625,10.607421875],[3.71640625,11.07958984375],[3.48779296875,11.395410156249994],[3.595410156250011,11.6962890625]]]},"id":"BEN"},{"type":"Feature","properties":{"name":"Burkina Faso","iso_a3":"BFA","adm0_a3":"BFA"},"geometry":{"type":"Polygon","coordinates":[[[2.38916015625,11.897070312499991],[2.09140625,12.277978515624994],[2.073828125,12.713964843749991],[1.56494140625,12.635400390624994],[0.9873046875,13.041894531249994],[0.977734375000011,13.551953125],[0.6181640625,13.703417968750003],[0.163867187500017,14.497216796874994],[0.217480468750011,14.911474609374991],[-0.235888671874989,15.059423828124991],[-0.760449218749983,15.047753906249994],[-1.049560546875,14.81953125],[-1.767773437499983,14.486035156249997],[-2.113232421874983,14.16845703125],[-2.457226562499983,14.274121093749997],[-3.198437499999983,13.6728515625],[-3.3017578125,13.28076171875],[-3.575781249999977,13.194189453124991],[-4.05117187499999,13.38242187499999],[-4.328710937499977,13.119042968749994],[-4.227099609374989,12.793701171875],[-4.480615234374994,12.672216796874991],[-4.4287109375,12.337597656249997],[-4.797949218749977,12.032128906249994],[-5.288134765624989,11.827929687499989],[-5.299853515624989,11.205957031249994],[-5.490478515625,11.042382812499994],[-5.523535156249977,10.426025390625],[-5.099853515625,10.241601562499994],[-4.969921874999983,9.930078125000051],[-4.625830078124977,9.713574218749997],[-3.877636718749983,9.89492187499999],[-3.223535156249994,9.895458984374997],[-2.695849609374989,9.481347656249994],[-2.78662109375,10.401904296874989],[-2.914892578124977,10.592333984374989],[-2.829931640624977,10.998388671874991],[-0.701416015625,10.988964843749997],[-0.068603515625,11.115625],[0.900488281250006,10.993261718749991],[1.4267578125,11.447119140624991],[1.980371093750023,11.418408203124997],[2.38916015625,11.897070312499991]]]},"id":"BFA"},{"type":"Feature","properties":{"name":"Bangladesh","iso_a3":"BGD","adm0_a3":"BGD"},"geometry":{"type":"Polygon","coordinates":[[[92.57490234374998,21.97807617187499],[92.49140625000004,22.685400390625006],[92.36162109375007,22.92900390624999],[92.24609374999997,23.68359374999997],[91.93789062500005,23.504687500000045],[91.61953125000005,22.97968750000001],[91.31523437500002,23.104394531250108],[91.16044921875002,23.66064453125003],[91.36708984375005,24.093505859375],[91.87695312499997,24.195312500000057],[92.25126953124996,24.895068359375045],[92.04970703125,25.169482421875017],[90.43935546875005,25.15771484375],[89.81406250000012,25.305371093749983],[89.82294921875004,25.94140624999997],[89.28925781250004,26.03759765625003],[89.10830078125005,26.202246093750006],[88.44042968750003,26.369482421875063],[88.0845703125,25.888232421875074],[88.45234375000004,25.574414062499983],[88.45625,25.188427734374955],[88.14550781249997,24.485791015624983],[88.7335937500001,24.23090820312501],[88.56738281249997,23.674414062499977],[88.74082031250012,23.43662109375012],[89.0514648437501,22.093164062499966],[89.23427734375,21.72236328125001],[89.8119140625,21.983496093750006],[90.15878906250006,21.816845703124983],[90.58945312500006,22.258447265624994],[90.43505859374997,22.751904296874983],[90.63359375000007,23.09423828125],[90.94560546875007,22.597021484375034],[91.48212890625004,22.797412109375017],[91.69296875000006,22.504785156249994],[92.00800781250004,21.68476562500001],[92.0560546875,21.17480468750003],[92.32412109375005,20.791845703124977],[92.17958984375,21.293115234374966],[92.59345703125004,21.467333984375017],[92.57490234374998,21.97807617187499]]]},"id":"BGD"},{"type":"Feature","properties":{"name":"Bulgaria","iso_a3":"BGR","adm0_a3":"BGR"},"geometry":{"type":"Polygon","coordinates":[[[28.585351562500023,43.742236328124996],[27.0869140625,44.167382812499994],[26.2158203125,44.007275390625],[25.4970703125,43.670800781249994],[23.224609375,43.873876953125],[22.705078125,44.23779296875003],[22.420800781249994,44.00742187499998],[22.554589843750023,43.454492187499994],[22.976855468750017,43.18798828125],[22.466796875,42.84248046875],[22.34404296874999,42.31396484375003],[22.836816406250023,41.993603515625],[23.005664062500017,41.716943359374994],[22.916015625,41.33627929687498],[23.635156250000023,41.386767578124996],[24.056054687500023,41.527246093749994],[25.25117187500001,41.243554687499994],[26.155175781250023,41.434863281249996],[26.320898437500006,41.716552734375],[26.615332031250006,41.964892578124996],[27.294921875,42.079541015625],[28.014453125000017,41.969042968749996],[27.484765625000023,42.468066406249996],[27.88886718750001,42.74970703125],[27.92890625000001,43.1861328125],[28.465429687500006,43.389306640624994],[28.585351562500023,43.742236328124996]]]},"id":"BGR"},{"type":"Feature","properties":{"name":"Bahamas","iso_a3":"BHS","adm0_a3":"BHS"},"geometry":{"type":"Polygon","coordinates":[[[-77.74384765624998,24.707421875000023],[-78.03330078124998,25.143115234375045],[-78.29882812499997,24.75390625],[-78.04492187499994,24.287451171875006],[-77.74384765624998,24.707421875000023]]]},"id":"BHS"},{"type":"Feature","properties":{"name":"Bosnia and Herz.","iso_a3":"BIH","adm0_a3":"BIH"},"geometry":{"type":"Polygon","coordinates":[[[19.007128906250074,44.86918945312496],[18.662597656250057,45.07744140625002],[17.812792968750045,45.078125],[16.53066406250005,45.216699218749966],[16.293359375000023,45.00883789062499],[15.788085937500028,45.178955078125],[15.736621093750017,44.765820312499955],[16.21425781250005,44.21513671875002],[17.624804687500017,43.04277343750002],[17.58515625000001,42.938378906249966],[17.667578125000034,42.897119140624994],[18.436328125000017,42.559716796874994],[18.44384765625,42.96845703125],[18.940234375000017,43.496728515624994],[19.1943359375,43.53330078125],[19.583789062500045,44.04345703125006],[19.15185546875,44.30253906249999],[19.356835937499994,44.85854492187502],[19.007128906250074,44.86918945312496]]]},"id":"BIH"},{"type":"Feature","properties":{"name":"Belarus","iso_a3":"BLR","adm0_a3":"BLR"},"geometry":{"type":"Polygon","coordinates":[[[28.14794921874997,56.14291992187498],[27.576757812500006,55.798779296875],[26.593554687500017,55.667529296874996],[26.175195312500023,55.003271484375],[25.859277343749994,54.919287109375006],[25.54736328125,54.331835937499996],[24.768164062500006,53.974658203124996],[23.484667968750017,53.939794921875034],[23.887109375000023,53.0275390625],[23.8447265625,52.664208984375],[23.19697265625001,52.25693359375],[23.652441406250006,52.040380859375],[23.605273437500017,51.517919921875],[24.361914062500006,51.867529296875],[25.92529296875,51.913525390625],[27.141992187500023,51.75205078125],[27.270117187500006,51.613574218749996],[28.599023437500023,51.542626953124994],[29.135644531250023,51.61728515625],[29.346484375000017,51.382568359375],[30.533007812500017,51.596337890624994],[30.98066406250001,52.046191406249996],[31.76337890625001,52.10107421875],[31.57734375000001,52.312304687499996],[31.417871093749994,53.19604492187503],[32.141992187499994,53.09116210937498],[32.70429687500001,53.336328125],[31.7919921875,54.055908203125],[31.403613281250017,54.195947265625],[31.12128906250001,54.648486328124996],[30.906835937500006,55.57001953125],[30.23359375000001,55.84521484375],[29.482226562500017,55.6845703125],[28.14794921874997,56.14291992187498]]]},"id":"BLR"},{"type":"Feature","properties":{"name":"Belize","iso_a3":"BLZ","adm0_a3":"BLZ"},"geometry":{"type":"Polygon","coordinates":[[[-89.161474609375,17.814843750000023],[-89.2375,15.894433593749994],[-88.89404296875,15.890625],[-88.31342773437498,16.632763671874983],[-88.27172851562503,17.60986328125],[-88.09721679687499,18.12163085937499],[-88.295654296875,18.47241210937497],[-88.52299804687496,18.445898437499977],[-88.80634765624995,17.965527343749983],[-89.161474609375,17.814843750000023]]]},"id":"BLZ"},{"type":"Feature","properties":{"name":"Bolivia","iso_a3":"BOL","adm0_a3":"BOL"},"geometry":{"type":"Polygon","coordinates":[[[-62.650976562500034,-22.23369140624996],[-62.27666015624999,-21.066015625],[-62.276318359375,-20.5625],[-61.916943359375,-20.05537109375001],[-61.7568359375,-19.6453125],[-60.00737304687499,-19.29755859375001],[-59.09052734375,-19.286230468750006],[-58.18017578125,-19.81787109375],[-58.15976562499999,-20.164648437500006],[-58.131494140624994,-19.74453125],[-57.800390625000034,-19.08095703124998],[-57.57402343749999,-18.279296875],[-57.832470703125,-17.512109375],[-58.39599609375,-17.23427734375001],[-58.537939453125006,-16.328222656249977],[-60.17558593749999,-16.269335937500003],[-60.29887695312502,-14.618554687500009],[-60.506591796875,-13.78984375],[-61.077001953125006,-13.48974609375],[-61.789941406249994,-13.525585937500011],[-62.17607421874999,-13.133691406250009],[-62.765478515625006,-12.997265625000026],[-63.06748046874999,-12.669140625000011],[-63.58564453125,-12.518945312500009],[-64.42050781250003,-12.43974609374996],[-64.51342773437503,-12.250976562499957],[-64.99252929687503,-11.975195312499991],[-65.389892578125,-11.246289062500011],[-65.33403320312499,-10.892773437500011],[-65.4369140625,-10.449023437500003],[-65.31308593749999,-10.253027343750006],[-65.39614257812502,-9.712402343749972],[-66.26357421875,-9.826074218750009],[-66.72998046875,-9.975488281250009],[-67.582421875,-10.505957031250006],[-68.07167968750002,-10.703125],[-68.39799804687499,-11.01875],[-69.57861328125,-10.951757812500006],[-68.68525390625,-12.501953125],[-68.97861328124999,-12.880078125000011],[-69.07412109375,-13.682812500000011],[-68.880322265625,-14.198828125],[-69.23491210937499,-14.597070312500009],[-69.37470703125,-14.962988281250006],[-69.17246093749999,-15.236621093750003],[-69.41850585937499,-15.603417968750009],[-69.21757812499999,-16.14912109375001],[-68.9134765625,-16.26191406250001],[-69.020703125,-16.6421875],[-69.62485351562499,-17.2001953125],[-69.5109375,-17.50605468750001],[-69.31337890625002,-17.943164062500003],[-69.09394531250001,-18.05048828125001],[-68.96831054687499,-18.96796875000001],[-68.462890625,-19.43281250000001],[-68.69829101562499,-19.72109375],[-68.74516601562499,-20.45859375],[-68.197021484375,-21.30029296875],[-67.98837890625,-22.057128906249957],[-67.87944335937502,-22.82294921875001],[-67.19487304687499,-22.821679687500023],[-66.71171874999999,-22.21630859375],[-66.365185546875,-22.11376953125],[-66.098583984375,-21.835058593750006],[-65.77104492187502,-22.099609375],[-65.05781250000001,-22.10273437500001],[-64.60551757812499,-22.228808593750003],[-64.373974609375,-22.761035156250003],[-63.97612304687499,-22.07255859374999],[-63.81865234374999,-22.00546875],[-62.84335937499999,-21.99726562500001],[-62.650976562500034,-22.23369140624996]]]},"id":"BOL"},{"type":"Feature","properties":{"name":"Brazil","iso_a3":"BRA","adm0_a3":"BRA"},"geometry":{"type":"MultiPolygon","coordinates":[[[[-57.60888671875,-30.18779296875003],[-57.214453125000034,-30.28339843749997],[-56.83271484375,-30.107226562500003],[-56.17617187499999,-30.62841796875],[-55.873681640624994,-31.069628906250003],[-55.55732421875,-30.8759765625],[-55.254638671875,-31.2255859375],[-54.587646484375,-31.48515625],[-54.220556640625006,-31.855175781249983],[-53.76171875,-32.05683593750001],[-53.601708984374994,-32.40302734375001],[-53.125585937500034,-32.73671875],[-53.531347656250006,-33.170898437499986],[-53.37060546875,-33.7421875],[-52.652246093749966,-33.13779296874999],[-52.12739257812498,-32.16777343749999],[-52.193554687499955,-31.88554687499996],[-51.97246093749993,-31.38378906249997],[-51.46367187499993,-31.05263671875001],[-51.15727539062496,-30.3642578125],[-50.29951171875001,-30.425781250000014],[-49.74599609374994,-29.36318359374998],[-49.27128906249996,-28.871191406250034],[-48.79965820312498,-28.575292968749963],[-48.620800781249955,-28.075585937500037],[-48.554150390624955,-27.195996093749983],[-48.677734375,-26.70292968749999],[-48.545166015625,-25.81591796875003],[-47.876562500000034,-24.997460937499994],[-46.867285156250034,-24.236328125],[-45.972070312499994,-23.79550781249999],[-45.42329101562501,-23.685351562500017],[-44.63725585937502,-23.055468750000045],[-43.866162109374955,-22.910546875],[-43.53281249999998,-23.04638671874997],[-42.95830078125002,-22.967089843749974],[-42.04238281250002,-22.94707031249999],[-41.98041992187501,-22.580664062500034],[-41.705517578124955,-22.309667968749977],[-41.12250976562501,-22.084375],[-41.047265624999966,-21.50566406249996],[-40.78925781249998,-20.906054687500017],[-40.395947265624955,-20.569433593750006],[-40.001367187499966,-19.741992187500017],[-39.699853515624994,-19.277832031249943],[-39.73979492187496,-18.63984375],[-39.48676757812501,-17.99013671874998],[-39.15400390624998,-17.703906250000017],[-39.21523437499994,-17.31582031250001],[-38.88061523437497,-15.864257812499957],[-39.05957031250003,-14.654785156250028],[-38.942333984374955,-14.030664062499966],[-39.08935546874997,-13.588183593749974],[-38.83530273437498,-13.147167968750011],[-38.78798828124994,-12.782714843750014],[-38.23974609374997,-12.844238281250028],[-37.688720703125,-12.1],[-37.41181640624998,-11.497265624999969],[-36.93779296874996,-10.820410156250006],[-36.398339843749994,-10.484082031249969],[-35.34086914062496,-9.230664062499969],[-35.15776367187496,-8.930566406250023],[-34.834667968749955,-7.971484375000031],[-34.80546874999993,-7.28837890624996],[-34.988183593749966,-6.39375],[-35.23544921874998,-5.566699218750031],[-35.54941406249998,-5.129394531250028],[-35.97988281250002,-5.054394531250026],[-36.59072265624994,-5.097558593750023],[-37.17465820312498,-4.91240234374996],[-38.048828125,-4.21640625],[-38.475781249999926,-3.717480468749969],[-39.964697265625034,-2.861523437500026],[-40.47456054687498,-2.795605468750011],[-41.318212890625006,-2.936230468749969],[-41.87617187499998,-2.746582031249972],[-42.24960937499995,-2.791992187499986],[-42.936718749999955,-2.465039062499997],[-43.93291015624996,-2.583496093749972],[-44.30815429687493,-2.535156249999972],[-44.65126953125002,-1.745800781250011],[-45.076367187499955,-1.46640625000002],[-45.64477539062503,-1.347851562500026],[-46.219140624999966,-1.03125],[-46.61723632812499,-0.970605468750009],[-46.81123046874998,-0.7796875],[-47.398095703124994,-0.626660156250011],[-48.11508789062495,-0.7375],[-48.991308593750034,-1.829785156249983],[-49.31367187499998,-1.731738281249989],[-49.71953125,-1.926367187500034],[-49.999218749999926,-1.83183593749996],[-50.403222656249994,-2.01552734374998],[-50.69003906249998,-1.761718749999972],[-50.91787109374994,-1.115234374999986],[-51.29736328125,-1.223535156250023],[-51.94755859374993,-1.586718750000017],[-51.70263671874994,-0.76230468750002],[-51.28291015624998,-0.085205078125014],[-50.816357421874955,0.172558593750011],[-50.29443359374994,0.835742187500031],[-49.89887695312501,1.162988281249994],[-49.95712890624998,1.659863281249969],[-50.458886718749966,1.82958984375],[-50.65893554687494,2.13095703125002],[-51.052392578124994,3.281835937500006],[-51.219921874999926,4.093603515625006],[-51.652539062499955,4.061279296875],[-51.990625,3.702001953124977],[-52.700634765624955,2.36367187499999],[-52.96484374999997,2.183544921874983],[-53.767773437499955,2.354833984374977],[-54.130078124999955,2.12104492187504],[-54.61625976562499,2.326757812499991],[-55.00581054687501,2.59296875],[-56.12939453125,2.299511718749997],[-56.01992187500002,1.842236328124997],[-56.4828125,1.942138671875014],[-56.83671874999999,1.88125],[-57.118896484375,2.013964843749989],[-57.59443359375,1.7041015625],[-58.34067382812499,1.587548828124994],[-58.51186523437502,1.28466796875],[-58.8625,1.20361328125],[-59.23120117187503,1.37602539062496],[-59.756201171875034,1.900634765624986],[-59.755224609375006,2.274121093749969],[-59.9943359375,2.689990234374989],[-59.854394531249994,3.5875],[-59.551123046875006,3.933544921874997],[-59.833349609375034,4.475927734375006],[-60.11113281249999,4.511181640624997],[-59.990673828125,5.082861328124991],[-60.142041015625,5.238818359374989],[-60.742138671875,5.202050781249994],[-60.60449218750003,4.994580078124969],[-61.002832031249994,4.535253906250006],[-62.153125,4.098388671875],[-62.712109374999955,4.017919921875048],[-62.968652343749994,3.593945312499997],[-63.29472656249999,3.922265625],[-64.021484375,3.92910156249998],[-64.25566406250002,4.140332031250026],[-64.56791992187493,3.899804687500051],[-64.22109375,3.58740234375],[-64.21884765624998,3.2046875],[-63.92416992187498,2.45244140624996],[-63.38925781249998,2.411914062499974],[-63.393945312499966,2.22250976562502],[-64.03544921874999,1.904443359374966],[-64.11484375,1.619287109374966],[-65.10375976562494,1.108105468749997],[-65.36083984375,0.868652343749986],[-65.68144531249996,0.983447265625003],[-66.06005859375,0.785351562499969],[-66.42924804687499,0.821679687500009],[-66.87602539062496,1.223046874999966],[-67.35195312500002,2.08583984374998],[-67.81508789062497,1.790087890625031],[-68.17656249999999,1.71982421875002],[-69.84858398437498,1.708740234374972],[-69.8521484375,1.059521484374969],[-69.36137695312496,1.064013671874989],[-69.163232421875,0.864062500000017],[-70.05390624999998,0.578613281250043],[-70.07050781250001,-0.138867187500026],[-69.66748046874997,-0.482421875000028],[-69.40024414062495,-1.194921874999963],[-69.66904296875,-2.667675781249969],[-69.96591796875,-4.2359375],[-70.79951171875001,-4.173339843750028],[-70.97368164062499,-4.350488281250009],[-71.8447265625,-4.50439453125],[-72.69873046875,-5.0671875],[-72.88706054687499,-5.122753906250011],[-72.9798828125,-5.634863281250006],[-73.235546875,-6.0984375],[-73.137353515625,-6.4658203125],[-73.75810546874999,-6.90576171875],[-73.749462890625,-7.335351562500009],[-74.00205078125,-7.556054687499952],[-73.54912109375002,-8.345800781249991],[-72.9740234375,-8.9931640625],[-73.209423828125,-9.411425781250003],[-72.37905273437502,-9.51015625],[-72.181591796875,-10.003710937500003],[-71.237939453125,-9.966015625000026],[-70.63691406250001,-9.47822265625004],[-70.642333984375,-11.01025390625],[-70.220068359375,-11.047656250000031],[-69.57861328125,-10.951757812500006],[-68.39799804687499,-11.01875],[-68.07167968750002,-10.703125],[-67.582421875,-10.505957031250006],[-66.72998046875,-9.975488281250009],[-66.26357421875,-9.826074218750009],[-65.39614257812502,-9.712402343749972],[-65.31308593749999,-10.253027343750006],[-65.4369140625,-10.449023437500003],[-65.33403320312499,-10.892773437500011],[-65.389892578125,-11.246289062500011],[-64.99252929687503,-11.975195312499991],[-64.51342773437503,-12.250976562499957],[-64.42050781250003,-12.43974609374996],[-63.58564453125,-12.518945312500009],[-63.06748046874999,-12.669140625000011],[-62.765478515625006,-12.997265625000026],[-62.17607421874999,-13.133691406250009],[-61.789941406249994,-13.525585937500011],[-61.077001953125006,-13.48974609375],[-60.506591796875,-13.78984375],[-60.29887695312502,-14.618554687500009],[-60.17558593749999,-16.269335937500003],[-58.537939453125006,-16.328222656249977],[-58.39599609375,-17.23427734375001],[-57.832470703125,-17.512109375],[-57.57402343749999,-18.279296875],[-57.800390625000034,-19.08095703124998],[-58.131494140624994,-19.74453125],[-58.15976562499999,-20.164648437500006],[-57.830224609374994,-20.99794921875001],[-57.985693359375034,-22.046386718749986],[-56.937255859375,-22.271289062500003],[-56.52382812500002,-22.10253906249997],[-55.84916992187499,-22.3076171875],[-55.654052734375,-22.810351562500003],[-55.366308593750006,-23.99101562500003],[-54.62548828125,-23.8125],[-54.24179687499999,-24.047265625],[-54.47314453125003,-25.220214843749986],[-54.615869140624994,-25.57607421875001],[-54.15458984374996,-25.52304687500005],[-53.89116210937496,-25.668847656249994],[-53.671289062499994,-26.225097656249986],[-53.83818359374999,-27.12109375],[-54.327001953125006,-27.423535156249983],[-54.82910156249997,-27.550585937500017],[-55.10151367187498,-27.86679687500005],[-55.725488281249994,-28.204101562500014],[-56.938623046874966,-29.59482421875002],[-57.60888671875,-30.18779296875003]]],[[[-51.83251953124994,-1.43378906250004],[-51.276318359374955,-1.021777343750031],[-51.16074218749995,-0.666699218749997],[-51.54604492187502,-0.649609374999983],[-51.83251953124994,-1.43378906250004]]],[[[-49.62866210937503,-0.22919921875004],[-50.248242187499955,-0.116406249999969],[-50.64550781249997,-0.272851562499966],[-50.77138671874994,-0.645410156250009],[-50.75976562499997,-1.240234374999957],[-50.50761718749993,-1.787988281249994],[-49.58789062499997,-1.712402343749957],[-48.92890625000001,-1.48232421874998],[-48.53969726562494,-0.800976562499997],[-48.3796875,-0.352832031250003],[-49.11699218749996,-0.163574218749986],[-49.62866210937503,-0.22919921875004]]]]},"id":"BRA"},{"type":"Feature","properties":{"name":"Brunei","iso_a3":"BRN","adm0_a3":"BRN"},"geometry":{"type":"Polygon","coordinates":[[[115.0267578125,4.899707031250003],[114.29941406250006,4.607177734375014],[114.06386718750005,4.59267578124998],[114.60830078125,4.023974609375031],[114.840234375,4.393212890625023],[114.74667968750006,4.718066406250045],[115.0267578125,4.899707031250003]]]},"id":"BRN"},{"type":"Feature","properties":{"name":"Bhutan","iso_a3":"BTN","adm0_a3":"BTN"},"geometry":{"type":"Polygon","coordinates":[[[91.63193359375003,27.759960937499997],[91.60556640625003,27.951708984374996],[90.35273437500001,28.080224609374994],[89.98105468750003,28.311181640624994],[89.53691406249999,28.107421875],[88.89140624999999,27.316064453124994],[88.85761718750001,26.961474609374996],[89.76386718750001,26.7015625],[90.34589843750001,26.890332031249997],[90.7396484375,26.771679687500097],[91.99833984374999,26.85498046875],[92.08339843750002,27.290625],[91.5947265625,27.557666015624996],[91.63193359375003,27.759960937499997]]]},"id":"BTN"},{"type":"Feature","properties":{"name":"Botswana","iso_a3":"BWA","adm0_a3":"BWA"},"geometry":{"type":"Polygon","coordinates":[[[25.2587890625,-17.793554687500006],[24.358984375,-17.97822265625001],[23.58056640625,-18.452929687500003],[23.298632812500017,-18.02734375],[20.97412109375,-18.31884765625],[20.976171875,-19.74433593750001],[20.970996093750017,-22.00019531250001],[19.977343750000017,-22.00019531250001],[19.98046875,-24.77675781250001],[20.34521484375,-25.029882812500006],[20.79316406250001,-25.915625],[20.626757812500017,-26.44384765625],[20.73984375,-26.84882812500001],[21.646289062500017,-26.85419921875001],[22.090917968750006,-26.580175781250006],[22.640234375,-26.07119140625001],[22.878808593750023,-25.45791015625001],[23.266015625000023,-25.2666015625],[23.89375,-25.600878906250003],[24.748144531250006,-25.8173828125],[25.583789062500017,-25.60625],[25.912109375,-24.74746093750001],[26.397167968749983,-24.61357421875003],[26.835058593750006,-24.240820312500006],[27.146386718750023,-23.5244140625],[27.890527343750023,-23.07392578125001],[28.21015625000001,-22.693652343750003],[28.83984374999997,-22.480859375000037],[29.36484375,-22.193945312500006],[29.03730468750001,-21.811328125],[28.04560546875001,-21.573046875],[27.66943359375,-21.064257812500003],[27.699609375000023,-20.53066406250001],[27.28076171875,-20.47871093750001],[27.221484375000017,-20.145800781250003],[26.67822265625,-19.89277343750001],[26.168066406250006,-19.53828125000001],[25.76123046875,-18.64921875],[25.224023437500023,-17.91523437500001],[25.2587890625,-17.793554687500006]]]},"id":"BWA"},{"type":"Feature","properties":{"name":"Central African Rep.","iso_a3":"CAF","adm0_a3":"CAF"},"geometry":{"type":"Polygon","coordinates":[[[22.86005859375001,10.919677734375],[22.49384765625001,10.996240234374994],[21.70654296875,10.574804687499991],[21.72578125000001,10.366552734374991],[21.26386718750001,9.974609375],[20.773242187500017,9.405664062499994],[20.342089843750017,9.127099609374994],[19.1455078125,9.015966796874991],[19.108691406250017,8.656152343749994],[18.455078125,8.032031249999989],[17.6494140625,7.98359375],[16.784765625,7.550976562499997],[16.37890625,7.683544921874997],[15.845019531250017,7.475292968749997],[15.480078125,7.523779296874991],[15.245898437500017,7.263574218749994],[14.7392578125,6.27978515625],[14.616894531250011,5.865136718749994],[14.708984375,4.665576171874989],[15.022753906250017,4.358544921874994],[15.128710937500017,3.826904296875],[15.775,3.127197265625],[16.0634765625,2.90859375],[16.183398437500017,2.270068359374989],[16.468554687500017,2.831738281249997],[16.67333984375,3.535205078124989],[17.43798828125,3.684619140624989],[18.160937500000017,3.499804687499989],[18.6103515625,3.478417968749994],[18.567480468750006,4.257568359375],[19.06855468750001,4.891406249999989],[19.5009765625,5.127490234374989],[19.806542968750023,5.089306640624997],[20.226367187500017,4.829638671874989],[20.55810546875,4.462695312499989],[21.53759765625,4.244824218749997],[22.422167968750017,4.134960937499997],[22.755761718750023,4.646679687499997],[23.41718750000001,4.663134765624989],[24.31982421875,4.994140625],[24.765527343750023,4.93007812499999],[25.249316406250017,5.024560546874994],[25.52509765625001,5.31210937499999],[26.822070312500017,5.062402343749994],[27.11494140625001,5.197851562499991],[27.4033203125,5.109179687499989],[27.083398437500023,5.77685546875],[26.514257812500006,6.069238281249994],[26.36181640625,6.635302734374989],[25.888964843750017,7.06494140625],[25.380664062500017,7.333398437499994],[25.247363281250017,7.724560546874997],[24.853320312500017,8.137548828124991],[24.291406250000023,8.29140625],[24.147363281250023,8.665625],[23.53730468750001,8.815820312499994],[23.646289062500017,9.822900390624994],[23.312304687500017,10.387939453125],[22.86005859375001,10.919677734375]]]},"id":"CAF"},{"type":"Feature","properties":{"name":"Canada","iso_a3":"CAN","adm0_a3":"CAN"},"geometry":{"type":"MultiPolygon","coordinates":[[[[-61.105175781249955,45.944726562499966],[-60.57685546874998,46.17216796875002],[-60.331738281249955,46.76782226562506],[-60.87016601562496,46.796777343749994],[-61.495312499999955,45.94145507812502],[-61.28369140625,45.573876953124994],[-60.386083984375006,45.654638671875006],[-59.86503906250002,46.159521484375034],[-60.50493164062499,46.203857421875],[-60.806103515624955,45.73808593749996],[-61.105175781249955,45.944726562499966]]],[[[-63.81127929687497,46.468701171874955],[-63.64101562500002,46.23046875],[-62.87836914062498,46.00136718750005],[-62.16357421875003,46.487207031249994],[-63.12939453124997,46.42221679687498],[-63.81127929687497,46.468701171874955]]],[[[-74.70888671874994,45.003857421874955],[-71.51752929687501,45.007568359375],[-71.32729492187497,45.29008789062499],[-70.89799804687502,45.26245117187506],[-70.29624023437498,45.906103515625006],[-70.00771484375,46.708935546874955],[-69.24287109374995,47.462988281250006],[-68.82871093749998,47.203320312499955],[-68.31088867187498,47.35449218750003],[-67.80678710937497,47.08281250000002],[-67.78466796874997,45.70170898437502],[-67.43266601562496,45.603125],[-67.47255859375,45.27587890625003],[-67.12485351562503,45.16943359375003],[-66.87246093749994,45.067285156249994],[-65.88447265624993,45.222900390625],[-64.89790039062493,45.62597656250003],[-64.448828125,45.25605468749998],[-65.65673828125,44.76030273437499],[-66.09956054687495,44.36748046874999],[-66.12573242187497,43.81381835937498],[-65.73813476562495,43.56074218750001],[-64.86235351562499,43.86787109374998],[-64.28608398437498,44.55034179687502],[-63.761132812499966,44.48642578125006],[-61.283789062500034,45.235498046874966],[-61.49228515624995,45.68701171875003],[-61.95551757812501,45.8681640625],[-62.48305664062502,45.621826171875],[-63.29277343749996,45.75195312500003],[-64.54150390624997,46.24033203125006],[-64.90576171875003,46.887939453125],[-65.31889648437499,47.10122070312502],[-64.91220703125,47.36865234374997],[-64.70322265624998,47.72485351562497],[-65.228173828125,47.811279296875],[-65.66645507812501,47.69614257812498],[-65.92670898437501,48.188867187499994],[-65.25942382812497,48.02124023437506],[-64.25375976562498,48.550390625000034],[-64.26181640625003,48.921875],[-64.836328125,49.191748046875034],[-66.17817382812498,49.21313476562506],[-67.56088867187495,48.85595703125003],[-68.98706054687497,48.275],[-70.51948242187498,47.03251953124996],[-71.26118164062501,46.75625],[-71.90092773437496,46.63193359374998],[-73.15957031249997,46.010058593750045],[-73.55810546874997,45.42509765624996],[-74.70888671874994,45.003857421874955]]],[[[-61.801123046875006,49.093896484374994],[-61.81713867187497,49.283544921875006],[-62.85854492187494,49.70546875],[-64.1314453125,49.94165039062506],[-63.56586914062498,49.399316406249966],[-62.21953125,49.0791015625],[-61.801123046875006,49.093896484374994]]],[[[-127.19731445312502,50.64038085937503],[-127.91806640625005,50.86054687500004],[-128.26743164062498,50.609277343749994],[-127.11430664062499,49.879736328125034],[-126.68310546874999,49.87646484375],[-126.54853515625001,49.41894531250006],[-125.83544921874996,49.27666015625002],[-125.82851562499997,49.09184570312502],[-124.68940429687497,48.597314453124994],[-123.59462890624997,48.33354492187499],[-123.49702148437497,48.58208007812499],[-123.99580078124998,49.22402343750005],[-124.64287109375,49.42866210937498],[-125.482080078125,50.31679687499999],[-127.19731445312502,50.64038085937503]]],[[[-55.458740234375,51.536523437499994],[-56.025585937499926,51.568359375],[-56.750195312499955,51.27490234374997],[-57.297998046874994,50.69873046875],[-58.015820312499955,49.54248046875],[-58.716455078124966,48.598046874999966],[-58.710595703124994,48.325048828125034],[-59.362402343750006,47.86567382812498],[-59.116943359375,47.57070312500002],[-58.333203124999955,47.67685546875006],[-56.952490234375034,47.57446289062497],[-56.221289062500006,47.67138671875],[-54.85664062500001,47.38500976562503],[-53.86909179687498,47.38701171874999],[-54.173730468749966,46.88037109374997],[-53.616357421874994,46.68027343749998],[-53.069775390624955,46.68125],[-52.65366210937498,47.549414062500034],[-53.175537109375,47.652978515624994],[-52.954980468749994,48.029296875],[-53.53120117187498,48.23188476562498],[-53.85288085937498,48.81132812499999],[-53.573437499999955,49.141210937500034],[-53.95771484375001,49.44184570312501],[-54.579052734374926,49.490820312500034],[-55.02617187499999,49.30537109375001],[-55.89204101562498,49.580273437499955],[-55.764746093750006,49.96044921874997],[-56.69399414062494,50.059667968750034],[-55.87138671874996,50.907373046874966],[-55.458740234375,51.536523437499994]]],[[[-80.73168945312503,52.74726562500001],[-81.13559570312498,53.20581054687497],[-81.84731445312502,53.186279296875],[-81.83906249999993,52.95791015625002],[-80.73168945312503,52.74726562500001]]],[[[-131.75371093749996,53.19555664062503],[-132.34541015624998,53.13608398437498],[-132.16508789062502,52.78330078125006],[-131.727294921875,52.75639648437499],[-131.75371093749996,53.19555664062503]]],[[[-132.655517578125,54.12749023437499],[-133.05224609375,53.778125],[-132.747509765625,53.31049804687498],[-132.01132812500003,53.26518554687499],[-131.70253906250002,53.98637695312502],[-132.655517578125,54.12749023437499]]],[[[-78.93559570312493,56.26606445312501],[-79.596337890625,56.24448242187498],[-80.00078125,55.93208007812501],[-79.17548828124995,55.88505859375002],[-78.93559570312493,56.26606445312501]]],[[[-79.5453125,62.41171875],[-80.23466796875002,62.15268554687498],[-80.27617187499993,61.85859375000001],[-79.71425781249994,61.61254882812497],[-79.32392578125001,62.02607421875004],[-79.5453125,62.41171875]]],[[[-82.00048828124994,62.954199218750034],[-83.37641601562495,62.90493164062502],[-83.89926757812498,62.47646484375005],[-83.69887695312502,62.160253906250006],[-83.01582031249995,62.20991210937501],[-82.11372070312493,62.652246093749966],[-82.00048828124994,62.954199218750034]]],[[[-84.91962890624993,65.26108398437498],[-85.24111328124997,65.79550781250003],[-85.96166992187494,65.70424804687502],[-86.374267578125,64.5658203125],[-86.25209960937497,64.136865234375],[-87.18891601562495,63.67226562500002],[-85.71416015624999,63.65795898437506],[-85.49550781250002,63.13911132812504],[-84.63291015624998,63.309228515624966],[-83.72827148437497,63.813378906249994],[-83.49433593750001,64.09921875000006],[-82.46708984374999,63.926953124999955],[-82.378125,63.70678710937506],[-81.04638671875,63.461572265624994],[-80.30205078124996,63.76220703125006],[-80.82895507812503,64.08994140625003],[-81.71611328125002,64.021875],[-82.05,64.644287109375],[-83.40712890625,65.10390625000002],[-84.91962890624993,65.26108398437498]]],[[[-75.67587890625003,68.322509765625],[-76.74023437499997,68.23125],[-77.30590820312503,67.70610351562499],[-77.00488281249997,67.26694335937506],[-75.78007812499993,67.28354492187498],[-75.127294921875,67.53730468749998],[-75.15380859375,68.234033203125],[-75.67587890625003,68.322509765625]]],[[[-97.43945312499997,69.64267578125],[-99.56406250000002,69.03413085937501],[-99.25400390624999,68.86318359375],[-97.47202148437495,68.54370117187503],[-96.40156250000001,68.47070312499997],[-95.68564453125,68.73583984375],[-96.299951171875,69.344384765625],[-97.43945312499997,69.64267578125]]],[[[-74.70888671874994,45.003857421874955],[-73.97382812500001,45.34511718750002],[-72.98100585937499,46.209716796875114],[-71.87958984374995,46.68681640624999],[-71.26777343750001,46.79594726562502],[-70.70585937499993,47.13979492187508],[-69.90556640624987,47.8322265625001],[-69.775,48.09809570312507],[-68.92905273437498,48.82895507812512],[-68.28193359375004,49.197167968750165],[-67.37202148437504,49.348437500000074],[-66.941162109375,49.993701171875074],[-66.4955078125,50.211865234375125],[-65.26860351562496,50.320019531250125],[-64.86787109375004,50.27548828125012],[-62.71542968749992,50.30166015625011],[-61.2897460937499,50.201953125000045],[-60.080175781249864,50.254589843750125],[-59.16538085937492,50.779882812500034],[-58.51035156249998,51.295068359375165],[-56.97597656250002,51.45766601562508],[-55.69521484375005,52.13779296875009],[-55.83364257812491,52.31040039062509],[-55.79794921874992,53.211962890625074],[-56.46499023437502,53.765039062500136],[-57.14897460937502,53.8477050781251],[-57.416064453124875,54.162744140625165],[-58.15136718750003,54.350439453125034],[-57.40444335937491,54.57041015625006],[-58.1952636718749,54.86591796875007],[-58.780175781249966,54.83837890625014],[-58.99711914062493,55.1494628906251],[-59.930322265624994,55.25942382812511],[-61.51459960937498,56.390332031250125],[-61.333740234374915,57.010595703125006],[-61.85107421874997,57.38129882812504],[-61.899072265624966,57.861328125000114],[-62.30566406250003,57.97226562499998],[-62.59384765624995,58.47402343750008],[-63.18535156250002,58.85776367187509],[-64.49941406250002,60.26826171875004],[-64.93125,60.2520019531251],[-65.43339843749996,59.77651367187502],[-65.60625,59.11074218750011],[-66.60791015624997,58.54892578125006],[-67.56962890624996,58.21347656250009],[-68.69819335937501,58.90454101562503],[-69.17348632812505,58.89663085937502],[-69.68188476562497,59.3417480468751],[-69.75590820312493,60.388525390625006],[-69.64047851562486,60.68979492187512],[-70.27929687499991,61.06865234375002],[-71.42270507812486,61.158935546875114],[-72.08144531250005,61.728271484375114],[-73.62998046874986,62.454199218750034],[-74.68989257812498,62.18344726562512],[-77.37241210937498,62.57250976562514],[-78.06811523437497,62.35541992187515],[-78.1371582031249,62.10737304687507],[-77.73618164062492,61.437353515625006],[-77.87153320312498,60.785839843750125],[-77.3118164062499,60.04238281250002],[-77.76069335937504,59.38002929687508],[-78.51508789062498,58.68237304687506],[-77.15678710937502,58.01889648437506],[-76.57285156249998,57.18120117187513],[-76.65048828124998,56.10722656249999],[-77.32495117187491,55.555517578125034],[-77.89111328124997,55.236425781250034],[-79.66552734374997,54.69746093750001],[-79.24179687499998,54.098876953125114],[-78.72377929687505,52.627734375000074],[-78.49165039062493,52.25209960937511],[-78.97773437499993,51.73378906250002],[-79.49755859374994,51.569921875000034],[-79.83623046875002,51.17333984375006],[-80.36796874999999,51.32988281249999],[-80.657958984375,51.758349609375045],[-81.66123046874995,52.2938964843751],[-81.59941406249996,52.432617187500114],[-82.26044921874998,52.961132812500125],[-82.14145507812498,53.817626953125],[-82.41806640624995,54.35581054687506],[-82.21938476562505,54.81347656250003],[-82.57744140624999,55.14873046875013],[-83.91059570312498,55.31464843749998],[-85.06093750000005,55.285644531250114],[-85.67666015624997,55.601074218750085],[-87.56088867187498,56.0563476562501],[-88.07509765624994,56.46728515624997],[-88.94848632812497,56.85131835937506],[-89.79082031249987,56.98134765625008],[-90.5921875,57.22446289062506],[-91.11127929687504,57.241210937500085],[-92.24902343750003,57.00898437500004],[-93.27812499999987,58.756396484375045],[-94.2870605468749,58.71601562500015],[-94.71337890624989,58.90332031250014],[-94.785791015625,59.95332031249998],[-94.64677734375002,60.41640625000002],[-94.06074218749998,61.31782226562515],[-93.42060546874995,61.70581054687514],[-92.36127929687498,62.81938476562499],[-91.448974609375,62.80405273437506],[-90.87119140624998,62.94594726562502],[-90.74658203124991,63.35156250000006],[-91.33007812500003,63.506835937500085],[-90.01342773437503,63.80429687500009],[-90.14189453124999,63.981982421875074],[-88.65302734374998,64.009375],[-88.10561523437494,64.18330078125004],[-87.28051757812497,64.82617187500009],[-87.29145507812498,65.35483398437498],[-86.04287109374997,66.02255859375012],[-86.633203125,66.53134765625003],[-85.442236328125,66.537353515625],[-84.47841796875002,66.17929687500006],[-82.64150390625,66.5875],[-81.46757812500002,67.06987304687513],[-81.27011718749992,67.45991210937501],[-81.97646484375002,67.86201171875004],[-82.55268554687501,68.4464843750001],[-81.28154296874996,68.65722656250006],[-81.32866210937496,69.11992187499999],[-82.64204101562493,69.45839843750002],[-82.61835937499998,69.69106445312516],[-85.50737304687496,69.84526367187496],[-85.3867675781249,69.23188476562507],[-84.86220703125005,69.07397460937506],[-85.7338378906249,68.63012695312503],[-85.95258789062498,68.07246093750013],[-86.53642578124999,67.5161621093751],[-87.266259765625,67.18383789062509],[-88.19589843749995,67.76582031249998],[-88.3469726562499,68.28828125000004],[-87.81030273437489,68.404150390625],[-88.04135742187498,68.8117187500001],[-89.05673828124998,69.26611328125011],[-90.46835937499998,68.86376953125003],[-90.82211914062492,69.2904785156251],[-92.75092773437504,69.71391601562505],[-91.5640625,70.17827148437513],[-92.98144531250003,70.85224609375013],[-92.94868164062493,71.26210937500014],[-94.30834960937489,71.76489257812509],[-95.2012207031249,71.90371093750011],[-96.40566406250005,71.27363281250001],[-96.54560546874995,70.32724609375012],[-96.11909179687501,69.871875],[-94.27080078124987,69.45512695312507],[-93.6814453124999,68.88725585937502],[-93.65170898437489,68.54311523437508],[-95.65048828124995,67.73745117187508],[-95.25874023437498,67.26254882812495],[-95.78251953125002,67.19379882812515],[-96.37138671874999,67.55385742187516],[-96.03603515624997,68.15776367187507],[-97.2659179687499,68.45292968749999],[-98.21855468749999,68.3174316406251],[-98.41713867187502,67.8264648437501],[-99.146875,67.72363281250011],[-100.45610351562493,67.83945312500006],[-101.5549804687499,67.6931640625001],[-102.69199218749999,67.81157226562507],[-103.4741210937499,68.11503906250007],[-104.19355468749993,68.03120117187507],[-105.42861328124991,68.45825195312503],[-106.164453125,68.9198730468751],[-108.31347656250001,68.61079101562501],[-108.26103515624999,68.14990234375009],[-107.15649414062494,66.88173828125],[-108.59291992187492,67.59086914062505],[-109.6303710937499,67.73271484374999],[-110.04248046875001,67.97719726562508],[-110.99003906249987,67.7908203125001],[-112.43515624999995,67.68476562500001],[-113.89321289062498,67.70688476562506],[-115.42685546874988,67.92353515625015],[-114.4138671875,68.65957031250016],[-115.63115234375002,68.97255859375016],[-116.06523437499999,68.8554199218751],[-118.09521484375001,69.04291992187513],[-118.86870117187495,69.25717773437506],[-120.29252929687495,69.42055664062514],[-120.962451171875,69.66040039062514],[-123.02578125,69.81000976562507],[-123.6091308593749,69.37744140625006],[-124.76791992187498,69.99003906249999],[-126.06381835937493,69.46708984375002],[-127.13847656250003,70.23935546874998],[-127.76494140625002,70.22187500000013],[-128.97143554687497,69.71240234375009],[-130.49843749999994,70.14316406250009],[-133.16313476562493,69.43388671875002],[-135.14082031249998,69.46782226562499],[-135.69145507812487,69.31118164062505],[-135.87631835937498,68.91699218750003],[-136.7173339843749,68.88916015625006],[-138.12836914062504,69.15195312500012],[-139.18154296874994,69.51552734375011],[-141.0021484375,69.65078125000014],[-141.0021484375,67.60537109375016],[-141.0021484375,65.85214843750003],[-141.0021484375,63.806689453125045],[-141.0021484375,61.469042968750045],[-141.0021484375,60.30024414062498],[-139.18515624999998,60.08359375000006],[-137.59331054687502,59.22626953125001],[-137.43857421875003,58.903125],[-136.57875976562502,59.15224609375005],[-136.321826171875,59.60483398437506],[-135.47592773437503,59.793261718750074],[-134.94375,59.28828125000004],[-133.82075195312498,58.70502929687507],[-131.86616210937504,56.792822265625034],[-130.74169921875,56.34082031249997],[-130.02509765625004,55.88823242187496],[-129.8901367187499,55.16464843749998],[-130.43027343749998,54.420996093750006],[-130.04331054687492,54.13354492187506],[-130.33525390625,53.7239257812501],[-129.563720703125,53.25146484375014],[-129.28427734374992,53.393164062500034],[-128.65234374999997,53.24384765625001],[-128.1087890625,52.85805664062511],[-128.35761718749995,52.158886718750125],[-127.64487304687499,51.47846679687507],[-127.70810546874999,51.15117187499999],[-127.05756835937497,50.86752929687512],[-126.39711914062498,50.80708007812507],[-126.40449218749997,50.52988281250006],[-125.05668945312502,50.41865234375015],[-124.782373046875,50.02011718749995],[-124.14160156250001,49.79267578125015],[-123.85893554687489,49.4828613281251],[-123.33564453124995,49.45917968750007],[-123.04921874999995,48.99301757812506],[-122.78876953125001,48.99301757812506],[-120.55449218750002,48.99301757812498],[-116.717041015625,48.993066406249966],[-113.732373046875,48.993066406249966],[-112.02680664062498,48.993066406249966],[-109.46855468749997,48.993066406249966],[-105.63110351562496,48.99311523437515],[-103.92558593749995,48.99311523437498],[-101.36728515624993,48.99311523437498],[-99.23535156250001,48.99311523437515],[-97.10346679687501,48.9931640625],[-95.16206054687501,48.99174804687496],[-94.62089843749999,48.74262695312501],[-93.70771484375001,48.52543945312502],[-92.99624023437502,48.61181640625003],[-91.518310546875,48.05830078125015],[-90.84033203125,48.20053710937498],[-89.4556640625,47.99624023437511],[-88.37817382812494,48.303076171875006],[-84.87597656250003,46.89990234375006],[-84.56176757812494,46.45737304687512],[-84.19218749999999,46.549560546875],[-83.977783203125,46.08491210937501],[-83.59267578125005,45.817138671875085],[-82.55107421874996,45.34736328125004],[-82.13784179687505,43.57089843750006],[-82.54531250000002,42.62470703125001],[-83.07314453125,42.30029296875],[-83.14194335937498,41.97587890624999],[-82.43906249999995,41.67485351562496],[-81.27763671874996,42.2091796875001],[-80.24755859374997,42.36601562499999],[-79.03671875000003,42.80234374999998],[-79.171875,43.466552734375114],[-78.72041015624998,43.62495117187504],[-76.81997070312497,43.62880859375002],[-76.46459960937494,44.0576171875],[-75.17939453124995,44.89936523437515],[-74.70888671874994,45.003857421874955]]],[[[-114.521533203125,72.59291992187502],[-114.05170898437494,73.07099609374998],[-114.63823242187497,73.37265624999998],[-116.57324218750001,73.054931640625],[-118.37451171874999,72.53388671874998],[-118.21347656249995,72.26289062500001],[-118.94462890624996,71.98554687500001],[-118.86840820312497,71.68676757812497],[-117.81406250000003,71.15844726562497],[-118.26406249999995,70.88833007812502],[-117.58706054687497,70.62954101562497],[-115.99091796874995,70.58627929687503],[-113.757275390625,70.69072265624999],[-112.11416015625001,70.446875],[-112.63789062499995,70.22524414062502],[-114.59233398437495,70.31245117187504],[-117.13544921874998,70.10014648437502],[-116.5134765625,69.42460937499999],[-113.69414062500002,69.19501953125001],[-113.127734375,68.49414062500006],[-111.3109375,68.54204101562505],[-108.94589843749999,68.75981445312499],[-107.43989257812495,69.00214843749998],[-106.65908203124995,69.43959960937502],[-106.14086914062499,69.16201171875005],[-105.01958007812499,69.08125],[-103.46821289062494,68.80854492187498],[-101.85712890625,69.02397460937499],[-102.18212890624994,69.84594726562503],[-100.935107421875,69.71533203124997],[-101.14853515624996,70.14760742187502],[-103.10498046875001,70.51025390625],[-104.56958007812497,71.10405273437502],[-104.349560546875,71.433984375],[-105.41513671875,72.78833007812503],[-106.48212890624995,73.19619140625],[-107.72001953125,73.32905273437498],[-108.23823242187497,73.10581054687506],[-108.69829101562499,72.49926757812503],[-111.26972656250001,72.71372070312503],[-112.75361328124998,72.98603515624998],[-113.500048828125,72.69443359375],[-114.521533203125,72.59291992187502]]],[[[-105.28891601562496,72.91992187500003],[-104.582861328125,73.35390624999997],[-105.5123046875,73.76577148437505],[-106.92153320312495,73.47983398437503],[-105.28891601562496,72.91992187500003]]],[[[-79.53730468749995,73.65449218750001],[-80.848876953125,73.72124023437502],[-80.82416992187493,73.38066406250002],[-79.50053710937502,72.75595703125],[-77.8359375,72.89682617187503],[-76.40053710937497,72.82065429687503],[-76.28955078125,73.08100585937498],[-77.20654296875003,73.49956054687507],[-79.53730468749995,73.65449218750001]]],[[[-86.58935546875003,71.01079101562502],[-85.02338867187493,71.35322265624995],[-86.03613281250003,71.77094726562498],[-86.62934570312501,72.87080078124995],[-84.97451171875002,73.69477539062495],[-86.76875,73.833984375],[-87.71977539062502,73.722900390625],[-89.26323242187496,73.06899414062502],[-90.02519531249993,71.94877929687505],[-89.84575195312496,71.49228515625006],[-89.07934570312497,71.28793945312498],[-87.87246093749994,71.20854492187507],[-87.84492187499993,70.94438476562499],[-89.36552734375002,71.06718750000005],[-88.84843750000002,70.52290039062501],[-87.90068359375002,70.25190429687495],[-86.62431640624996,70.40126953125],[-86.322021484375,70.14541015625002],[-82.13872070312496,69.84121093750002],[-81.098291015625,70.09116210937498],[-79.61591796874998,69.89472656250001],[-78.809814453125,70.178564453125],[-77.12880859375,69.652734375],[-75.78715820312496,69.31865234375007],[-76.40341796875,68.69233398437501],[-74.91728515624993,68.98286132812495],[-74.64794921874997,68.70751953125],[-73.32822265625003,68.266748046875],[-72.22001953124996,67.25429687499997],[-74.43393554687498,66.13901367187503],[-73.56074218749998,65.54291992187501],[-75.82832031250001,65.22705078124997],[-77.32670898437499,65.453125],[-77.44746093749998,65.16157226562495],[-78.09560546874997,64.93925781250005],[-77.79116210937494,64.36708984375],[-76.72382812500001,64.24204101562503],[-75.06738281249997,64.45668945312497],[-74.51245117187497,64.67016601562503],[-73.44365234375002,64.42348632812505],[-71.25371093749999,63.04252929687499],[-70.23613281249999,62.763378906249955],[-69.545166015625,62.74458007812504],[-69.08232421874993,62.405175781249994],[-67.44013671874995,62.15126953125005],[-66.256689453125,61.868261718750034],[-66.28125,62.30268554687498],[-67.67597656249995,63.09355468749999],[-65.97885742187498,63.00068359374998],[-65.26582031250001,62.71508789062497],[-65.06894531249998,63.263476562500045],[-64.51435546874995,63.263964843750074],[-64.678466796875,64.02797851562502],[-65.2748046875,64.63154296874998],[-66.86064453124993,65.09160156249999],[-67.30341796874998,65.48291015625006],[-68.2568359375,65.938623046875],[-67.183203125,66.03442382812506],[-66.47695312500002,66.27973632812501],[-65.30537109374998,66.008447265625],[-65.40161132812497,65.76401367187503],[-64.66533203124999,65.16894531250003],[-63.401806640624955,65.11845703125005],[-63.36425781249994,65.54321289062497],[-62.658886718749955,65.63994140625007],[-61.991601562499994,66.03530273437497],[-61.299707031249994,66.64873046875005],[-61.96855468749999,67.01904296875],[-64.007958984375,67.347314453125],[-64.52753906249998,67.81269531249995],[-66.22519531249998,67.95874023437503],[-67.03295898437497,68.32607421875],[-68.03793945312498,68.55073242187504],[-67.75170898437503,69.03867187500006],[-66.77084960937503,69.336669921875],[-68.51303710937495,69.577294921875],[-67.36367187500002,70.03442382812506],[-69.16870117187494,70.76416015625003],[-70.5609375,70.73828125],[-71.45991210937498,71.463720703125],[-74.31572265624996,71.84267578125002],[-75.18579101562503,72.43422851562502],[-76.89350585937493,72.72065429687501],[-78.00102539062496,72.68759765625003],[-79.00024414062497,72.27202148437502],[-80.94121093749999,72.21015625000001],[-80.27470703124999,72.74555664062501],[-81.40615234375002,73.63452148437503],[-82.65961914062495,73.72958984375003],[-85.01840820312498,73.33549804687505],[-85.64453125,72.77446289062505],[-85.34111328125002,72.421533203125],[-85.91162109374997,71.98652343750001],[-84.65996093749996,71.58613281249998],[-84.78959960937502,71.09326171875003],[-86.58935546875003,71.01079101562502]]],[[[-100.00190429687495,73.94589843750006],[-100.91513671875002,73.80537109375001],[-101.45087890625001,73.43095703125005],[-100.28266601562495,73.12031249999998],[-100.484765625,72.77294921875],[-102.71367187499996,72.78291015624998],[-101.72392578124995,72.31489257812495],[-100.59448242187497,72.15234375000006],[-99.16713867187498,71.36718749999997],[-98.66289062500002,71.30209960937503],[-96.61342773437502,71.833837890625],[-97.05180664062496,72.63681640624998],[-97.79589843749994,73.28530273437502],[-97.00170898437497,73.66650390624997],[-97.58183593749996,73.88754882812498],[-99.15795898437497,73.731591796875],[-100.00190429687495,73.94589843750006]]],[[[-93.17084960937498,74.160986328125],[-95.03984375,74.02387695312495],[-95.63291015625,73.69545898437502],[-95.54760742187503,72.78154296874999],[-95.19296875,72.02744140625],[-94.03754882812498,72.02875976562501],[-93.340625,72.80185546875003],[-92.11791992187494,72.75380859375002],[-90.35458984374998,73.86865234375003],[-92.22270507812499,73.97236328125004],[-93.17084960937498,74.160986328125]]],[[[-119.73632812499996,74.112646484375],[-121.31523437500002,74.52998046875004],[-124.69624023437494,74.34819335937505],[-123.79726562499994,73.7681640625],[-124.83642578125,73.07626953124998],[-124.98710937499996,72.58798828124998],[-125.76259765624994,72.1375],[-124.00776367187501,71.67744140625001],[-123.21059570312497,71.12343750000005],[-120.6193359375,71.50576171875005],[-120.1798828125,72.212646484375],[-118.96157226562495,72.68413085937505],[-115.446875,73.43886718749997],[-115.510693359375,73.61875],[-117.198828125,74.17114257812503],[-117.96586914062496,74.26606445312501],[-119.73632812499996,74.112646484375]]],[[[-93.54257812500003,75.02792968750003],[-94.42724609374997,75.59335937500003],[-95.67080078125,75.528662109375],[-96.56577148437498,75.09873046875],[-94.697265625,74.64218749999998],[-93.54716796874999,74.691064453125],[-93.54257812500003,75.02792968750003]]],[[[-102.22734375,76.01489257812503],[-102.58408203124995,76.28164062500002],[-104.35063476562495,76.18232421875004],[-103.31474609375003,75.76420898437505],[-102.22734375,76.01489257812503]]],[[[-97.70092773437497,76.46650390625001],[-100.387939453125,76.61357421875005],[-102.13774414062496,76.28486328124995],[-101.43134765625003,75.99199218749999],[-102.54140624999995,75.51362304687495],[-100.7119140625,75.40634765625003],[-100.234375,75.00771484375002],[-97.79936523437493,75.11665039062501],[-97.40961914062495,75.55209960937498],[-97.70092773437497,76.46650390625001]]],[[[-108.29238281249998,76.05712890625003],[-108.62763671874998,76.58671874999999],[-110.27001953125,76.41699218749997],[-109.48681640624996,76.144677734375],[-109.796044921875,75.863037109375],[-109.08637695312501,75.50649414062502],[-111.05268554687503,75.54853515624998],[-112.69760742187495,76.20170898437499],[-114.19394531249996,76.45146484375007],[-115.58066406249995,76.4375],[-116.609765625,76.07373046875003],[-117.60009765624996,75.27167968749995],[-115.72885742187495,74.96811523437503],[-114.4517578125,75.087890625],[-113.5140625,74.43007812500002],[-112.51933593749996,74.41684570312498],[-110.94086914062498,74.63872070312507],[-108.831298828125,75.06489257812504],[-107.15341796874993,74.92714843750002],[-105.86259765624996,75.191552734375],[-105.480908203125,75.74565429687507],[-108.29238281249998,76.05712890625003]]],[[[-94.29497070312502,76.912451171875],[-95.63823242187502,77.06376953125002],[-96.63969726562493,76.70292968750005],[-95.27387695312495,76.26440429687497],[-93.09174804687493,76.35400390625003],[-92.18510742187496,75.846533203125],[-92.42709960937498,75.34638671875001],[-91.961572265625,74.793212890625],[-89.84438476562497,74.548583984375],[-88.42304687499995,74.494140625],[-81.808837890625,74.47661132812499],[-80.277734375,74.58159179687507],[-79.50795898437502,74.88012695312506],[-79.66020507812496,75.44951171875005],[-82.15366210937498,75.83105468749997],[-83.93198242187498,75.8189453125],[-86.06875,75.50224609375005],[-88.20131835937497,75.51201171874999],[-90.2513671875,76.053466796875],[-91.305029296875,76.68076171874998],[-92.71625976562498,76.60297851562504],[-94.29497070312502,76.912451171875]]],[[[-115.55126953125,77.36328125000003],[-119.09018554687503,77.30507812499997],[-121.61376953125,76.44145507812507],[-121.90820312500003,76.034765625],[-119.91289062499996,75.85883789062504],[-119.36791992187496,76.22177734375],[-116.220458984375,76.611083984375],[-115.55126953125,77.36328125000003]]],[[[-95.484375,77.79199218750006],[-95.98706054687494,77.48413085937503],[-93.51958007812496,77.47441406250002],[-93.30097656250001,77.73979492187499],[-95.484375,77.79199218750006]]],[[[-110.45805664062503,78.10322265624995],[-113.21518554687496,77.90351562500004],[-113.16435546875,77.53027343750003],[-111.951953125,77.34418945312495],[-110.198486328125,77.52451171875],[-109.77177734375002,77.957421875],[-110.45805664062503,78.10322265624995]]],[[[-109.81596679687496,78.65039062500006],[-110.4078125,78.75664062500002],[-113.149951171875,78.40839843749995],[-109.39052734374998,78.336669921875],[-109.81596679687496,78.65039062500006]]],[[[-96.20449218750002,78.53129882812505],[-98.25493164062493,78.42924804687502],[-96.9896484375,77.80600585937498],[-95.08701171874998,77.99262695312498],[-94.88715820312495,78.34521484375006],[-96.20449218750002,78.53129882812505]]],[[[-103.42602539062496,79.315625],[-105.38769531250001,79.32358398437498],[-105.53564453124996,79.03251953125002],[-103.51835937500003,78.769140625],[-102.73134765625001,78.37104492187498],[-101.07412109375,78.19384765625003],[-100.58603515624993,77.89179687499995],[-99.16640625,77.85693359375006],[-99.60942382812502,78.58305664062502],[-103.42602539062496,79.315625]]],[[[-91.88554687499996,81.13286132812507],[-95.269775390625,81.00078125000007],[-96.13281249999997,80.69140625000003],[-95.61445312499998,80.396240234375],[-96.77324218749996,80.13579101562507],[-95.29697265624995,79.65307617187506],[-95.103173828125,79.28989257812503],[-92.67827148437499,78.38911132812501],[-90.614404296875,78.14985351562495],[-88.79101562500003,78.19243164062502],[-87.016455078125,78.898681640625],[-85.28984375,79.20834960937503],[-85.50136718749997,79.53032226562499],[-87.14423828125001,79.66264648437505],[-87.675,80.37211914062507],[-90.64301757812495,80.59370117187501],[-91.88554687499996,81.13286132812507]]],[[[-69.48886718749998,83.01679687500001],[-69.96992187499993,83.11611328125],[-79.886328125,82.93852539062505],[-82.12250976562495,82.60175781250001],[-86.58061523437502,82.18720703125001],[-90.49018554687498,81.87724609375002],[-88.978369140625,81.54150390625],[-89.94731445312496,81.17265625000002],[-88.92143554687496,80.80561523437501],[-85.30742187499999,80.52597656249998],[-83.40141601562499,80.71396484375],[-80.05107421874999,80.52856445312497],[-83.7236328125,80.22895507812504],[-86.30717773437499,80.31933593749997],[-86.42075195312495,79.84521484375003],[-85.08979492187495,79.61215820312506],[-84.31611328125001,78.97529296874998],[-86.80791015624996,78.77436523437498],[-87.55175781249997,78.17661132812498],[-87.01796874999994,77.89223632812505],[-88.09467773437501,77.71918945312495],[-86.87377929687497,77.20029296875003],[-88.39814453124993,77.10395507812504],[-89.499755859375,76.82680664062497],[-89.57006835937503,76.49194335937506],[-85.14125976562497,76.30458984375],[-83.88569335937498,76.453125],[-81.17070312500002,76.51274414062502],[-80.690283203125,76.17646484375001],[-78.28432617187497,76.57124023437495],[-78.28886718749999,76.97797851562495],[-79.34086914062499,77.15839843750004],[-78.076171875,77.51904296875006],[-78.01259765625002,77.946044921875],[-75.86596679687494,78.00981445312502],[-74.43310546874997,78.72412109374997],[-76.25585937499997,79.00683593750003],[-75.25947265624993,79.42104492187502],[-71.38784179687497,79.76176757812507],[-70.14350585937495,80.39765625000004],[-65.48398437499998,81.284765625],[-64.57402343749993,81.733740234375],[-62.176708984374955,82.04340820312504],[-61.392480468749966,82.44189453125003],[-64.77675781249994,82.87646484375003],[-69.48886718749998,83.01679687500001]]]]},"id":"CAN"},{"type":"Feature","properties":{"name":"Switzerland","iso_a3":"CHE","adm0_a3":"CHE"},"geometry":{"type":"Polygon","coordinates":[[[9.580273437500011,47.057373046875],[9.527539062500011,47.270751953125],[9.524023437500006,47.52421875],[8.617871093750011,47.76611328125],[7.615625,47.592724609375],[7.000585937500006,47.322509765625],[6.060253906250011,46.428173828125],[6.758105468750017,46.415771484375],[7.02109375,45.92578125],[7.9931640625,46.015917968749996],[8.458398437500023,46.245898437499996],[8.953710937500006,45.830029296875],[9.251074218749977,46.28676757812502],[9.939257812500017,46.36181640625],[10.452832031250011,46.86494140625],[9.580273437500011,47.057373046875]]]},"id":"CHE"},{"type":"Feature","properties":{"name":"Chile","iso_a3":"CHL","adm0_a3":"CHL"},"geometry":{"type":"MultiPolygon","coordinates":[[[[-68.62993164062496,-52.652636718750024],[-69.76357421875,-52.73134765624999],[-70.39067382812493,-53.02646484374998],[-70.09038085937496,-53.41816406250002],[-70.86772460937496,-53.884179687500016],[-70.89824218749996,-54.337890624999986],[-71.44091796875003,-54.61962890625001],[-70.49716796874998,-54.80957031249998],[-69.72343749999999,-54.71210937500002],[-69.48627929687498,-54.85888671874999],[-68.65322265625,-54.853613281249984],[-68.62993164062496,-52.652636718750024]]],[[[-67.19487304687499,-22.821679687500023],[-67.87944335937502,-22.82294921875001],[-67.98837890625,-22.057128906249957],[-68.197021484375,-21.30029296875],[-68.74516601562499,-20.45859375],[-68.69829101562499,-19.72109375],[-68.462890625,-19.43281250000001],[-68.96831054687499,-18.96796875000001],[-69.09394531250001,-18.05048828125001],[-69.31337890625002,-17.943164062500003],[-69.5109375,-17.50605468750001],[-69.85209960937499,-17.70380859375001],[-69.92636718750003,-18.2060546875],[-70.41826171874999,-18.34560546875001],[-70.14814453125001,-19.80507812499998],[-70.19702148437503,-20.72539062499999],[-70.087548828125,-21.493066406249966],[-70.331689453125,-22.8486328125],[-70.56318359375001,-23.05703125],[-70.48779296875,-23.78173828125003],[-70.57412109375002,-24.64433593749999],[-70.44536132812499,-25.172656249999974],[-70.71372070312503,-25.784179687499957],[-70.64658203125003,-26.329394531250003],[-71.05263671874997,-27.72734375],[-71.18642578124997,-28.377832031249966],[-71.51923828125001,-28.92646484375001],[-71.31572265625002,-29.649707031250003],[-71.40039062499994,-30.142968750000037],[-71.66948242187496,-30.33037109375003],[-71.66196289062503,-31.16953125000002],[-71.52587890625003,-31.805859374999983],[-71.45224609375003,-32.659570312499994],[-71.74296875000002,-33.095117187499994],[-71.66435546874999,-33.65263671874999],[-72.00283203125002,-34.16533203124999],[-72.223779296875,-35.09619140625],[-72.62392578125,-35.58574218749999],[-72.87456054687499,-36.390429687499974],[-73.11806640624994,-36.68837890625001],[-73.215966796875,-37.166894531249966],[-73.60166015624998,-37.188476562500014],[-73.66181640624995,-37.69853515625002],[-73.46479492187498,-38.04033203125002],[-73.532568359375,-38.36679687499999],[-73.22646484375,-39.22441406250002],[-73.410400390625,-39.78916015624996],[-73.66943359375,-40.08232421875],[-73.96586914062499,-41.11826171875002],[-73.52128906249993,-41.79707031250001],[-73.014990234375,-41.54384765624994],[-72.669775390625,-41.659375],[-72.49941406250002,-41.98085937499998],[-72.78515624999997,-42.30126953124997],[-72.99658203124997,-43.63154296875001],[-73.26508789062495,-44.16865234375001],[-72.66386718749996,-44.43642578125002],[-72.73896484374998,-44.73417968750002],[-73.362451171875,-44.97822265625],[-73.54990234374998,-45.483789062499966],[-74.03754882812495,-45.41767578125],[-74.15786132812494,-45.76718749999998],[-75.06669921875002,-45.87490234374998],[-74.924462890625,-46.15966796875],[-75.65678710937496,-46.61035156249997],[-74.15190429687499,-46.97441406249999],[-74.15839843749995,-47.18251953125001],[-74.65493164062497,-47.70224609375002],[-74.57719726562493,-48.27441406249997],[-74.34101562499995,-48.59570312499997],[-74.33374023437497,-49.97460937499996],[-75.09467773437493,-50.68125],[-74.81474609375002,-51.06289062499998],[-73.89589843749997,-51.33144531249998],[-73.9732421875,-51.784472656249996],[-73.5181640625,-52.041015625000036],[-74.01445312499996,-52.63935546874998],[-73.05273437499994,-53.243457031250045],[-72.45830078124999,-53.254492187499984],[-71.38774414062496,-52.76425781250003],[-71.40034179687493,-53.10703124999996],[-71.85273437500001,-53.28574218750004],[-72.17441406249998,-53.63232421874995],[-71.29775390625,-53.883398437500034],[-70.99584960937494,-53.779296874999964],[-70.79511718750001,-52.76875],[-69.56059570312493,-52.421582031250026],[-69.24101562499993,-52.205468749999966],[-68.44335937499997,-52.35664062500003],[-69.96025390625002,-52.008203125],[-71.91865234375001,-51.98955078125003],[-72.40766601562498,-51.5408203125],[-72.27631835937495,-50.91025390624997],[-72.50981445312502,-50.60751953125003],[-73.15292968750003,-50.73828125000002],[-73.50126953124993,-50.12529296875002],[-73.57626953125003,-49.58291015625001],[-72.614404296875,-48.792871093749994],[-72.35473632812494,-48.365820312500034],[-72.51791992187498,-47.876367187499966],[-72.34594726562503,-47.49267578124996],[-71.90498046874998,-47.20166015625],[-71.94023437499996,-46.83125],[-71.69521484374997,-46.578417968750045],[-71.87568359374995,-46.16054687499999],[-71.77265624999993,-45.72441406250006],[-71.35375976562494,-45.23046874999997],[-71.59628906249998,-44.979199218750026],[-71.2611328125,-44.763085937499966],[-71.21259765624998,-44.44121093750002],[-71.82001953124998,-44.38310546875],[-71.680078125,-43.92958984374998],[-71.90498046874998,-43.44013671875],[-71.78149414062497,-43.166796875],[-72.14643554687498,-42.99003906250006],[-72.12460937499998,-42.29833984375],[-71.76093749999995,-42.10146484374995],[-71.91127929687502,-41.65039062499997],[-71.93212890625,-40.691699218749974],[-71.6953125,-40.33525390625002],[-71.71992187499995,-39.63525390624996],[-71.53945312499994,-39.60244140625002],[-71.42558593750002,-38.985644531250045],[-70.95161132812501,-38.73847656250004],[-71.02817382812498,-38.04121093750001],[-71.16757812500003,-37.762304687500034],[-71.05551757812503,-36.52373046875003],[-70.40478515624997,-36.06171874999997],[-70.47041015624993,-35.32617187499996],[-70.28994140625002,-34.73281250000004],[-69.85244140625,-34.22431640625001],[-69.79775390624994,-33.39863281250001],[-70.01982421874999,-33.27148437499996],[-70.16962890624995,-32.4716796875],[-70.58520507812497,-31.569433593750034],[-70.51958007812502,-31.148437499999986],[-70.16142578124996,-30.44023437500003],[-69.95634765625002,-30.358203125000017],[-69.92763671875002,-29.769140625],[-70.02680664062498,-29.324023437500003],[-69.82788085937494,-29.103222656250054],[-69.65693359374995,-28.41357421874997],[-69.17441406249995,-27.924707031250023],[-68.846337890625,-27.15371093749998],[-68.34599609374993,-27.027929687500034],[-68.58115234374998,-26.51835937499996],[-68.41450195312495,-26.15371093750001],[-68.60029296874998,-25.485644531249974],[-68.38422851562501,-25.091894531249963],[-68.56201171875,-24.837695312500045],[-68.25029296874999,-24.39199218750001],[-67.356201171875,-24.03378906250005],[-67.0087890625,-23.001367187500037],[-67.19487304687499,-22.821679687500023]]],[[[-67.07993164062503,-55.153808593750036],[-67.24526367187497,-54.97763671875003],[-68.10693359375,-54.92939453124997],[-68.07001953124995,-55.22109374999997],[-67.07993164062503,-55.153808593750036]]],[[[-69.702978515625,-54.91904296874999],[-69.97978515624999,-55.147460937499986],[-69.41181640625001,-55.44423828124996],[-68.29335937499997,-55.52138671874996],[-68.28266601562501,-55.25517578124999],[-68.90078125,-55.01777343750003],[-69.702978515625,-54.91904296874999]]],[[[-72.92324218749997,-53.48164062499998],[-73.68652343750003,-53.42685546875001],[-73.30473632812496,-53.94394531250002],[-72.205419921875,-53.80742187500001],[-72.92324218749997,-53.48164062499998]]],[[[-74.47617187499995,-49.147851562500016],[-74.79345703125003,-48.70507812499996],[-75.18422851562497,-49.08359374999998],[-75.30009765624996,-49.84746093749999],[-74.59472656249994,-50.006640625],[-74.47617187499995,-49.147851562500016]]],[[[-74.56728515624997,-48.59199218750001],[-74.72929687500002,-48.125878906249994],[-75.21289062499994,-48.14169921875002],[-74.92304687499995,-48.62646484375002],[-74.56728515624997,-48.59199218750001]]],[[[-72.98613281249999,-44.780078125000045],[-72.76406249999994,-44.549023437500054],[-73.20771484375001,-44.33496093749996],[-73.44506835937494,-44.641015624999966],[-72.98613281249999,-44.780078125000045]]],[[[-73.73535156250003,-44.394531250000014],[-74.50180664062503,-44.47353515624995],[-74.61777343750003,-44.64794921874996],[-74.09907226562495,-45.325390625000026],[-73.72714843749995,-45.11904296875001],[-73.98330078125,-44.494824218750026],[-73.73535156250003,-44.394531250000014]]],[[[-73.77338867187495,-43.34589843749998],[-73.43632812499993,-42.936523437499986],[-73.78925781249998,-42.58574218750002],[-73.47080078124995,-42.46630859375003],[-73.52783203125003,-41.896289062499974],[-74.03666992187496,-41.79550781249996],[-74.20947265624997,-42.87871093750002],[-74.35493164062495,-43.26357421875001],[-73.77338867187495,-43.34589843749998]]]]},"id":"CHL"},{"type":"Feature","properties":{"name":"China","iso_a3":"CHN","adm0_a3":"CHN"},"geometry":{"type":"MultiPolygon","coordinates":[[[[74.54140625000002,37.02216796875],[75.3466796875,36.913476562499994],[75.84023437500002,36.649707031249996],[75.94511718750002,36.017578125],[76.76689453124999,35.66171875],[77.44648437500001,35.4755859375],[77.79941406250003,35.495898437499996],[78.28203125000002,34.65390625],[78.93642578125005,34.35195312500005],[78.75302734375006,34.087695312500045],[78.80185546875006,33.49970703124998],[79.1125,33.226269531249955],[79.21933593750012,32.501074218750006],[78.38964843750003,32.519873046875006],[78.73544921875012,31.95795898437501],[78.79160156250012,31.293652343749955],[79.1071289062501,31.40263671875013],[79.56542968750003,30.949072265625006],[80.19433593749997,30.759228515625153],[80.19121093750007,30.56840820312499],[80.68212890624997,30.41484374999999],[81.01025390625,30.164501953124997],[81.41718750000001,30.337597656249997],[82.043359375,30.326757812500063],[82.15898437499999,30.115185546874997],[82.85429687499999,29.683398437499996],[83.15546875000001,29.612646484375],[83.58349609374997,29.183593750000057],[84.10136718749999,29.219970703125],[84.22871093750001,28.911767578124994],[84.71425781250002,28.595556640625],[85.15908203125,28.59223632812501],[85.1224609375,28.315966796875045],[85.67832031250003,28.27744140625],[86.40869140625,27.928662109374997],[86.55449218749999,28.085205078125],[87.14140624999999,27.838330078124997],[88.109765625,27.87060546875],[88.62109374999997,28.091845703125017],[88.8488281250001,27.868652343750114],[88.89140624999999,27.316064453124994],[89.53691406249999,28.107421875],[89.98105468750003,28.311181640624994],[90.35273437500001,28.080224609374994],[91.60556640625003,27.951708984374996],[91.63193359375003,27.759960937499997],[91.97763671875006,27.730371093750023],[92.66435546875002,27.948925781249955],[92.7018554687501,28.147119140625023],[93.20654296874997,28.5908203125],[93.90224609375005,28.803222656250085],[94.62304687499997,29.31240234375008],[94.76943359375005,29.175878906249977],[95.42021484375002,29.054296875],[96.03535156250004,29.447167968750023],[96.43574218750004,29.050683593749966],[96.60263671875006,28.459912109375153],[97.32246093750004,28.217968749999955],[97.53789062500007,28.510205078124983],[98.09892578125007,28.14228515625001],[98.29882812500003,27.55009765624996],[98.65117187500002,27.57246093750001],[98.73183593750005,26.583398437500023],[98.65468750000005,25.917773437500045],[98.01074218750003,25.292529296875017],[97.81953125000004,25.251855468749994],[97.5314453125001,24.49169921875003],[97.68603515624997,23.898095703124994],[98.21250000000012,24.110644531250045],[98.7643554687501,24.116064453124977],[98.86376953124997,23.191259765625034],[99.34082031250003,23.095898437499983],[99.33769531250002,22.49804687500003],[99.19296875000012,22.1259765625],[99.91767578125004,22.02802734375004],[100.21474609375,21.462988281250034],[100.8351562500001,21.655175781250023],[101.13886718750004,21.567480468750006],[101.22441406249999,21.22373046874992],[101.70478515625004,21.15014648437497],[101.73652343750001,21.826513671874977],[101.52451171874998,22.253662109375],[101.67148437500009,22.462304687500023],[102.12744140625003,22.37919921874999],[102.51718750000012,22.741015625000074],[103.00537109374997,22.452978515625006],[103.35605468750012,22.754687500000017],[104.3717773437501,22.70405273437501],[104.79570312500002,22.9111328125],[104.86474609374997,23.136376953124966],[105.27539062499997,23.34521484374997],[105.84296875000004,22.922802734374983],[106.14843750000003,22.970068359375006],[106.78027343749997,22.778906249999977],[106.5363281250001,22.395410156249994],[106.72949218750003,22.000341796874977],[107.35117187500012,21.60888671875],[107.97265624999997,21.50795898437505],[108.32480468750012,21.693505859374994],[109.03056640625002,21.626513671875045],[109.1486328125001,21.42553710937503],[109.54404296875006,21.537939453125006],[109.93076171875012,21.480566406250063],[109.66259765624997,20.916894531249966],[110.12314453125012,20.263720703125045],[110.51152343750002,20.51826171875004],[110.1935546875001,21.037646484375045],[110.77109375000006,21.38652343749999],[111.6027343750001,21.55908203124997],[111.94394531250006,21.849658203125017],[112.58632812500005,21.77685546875003],[113.008203125,22.119335937499983],[113.47890625000002,22.195556640625],[113.52705078125001,22.24594726562499],[113.61962890625003,22.861425781250006],[114.01542968750002,22.51191406250001],[114.266015625,22.540966796874983],[114.85380859375002,22.616796874999977],[115.19580078124997,22.817285156249966],[115.49833984375007,22.718847656250006],[116.47070312500003,22.945898437499977],[116.5382812500001,23.1796875],[118.05605468750005,24.24609375],[118.08710937500004,24.627001953125074],[118.56035156250002,24.58037109374999],[119.0246093750001,25.22343749999999],[119.539453125,25.591259765624955],[119.64824218750007,25.91870117187497],[120.2787109375,27.09707031250005],[121.09843750000002,28.29052734375],[121.60205078125003,28.36660156250005],[121.7174804687501,29.25634765625003],[121.94433593750003,29.894091796875017],[121.159375,30.30175781250003],[120.99765625000006,30.558251953124966],[121.87792968749997,30.916992187500057],[121.66064453124997,31.319726562500023],[121.05537109375004,31.71943359375001],[121.35195312500005,31.858789062499994],[121.40097656250006,32.37192382812498],[120.85322265625004,32.66137695312497],[120.87109374999997,33.01650390625002],[120.20146484375007,34.32568359375003],[119.58291015625,34.58222656249998],[119.21582031249997,35.01176757812499],[120.05468749999997,35.86113281250002],[120.39306640625003,36.05385742187502],[120.9899414062501,36.59794921875002],[121.93271484375006,36.95947265625006],[122.5197265625001,36.94682617187496],[122.60234375000007,37.426416015624966],[121.64023437500006,37.46035156250005],[120.75,37.83393554687504],[120.37011718749997,37.701025390625034],[119.44990234375004,37.12475585937497],[118.95263671875003,37.331152343750006],[119.08916015625002,37.70073242187499],[118.94003906250012,38.042773437500045],[118.01494140625002,38.18339843749999],[117.55781250000004,38.62514648437502],[117.78466796875003,39.134472656249955],[118.29785156250003,39.06708984374998],[118.91230468750004,39.166406249999966],[119.59111328125007,39.902636718750045],[120.47910156250012,40.23095703125006],[121.17451171875004,40.901269531249994],[121.8587890625,40.84208984375002],[122.275,40.54184570312506],[121.51757812499997,39.63896484374996],[121.78544921875007,39.40083007812504],[121.64990234374997,38.86508789062506],[122.33486328125,39.366113281249994],[123.34814453125003,39.762939453125],[124.10576171875002,39.84101562500001],[124.36210937500002,40.004052734374994],[124.88935546875004,40.459814453125034],[125.98906250000002,40.90463867187498],[126.90351562500004,41.78105468750002],[127.17968749999997,41.531347656250034],[128.11123046875,41.389257812500034],[128.29091796875,41.562792968750045],[128.04521484375002,41.9875],[128.92343750000006,42.038232421874994],[129.3136718750001,42.41357421875],[129.71972656250003,42.475],[129.89824218750007,42.99814453124998],[130.24033203125012,42.89179687499998],[130.52695312500006,42.53540039062503],[130.57724609375012,42.811621093750006],[131.0685546875001,42.902246093749994],[131.26181640625012,43.43305664062504],[131.25527343750005,44.07158203124999],[131.08232421875007,44.910009765625006],[131.97753906250003,45.243994140625034],[132.93603515624997,45.02993164062502],[133.18603515625003,45.494824218749955],[133.86132812500003,46.247753906249955],[134.16767578125004,47.30219726562501],[134.75234375,47.715429687500006],[134.56357421875006,48.32172851562498],[134.293359375,48.37343750000005],[133.46835937500006,48.09716796874997],[133.14404296874997,48.10566406250001],[132.56191406250005,47.76850585937498],[131.00273437500002,47.69145507812502],[130.71210937500004,48.127636718749955],[130.80429687500006,48.34150390625001],[129.49814453125006,49.38881835937505],[129.12011718749997,49.362060546875],[128.70400390625005,49.60014648437502],[127.99960937500006,49.568603515625],[127.50244140625003,49.8734375],[127.59023437500005,50.20898437499997],[126.92480468750003,51.10014648437499],[126.312890625,52.39975585937498],[125.64902343750006,53.04228515624996],[124.81230468750007,53.13383789062496],[123.6078125,53.54653320312502],[122.33779296875,53.48500976562502],[120.70410156249997,53.17182617187498],[120.09453125000002,52.78720703125006],[120.65615234375005,52.56665039062497],[120.74980468750002,52.096533203125034],[120.06689453124997,51.600683593750006],[119.19189453124997,50.37983398437498],[119.25986328125006,50.06640624999997],[118.4515625,49.84448242187497],[117.87343750000005,49.513476562500045],[116.68330078125001,49.823779296874996],[115.55761718749997,47.94501953124998],[115.89824218749999,47.686914062499994],[116.76054687499999,47.869775390624994],[117.35078125000001,47.652197265625],[117.76835937499999,47.987890625],[118.4984375,47.983984375],[119.71113281250001,47.15],[119.8978515625,46.8578125],[119.70664062500003,46.606005859374996],[118.30869140625003,46.717041015625],[117.3333984375,46.36201171874998],[116.56259765625003,46.289794921875],[116.240625,45.79599609375],[115.6810546875,45.45825195312497],[114.51718750000003,45.364599609375],[114.0302734375,44.942578125],[113.58701171875003,44.745703125],[111.89804687500003,45.0640625],[111.40224609375002,44.36728515625],[111.93320312500003,43.71142578125],[111.0072265625,43.34140625],[110.400390625,42.773681640625],[109.44316406249999,42.455957031249994],[108.17119140624999,42.447314453124996],[106.77001953125,42.288720703124994],[105.19707031249999,41.738037109375],[104.49824218750001,41.65869140625],[104.49824218750001,41.877001953124996],[103.71113281250001,41.751318359375],[103.07285156250003,42.00595703125],[101.97294921874999,42.215869140624996],[101.71386718749997,42.46582031249997],[99.9837890625,42.67734375],[99.46787109375003,42.568212890625],[97.20566406250003,42.789794921875],[96.38544921875001,42.720361328124994],[95.9125,43.206494140625],[95.35029296875001,44.278076171875],[94.71201171875003,44.350830078125],[93.65644531250001,44.9009765625],[92.78789062499999,45.0357421875],[91.584375,45.076513671875006],[90.87724609374999,45.19609375],[90.66181640625001,45.525244140625],[91.00175781249999,46.035791015624994],[91.03388671875001,46.52900390625],[90.86992187499999,46.954492187499994],[90.49619140625003,47.28515625],[90.31328124999999,47.67617187499999],[89.56093750000002,48.003955078124996],[89.04765624999999,48.0025390625],[88.51708984375,48.38447265625],[87.97968750000001,48.555126953125],[87.81425781249999,49.1623046875],[87.32285156250006,49.085791015625034],[86.753125,49.00883789062499],[86.54941406250006,48.528613281250045],[85.7494140625,48.38505859375002],[85.52597656250012,47.915625],[85.656640625,47.25463867187503],[84.78613281250003,46.830712890624994],[83.1930664062501,47.18657226562502],[83.00410156250004,47.03349609374999],[82.32666015624997,45.51992187500002],[82.47871093750004,45.12358398437502],[81.60205078124997,45.31083984374996],[80.05917968750006,45.006445312500034],[80.45546875,44.74609375000003],[80.35527343750007,44.097265625],[80.78574218750012,43.16157226562498],[80.16503906249997,42.66552734375],[80.209375,42.1900390625],[80.2162109375,42.03242187499998],[79.29355468750003,41.7828125],[78.36240234375003,41.371630859374996],[78.12343750000002,41.075634765625],[76.82402343749999,40.982324218749994],[76.48017578125001,40.449511718749996],[75.87197265625002,40.30322265625],[75.58349609374997,40.605322265625034],[75.0044921875,40.449511718749996],[74.41191406250002,40.13720703125006],[73.9916015625,40.043115234374966],[73.9146484375,39.606494140624996],[73.63164062500002,39.448876953124966],[73.80166015625005,38.60688476562504],[74.27744140625,38.65976562500006],[74.74501953125005,38.510009765625],[74.89130859375001,37.231640625],[74.54140625000002,37.02216796875]]],[[[110.88876953125006,19.991943359375],[110.17158203125004,20.05371093749997],[109.21894531250004,19.84282226562499],[109.1791015625,19.674121093750017],[108.6935546875001,19.338281249999966],[108.70156250000005,18.535253906249977],[109.51933593750002,18.21826171874997],[110.45126953125006,18.747949218749966],[110.57216796875005,19.171875],[111.01367187499997,19.65546875000001],[110.88876953125006,19.991943359375]]]]},"id":"CHN"},{"type":"Feature","properties":{"name":"Côte d'Ivoire","iso_a3":"CIV","adm0_a3":"CIV"},"geometry":{"type":"Polygon","coordinates":[[[-5.523535156249977,10.426025390625],[-6.034570312499994,10.19482421875],[-6.261132812499994,10.724072265624997],[-6.693261718749994,10.349462890624991],[-7.104882812499994,10.20351562499998],[-7.6611328125,10.427441406249997],[-7.990625,10.1625],[-8.136621093749994,10.022070312499991],[-8.136962890625028,9.49570312500002],[-7.896191406249983,9.415869140625006],[-7.950976562499989,8.786816406249997],[-7.823583984374977,8.467675781249994],[-8.231884765624983,7.556738281249991],[-8.486425781249977,7.55849609374998],[-8.296630859375,7.074023437499989],[-8.332568359374989,6.801562499999989],[-8.603564453124989,6.5078125],[-7.888623046874983,6.23486328125],[-7.796533203124994,5.97509765625],[-7.454394531249989,5.84130859375],[-7.429833984374994,5.324511718749989],[-7.568896484374989,5.080664062499991],[-7.544970703124989,4.351318359375],[-6.845166015624926,4.671484374999963],[-5.564746093749932,5.089453125000034],[-4.037207031249949,5.230126953124994],[-3.019140624999977,5.130810546874997],[-2.795214843749989,5.184521484374997],[-3.200585937499994,6.348242187499991],[-3.235791015624983,6.807226562499991],[-2.985791015624983,7.204882812499989],[-2.789746093749983,7.931933593750031],[-2.505859375,8.208740234375],[-2.746679687499977,9.109619140625],[-2.695849609374989,9.481347656249994],[-3.223535156249994,9.895458984374997],[-3.877636718749983,9.89492187499999],[-4.625830078124977,9.713574218749997],[-4.969921874999983,9.930078125000051],[-5.099853515625,10.241601562499994],[-5.523535156249977,10.426025390625]]]},"id":"CIV"},{"type":"Feature","properties":{"name":"Cameroon","iso_a3":"CMR","adm0_a3":"CMR"},"geometry":{"type":"Polygon","coordinates":[[[15.480078125,7.523779296874991],[15.44296875,7.851855468749989],[15.1162109375,8.557324218749997],[14.332324218750017,9.20351562499999],[13.977246093750011,9.691552734374994],[14.243261718750006,9.979736328125],[15.540917968750023,9.960302734374991],[15.276074218750011,10.357373046874997],[15.029882812500006,11.11367187499999],[15.08125,11.845507812499989],[14.76123046875,12.655615234374991],[14.516210937500006,12.979736328125],[14.06396484375,13.07851562499999],[14.197460937500011,12.3837890625],[14.627148437500011,12.108691406249974],[14.559765625000011,11.492285156249991],[13.89208984375,11.140087890624997],[13.535351562499983,10.60507812499999],[13.269921875000023,10.036181640624989],[13.175488281250011,9.539648437499991],[12.929492187500017,9.42626953125],[12.806542968750023,8.886621093750009],[12.403515625000011,8.595556640624991],[12.016015625000023,7.589746093749994],[11.767382812500017,7.272265624999989],[11.551660156250023,6.697265625],[11.1533203125,6.437939453124997],[11.032519531250017,6.69790039062498],[10.60625,7.063085937500034],[10.1435546875,6.996435546875048],[9.06015625,6.009082031249974],[8.800976562500011,5.197460937499997],[8.555859375000011,4.755224609374991],[8.90283203125,4.43515625],[9.000097656250006,4.091601562499989],[9.42529296875,3.922314453124997],[9.876171875000011,3.309765625],[9.80078125,2.304443359375],[9.979882812500023,2.167773437499989],[11.328710937500006,2.167431640624997],[11.348437500000017,2.299707031249994],[13.2203125,2.256445312499991],[13.293554687500006,2.161572265624997],[14.484082031250011,2.154736328124997],[14.902441406250006,2.012304687499991],[15.741601562500023,1.914990234374997],[16.059375,1.676220703124997],[16.183398437500017,2.270068359374989],[16.0634765625,2.90859375],[15.775,3.127197265625],[15.128710937500017,3.826904296875],[15.022753906250017,4.358544921874994],[14.708984375,4.665576171874989],[14.616894531250011,5.865136718749994],[14.7392578125,6.27978515625],[15.245898437500017,7.263574218749994],[15.480078125,7.523779296874991]]]},"id":"CMR"},{"type":"Feature","properties":{"name":"Dem. Rep. Congo","iso_a3":"COD","adm0_a3":"COD"},"geometry":{"type":"Polygon","coordinates":[[[23.96650390625001,-10.871777343750011],[24.319921875,-11.07177734375],[24.5185546875,-11.4384765625],[25.184863281250017,-11.24296875],[25.349414062500017,-11.623046875],[26.025976562500006,-11.89013671875],[26.59638671875001,-11.972070312500009],[26.949609375000023,-11.898828125],[27.04609375000001,-11.615917968750011],[27.53339843750001,-12.1953125],[28.357714843750017,-12.48203125],[29.014257812500006,-13.368847656250011],[29.55419921875,-13.248925781250009],[29.795312500000023,-13.392773437500011],[29.79511718750001,-12.155468750000011],[29.427539062500017,-12.43125],[29.064355468750023,-12.348828125000011],[28.482519531250006,-11.812109375],[28.357226562500017,-11.483007812500006],[28.63886718750001,-10.669238281250003],[28.63007812500001,-9.83125],[28.400683593750017,-9.224804687500011],[28.917773437500017,-8.700585937500009],[28.972265625,-8.464941406250006],[30.75117187500001,-8.193652343750003],[30.31318359375001,-7.203710937500006],[29.70966796875001,-6.616894531250011],[29.480078125,-6.025],[29.59414062499999,-5.650781250000023],[29.3427734375,-4.983105468750011],[29.403222656249994,-4.449316406250034],[29.223242187500006,-3.910839843750011],[29.224414062500017,-3.053515625],[29.01435546875001,-2.72021484375],[28.876367187500023,-2.400292968750009],[29.1064453125,-2.233203125],[29.12939453125,-1.860253906250009],[29.576953125000017,-1.387890625000011],[29.561914062500023,-0.97734375],[29.717675781250023,0.098339843749997],[29.934472656250023,0.4990234375],[29.94287109375,0.819238281249994],[30.94257812500001,1.6828125],[31.252734375000017,2.044580078124994],[31.176367187500006,2.270068359374989],[30.728613281250006,2.455371093749989],[30.83857421875001,3.49072265625],[30.50830078125,3.835693359375],[30.194921875,3.98193359375],[29.676855468750006,4.5869140625],[29.151464843750006,4.38818359375],[28.72705078125,4.504980468749991],[28.19208984375001,4.350244140624994],[27.7880859375,4.644677734374994],[27.4033203125,5.109179687499989],[27.11494140625001,5.197851562499991],[26.822070312500017,5.062402343749994],[25.52509765625001,5.31210937499999],[25.249316406250017,5.024560546874994],[24.765527343750023,4.93007812499999],[24.31982421875,4.994140625],[23.41718750000001,4.663134765624989],[22.755761718750023,4.646679687499997],[22.422167968750017,4.134960937499997],[21.53759765625,4.244824218749997],[20.55810546875,4.462695312499989],[20.226367187500017,4.829638671874989],[19.806542968750023,5.089306640624997],[19.5009765625,5.127490234374989],[19.06855468750001,4.891406249999989],[18.567480468750006,4.257568359375],[18.6103515625,3.478417968749994],[18.49091796875001,2.924414062499991],[18.072167968750023,2.01328125],[18.05781250000001,1.534863281249997],[17.902441406250006,1.118066406249994],[17.8876953125,0.234130859375],[17.72412109375,-0.277539062500011],[17.752832031250023,-0.549023437500011],[17.27880859375,-0.999609375],[16.8798828125,-1.225878906250003],[16.54072265625001,-1.840136718750003],[16.21533203125,-2.177832031250006],[16.217382812500006,-3.0302734375],[16.146777343750017,-3.464160156250003],[15.872460937500023,-3.934277343750011],[15.60009765625,-4.030957031250011],[14.707910156250023,-4.881738281250009],[14.410742187500006,-4.83125],[14.358300781250023,-4.299414062500006],[13.414941406250023,-4.83740234375],[13.07275390625,-4.634765625],[12.8296875,-4.736621093750003],[12.522363281250023,-5.148925781250014],[12.503710937500017,-5.69580078125],[12.213671875000017,-5.758691406250009],[12.41171875,-5.986328125],[13.068164062500017,-5.86484375],[14.398632812500011,-5.892675781250006],[16.315234375000017,-5.865625],[16.7177734375,-6.241406250000011],[16.742968750000017,-6.618457031250003],[16.98476562499999,-7.257421874999949],[17.536035156250023,-8.075878906250011],[18.653417968750006,-7.93603515625],[19.3408203125,-7.966601562500003],[19.527636718750017,-7.144433593750009],[19.87519531250001,-6.986328125],[20.482226562500017,-6.915820312500003],[20.607812500000023,-7.277734375],[21.751074218749977,-7.305468749999974],[21.905371093750006,-8.693359375],[21.81318359375001,-9.46875],[22.19775390625,-10.040625],[22.30244140625001,-10.396679687500011],[22.27880859375,-11.194140625],[22.56103515625,-11.055859375000011],[23.833886718750023,-11.013671874999943],[23.96650390625001,-10.871777343750011]]]},"id":"COD"},{"type":"Feature","properties":{"name":"Congo","iso_a3":"COG","adm0_a3":"COG"},"geometry":{"type":"Polygon","coordinates":[[[13.07275390625,-4.634765625],[13.414941406250023,-4.83740234375],[14.358300781250023,-4.299414062500006],[14.410742187500006,-4.83125],[14.707910156250023,-4.881738281250009],[15.60009765625,-4.030957031250011],[15.872460937500023,-3.934277343750011],[16.146777343750017,-3.464160156250003],[16.217382812500006,-3.0302734375],[16.21533203125,-2.177832031250006],[16.54072265625001,-1.840136718750003],[16.8798828125,-1.225878906250003],[17.27880859375,-0.999609375],[17.752832031250023,-0.549023437500011],[17.72412109375,-0.277539062500011],[17.8876953125,0.234130859375],[17.902441406250006,1.118066406249994],[18.05781250000001,1.534863281249997],[18.072167968750023,2.01328125],[18.49091796875001,2.924414062499991],[18.6103515625,3.478417968749994],[18.160937500000017,3.499804687499989],[17.43798828125,3.684619140624989],[16.67333984375,3.535205078124989],[16.468554687500017,2.831738281249997],[16.183398437500017,2.270068359374989],[16.059375,1.676220703124997],[15.741601562500023,1.914990234374997],[14.902441406250006,2.012304687499991],[14.484082031250011,2.154736328124997],[13.293554687500006,2.161572265624997],[13.162695312500006,1.648095703124994],[13.274121093750011,1.241015624999989],[13.851367187500017,1.41875],[14.180859375000011,1.370214843749991],[14.434472656250023,0.811474609374997],[14.0875,0.536572265624997],[13.884570312500017,0.190820312499994],[13.860058593750011,-0.203320312500011],[14.480566406250006,-0.618359375000011],[14.383984375000011,-1.890039062500009],[14.08740234375,-2.466894531250006],[13.784375,-2.163769531250011],[13.464941406250006,-2.395410156250009],[12.991992187500017,-2.313378906250009],[12.793554687500006,-1.931835937500011],[12.43212890625,-1.928906250000011],[12.446386718750006,-2.329980468750009],[11.5751953125,-2.397070312500006],[11.537792968750011,-2.83671875],[11.934179687500006,-3.318554687500011],[11.504296875000023,-3.5203125],[11.130175781250017,-3.916308593750003],[11.777539062500011,-4.565820312500009],[12.018359375000017,-5.004296875],[12.384570312500017,-4.619140624999986],[12.881054687500011,-4.445117187499974],[13.07275390625,-4.634765625]]]},"id":"COG"},{"type":"Feature","properties":{"name":"Colombia","iso_a3":"COL","adm0_a3":"COL"},"geometry":{"type":"Polygon","coordinates":[[[-66.87602539062496,1.223046874999966],[-67.21083984374997,2.390136718749972],[-67.83476562499999,2.892822265624972],[-67.31113281249998,3.415869140625048],[-67.66162109374997,3.8642578125],[-67.85527343749999,4.506884765625003],[-67.82490234375001,5.27045898437504],[-67.43935546874997,6.025537109375037],[-67.85917968749999,6.289892578124991],[-68.47177734374998,6.156542968750003],[-69.43925781250002,6.134912109375037],[-70.09501953125002,6.937939453125026],[-70.65507812499999,7.082763671875043],[-71.01328124999995,6.994433593749989],[-72.08427734375002,7.096875],[-72.44296874999998,7.454882812500003],[-72.41655273437502,8.381982421874966],[-72.66542968750002,8.627587890624994],[-72.79638671874994,9.10898437500002],[-73.35634765625,9.22685546874996],[-73.00654296874995,9.789160156250034],[-72.86933593749998,10.491259765624974],[-72.69008789062497,10.835839843750009],[-72.24848632812498,11.196435546875023],[-71.95810546874998,11.666406250000023],[-71.31972656249994,11.861914062499977],[-71.26210937500002,12.335302734374963],[-71.71455078125001,12.419970703124974],[-72.1357421875,12.188574218750006],[-72.275,11.889257812500034],[-72.72182617187497,11.712158203125014],[-73.31337890624994,11.295751953125006],[-74.05913085937499,11.340625],[-74.45424804687502,10.9890625],[-74.84458007812495,11.109716796875034],[-75.44599609375001,10.610888671875017],[-75.6708984375,10.196337890625031],[-75.63935546874995,9.450439453125028],[-76.13549804687497,9.265625],[-76.27685546875,8.98911132812502],[-76.88798828124996,8.619873046875028],[-76.85185546874999,8.090478515624994],[-77.37421874999998,8.658300781250034],[-77.21230468749997,8.033886718750011],[-77.35078124999993,7.705859374999974],[-77.743896484375,7.536962890625034],[-77.90117187499996,7.229345703124977],[-77.35986328125,6.504492187500006],[-77.46943359374995,6.176757812500028],[-77.24926757812503,5.780175781249966],[-77.40175781250002,5.41616210937498],[-77.28632812499995,4.721728515624989],[-77.42729492187496,4.060449218750009],[-77.16660156249998,3.86225585937504],[-77.24277343749995,3.585351562500023],[-77.67001953124995,2.878857421874969],[-78.12001953124997,2.488183593749966],[-78.61704101562498,2.306787109375051],[-78.57690429687497,1.773779296874991],[-78.85966796875002,1.45537109374996],[-78.31210937500003,1.046093749999983],[-77.46767578124994,0.636523437500031],[-77.42275390625002,0.424853515624989],[-76.49462890624994,0.235449218750034],[-76.31103515625003,0.448486328125],[-75.87978515625,0.150976562499963],[-75.28447265624999,-0.106542968750006],[-74.80175781250003,-0.200097656249966],[-74.41787109375,-0.580664062500006],[-74.24638671874999,-0.970605468750009],[-73.66430664062503,-1.248828125000017],[-73.4962890625,-1.693066406250011],[-73.19697265625,-1.830273437500011],[-73.1544921875,-2.278222656250009],[-72.39560546875,-2.42890625],[-71.7525390625,-2.152734374999966],[-71.39697265625,-2.334082031250006],[-70.91455078125,-2.21855468749996],[-70.07402343750002,-2.750195312499997],[-70.735107421875,-3.781542968750003],[-70.339501953125,-3.814355468750009],[-69.96591796875,-4.2359375],[-69.66904296875,-2.667675781249969],[-69.40024414062495,-1.194921874999963],[-69.66748046874997,-0.482421875000028],[-70.07050781250001,-0.138867187500026],[-70.05390624999998,0.578613281250043],[-69.163232421875,0.864062500000017],[-69.36137695312496,1.064013671874989],[-69.8521484375,1.059521484374969],[-69.84858398437498,1.708740234374972],[-68.17656249999999,1.71982421875002],[-67.81508789062497,1.790087890625031],[-67.35195312500002,2.08583984374998],[-66.87602539062496,1.223046874999966]]]},"id":"COL"},{"type":"Feature","properties":{"name":"Costa Rica","iso_a3":"CRI","adm0_a3":"CRI"},"geometry":{"type":"Polygon","coordinates":[[[-83.6419921875,10.917236328125],[-84.168359375,10.780371093749991],[-84.348291015625,10.979882812499994],[-84.9091796875,10.9453125],[-85.62138671874999,11.184472656249994],[-85.7443359375,11.06210937499999],[-85.667236328125,10.745019531249994],[-85.83061523437499,10.398144531249997],[-85.62485351562499,9.902441406249991],[-85.114501953125,9.581787109375],[-84.65888671875,9.646679687499997],[-83.89555664062499,9.276416015624989],[-83.63725585937499,9.035351562499997],[-83.73408203125,8.614453125],[-83.16240234374999,8.588183593749989],[-82.879345703125,8.070654296874991],[-82.99755859375,8.367773437499991],[-82.91704101562499,8.740332031249991],[-82.93984375000002,9.44916992187504],[-82.56357421875,9.576660156249986],[-82.77841796874999,9.66953125],[-83.4482421875,10.465917968749991],[-83.6419921875,10.917236328125]]]},"id":"CRI"},{"type":"Feature","properties":{"name":"Cuba","iso_a3":"CUB","adm0_a3":"CUB"},"geometry":{"type":"MultiPolygon","coordinates":[[[[-82.561767578125,21.571679687499966],[-82.71455078124995,21.890283203125023],[-83.08251953124994,21.791406249999966],[-82.85317382812494,21.443896484375045],[-82.561767578125,21.571679687499966]]],[[[-81.83745117187496,23.163037109374983],[-82.10136718749999,23.19042968749997],[-83.25781249999994,22.967578125000045],[-84.044921875,22.66601562499997],[-84.36127929687495,22.37890625000003],[-84.32636718749995,22.074316406250034],[-83.379638671875,22.222998046875063],[-82.73803710937503,22.689257812500017],[-81.90341796874998,22.679003906250045],[-81.81621093749999,22.20019531250003],[-80.96191406250003,22.052880859375023],[-80.49907226562496,22.063525390625074],[-80.23134765624997,21.872167968749977],[-79.27441406249997,21.562646484374994],[-78.63647460937503,21.515527343749994],[-78.49077148437502,21.053710937500057],[-77.99731445312503,20.715380859375045],[-77.22958984375,20.64375],[-77.21337890625,20.300390625000063],[-77.71508789062497,19.85546875],[-76.15844726562503,19.98974609375],[-75.11640625000001,19.901416015625045],[-74.25283203125002,20.079687500000034],[-74.88256835937497,20.650634765625],[-75.64277343749995,20.733496093750006],[-75.72294921874993,21.11103515625001],[-76.64741210937498,21.284521484375006],[-77.49726562499993,21.871630859375045],[-77.86503906249999,21.90058593750001],[-78.68647460937498,22.36684570312505],[-79.27568359374996,22.407617187499994],[-79.67666015625002,22.74306640625005],[-80.650146484375,23.103076171875017],[-81.17861328124994,23.059667968749977],[-81.83745117187496,23.163037109374983]]]]},"id":"CUB"},{"type":"Feature","properties":{"name":"N. Cyprus","iso_a3":null,"adm0_a3":"CYN"},"geometry":{"type":"Polygon","coordinates":[[[34.004492187500006,35.065234375],[33.941992187500006,35.292041015624996],[32.94160156250001,35.390429687499996],[32.71269531250002,35.171044921874994],[34.004492187500006,35.065234375]]]},"id":"CYN"},{"type":"Feature","properties":{"name":"Cyprus","iso_a3":"CYP","adm0_a3":"CYP"},"geometry":{"type":"Polygon","coordinates":[[[32.71269531250002,35.171044921874994],[32.31718750000002,34.9533203125],[32.44902343750002,34.729443359375],[32.94179687500002,34.57587890625],[34.004492187500006,35.065234375],[32.71269531250002,35.171044921874994]]]},"id":"CYP"},{"type":"Feature","properties":{"name":"Czechia","iso_a3":"CZE","adm0_a3":"CZE"},"geometry":{"type":"Polygon","coordinates":[[[16.953125,48.598828125],[17.1884765625,48.8609375],[17.75849609375001,48.888134765625],[18.160937500000017,49.257373046874996],[18.83222656250001,49.510791015624996],[18.562402343750023,49.879345703125],[17.874804687500017,49.972265625],[17.151953125,50.378320312499994],[16.679101562500023,50.097460937499996],[16.007226562500023,50.611621093749996],[14.809375,50.858984375],[14.369042968750023,50.898730468749996],[12.45263671875,50.3498046875],[12.27734375,50.181445312499996],[12.632031249999983,49.46123046874996],[13.814746093750017,48.766943359375],[14.049121093750017,48.602490234375],[14.691308593750023,48.59921875],[14.97216796875,48.983935546874996],[16.057226562500006,48.754785156249994],[16.477929687500023,48.800097656249996],[16.953125,48.598828125]]]},"id":"CZE"},{"type":"Feature","properties":{"name":"Germany","iso_a3":"DEU","adm0_a3":"DEU"},"geometry":{"type":"Polygon","coordinates":[[[13.814746093750017,48.766943359375],[12.632031249999983,49.46123046874996],[12.27734375,50.181445312499996],[12.45263671875,50.3498046875],[14.369042968750023,50.898730468749996],[14.809375,50.858984375],[15.0166015625,51.252734375],[14.601660156250006,51.832373046875],[14.752539062499977,52.08183593749996],[14.619433593750017,52.528515625],[14.128613281250011,52.878222656249996],[14.41455078125,53.283496093749996],[14.258886718750006,53.729638671875],[13.865527343750017,53.853369140625006],[13.028613281250045,54.41103515625002],[12.575390625000011,54.467382812500034],[12.111328125000057,54.168310546875034],[11.399609375000011,53.944628906250045],[10.360449218750034,54.43833007812498],[9.739746093750057,54.825537109375006],[8.670312500000051,54.90341796875006],[8.957226562500068,54.53833007812503],[8.897753906250045,53.83569335937506],[8.538476562500023,53.556884765625],[8.009277343750028,53.69072265625002],[7.285253906250063,53.681347656249955],[7.197265625,53.28227539062502],[7.03515625,52.380224609375006],[6.741796875,51.91088867187506],[5.948535156250045,51.76240234374998],[6.19326171875008,51.488916015624966],[5.894726562500011,50.984228515625006],[5.993945312500074,50.75043945312498],[6.364453125000068,50.31616210937506],[6.116503906250017,50.120996093749994],[6.4873046875,49.798486328124994],[6.344335937500006,49.452734375],[6.735449218750063,49.16059570312501],[7.45058593750008,49.15219726562498],[8.134863281250034,48.97358398437501],[7.58417968750004,48.064306640625034],[7.615625,47.592724609375],[8.617871093750011,47.76611328125],[9.524023437500006,47.52421875],[10.312792968750017,47.313427734375],[10.430371093750011,47.541064453124996],[11.297949218749977,47.42490234374998],[11.716796875,47.58349609375],[12.685839843750017,47.669335937499994],[12.814257812500017,48.16083984375],[13.409375,48.394140625],[13.814746093750017,48.766943359375]]]},"id":"DEU"},{"type":"Feature","properties":{"name":"Djibouti","iso_a3":"DJI","adm0_a3":"DJI"},"geometry":{"type":"Polygon","coordinates":[[[43.24599609375002,11.499804687499989],[42.79902343750001,11.739404296874994],[43.272070312500006,11.969531249999989],[43.409765625,12.18994140625],[43.11669921874997,12.708593749999977],[42.67011718750001,12.3765625],[42.378515625,12.46640625],[41.76650390625002,11.589111328125],[41.79824218750002,10.98046875],[42.557714843750006,11.080761718749997],[42.92275390625002,10.999316406249989],[43.24599609375002,11.499804687499989]]]},"id":"DJI"},{"type":"Feature","properties":{"name":"Denmark","iso_a3":"DNK","adm0_a3":"DNK"},"geometry":{"type":"MultiPolygon","coordinates":[[[[9.739746093750057,54.825537109375006],[9.591113281250074,55.49321289062496],[10.183007812500051,55.86518554687498],[10.282714843750028,56.62050781250002],[10.537109375000057,57.44853515624996],[9.962304687500023,57.58095703125002],[9.554296875000034,57.23247070312499],[8.61855468750008,57.11127929687501],[8.163964843750023,56.60688476562501],[8.132128906250017,55.59980468750001],[8.615917968749983,55.41821289062506],[8.670312500000051,54.90341796875006],[9.739746093750057,54.825537109375006]]],[[[10.645117187500034,55.60981445312501],[9.860644531250017,55.51547851562506],[9.98876953125,55.163183593750034],[10.785253906249977,55.133398437500006],[10.645117187500034,55.60981445312501]]],[[[12.56875,55.785058593749994],[12.21894531250004,56.11865234375],[10.97890625,55.721533203125034],[11.286328125000011,55.204443359375006],[11.65380859375,55.186914062499994],[12.56875,55.785058593749994]]]]},"id":"DNK"},{"type":"Feature","properties":{"name":"Dominican Rep.","iso_a3":"DOM","adm0_a3":"DOM"},"geometry":{"type":"Polygon","coordinates":[[[-71.779248046875,19.718164062499994],[-71.65703125000002,19.130761718749966],[-71.76831054687503,18.039160156249977],[-71.395703125,17.64609375],[-71.02783203125,18.273193359375],[-70.18310546875,18.251757812500003],[-69.770654296875,18.443554687499997],[-68.9349609375,18.408007812500003],[-68.658837890625,18.22202148437499],[-68.35927734375,18.5380859375],[-68.684765625,18.90478515625],[-69.739404296875,19.29921875],[-70.12944335937499,19.636132812499994],[-70.95415039062499,19.913964843749994],[-71.557763671875,19.89536132812499],[-71.779248046875,19.718164062499994]]]},"id":"DOM"},{"type":"Feature","properties":{"name":"Algeria","iso_a3":"DZA","adm0_a3":"DZA"},"geometry":{"type":"Polygon","coordinates":[[[9.51875,30.229394531249994],[9.044042968750006,32.07236328125006],[8.333398437500023,32.543603515624994],[8.2109375,32.926708984375],[7.7626953125,33.23310546875],[7.500195312500011,33.832470703125],[7.513867187500011,34.080517578125],[8.24560546875,34.73408203125],[8.394238281250011,35.203857421875],[8.245703125,35.870556640625],[8.230761718750017,36.545263671875],[8.576562500000023,36.93720703125],[7.910449218750017,36.856347656249994],[7.607714843750017,36.999755859375],[6.927539062500017,36.91943359375],[6.486523437500011,37.085742187499996],[6.064746093750017,36.8642578125],[5.195605468750017,36.676806640624996],[4.758105468750017,36.896337890625],[3.779003906250011,36.89619140625],[2.972851562500011,36.784472656249996],[2.593359375,36.60068359375],[1.257226562500023,36.519580078124996],[0.514941406250017,36.26181640625],[0.047949218750006,35.900537109374994],[-0.91748046875,35.668408203125],[-1.913281249999983,35.09423828125],[-2.219628906249994,35.10419921875],[-1.795605468749983,34.751904296875],[-1.67919921875,33.318652343749996],[-1.510009765625,32.87763671875],[-1.065527343749977,32.468310546874996],[-1.275341796874983,32.089013671874994],[-2.448388671874994,32.12998046875],[-2.930859374999983,32.042529296874996],[-3.017382812500017,31.83427734374996],[-3.826757812499977,31.661914062500017],[-3.833398437499994,31.19780273437496],[-4.322851562499977,30.698876953124994],[-4.96826171875,30.46538085937496],[-5.448779296874989,29.956933593749994],[-6.500878906249994,29.809130859374996],[-6.635351562499977,29.56879882812501],[-7.094921875000011,29.625195312499955],[-7.685156249999977,29.349511718749994],[-8.659912109375,28.718603515625],[-8.683349609375,27.656445312499997],[-8.683349609375,27.2859375],[-6.23867187499999,25.848193359375003],[-4.822607421874977,24.99560546875],[-3.257861328124989,23.98125],[-1.29296875,22.696533203125],[1.1455078125,21.102246093749997],[1.165722656250011,20.817431640625003],[1.685449218750023,20.378369140624997],[2.219335937500006,20.247802734375],[2.406152343750023,20.063867187499994],[3.203710937500006,19.789697265624994],[3.255859375,19.4109375],[3.106054687500006,19.150097656249997],[3.40087890625,18.988427734374994],[4.227636718750006,19.142773437499997],[5.836621093750011,19.479150390624994],[7.481738281250017,20.873095703125003],[9.378710937500017,21.99140625],[11.967871093750006,23.517871093750003],[11.536914062500017,24.290820312500003],[10.686132812500006,24.55136718749999],[10.255859375,24.591015625],[10.000683593750011,25.332080078125003],[9.4482421875,26.067138671875],[9.491406250000011,26.333740234375],[9.859375,26.551953125],[9.74755859375,27.330859375],[9.916015625,27.785693359374996],[9.842578125000017,28.966992187499997],[9.672656250000017,29.5669921875],[9.310253906250011,30.115234375],[9.51875,30.229394531249994]]]},"id":"DZA"},{"type":"Feature","properties":{"name":"Ecuador","iso_a3":"ECU","adm0_a3":"ECU"},"geometry":{"type":"MultiPolygon","coordinates":[[[[-78.85966796875002,1.45537109374996],[-78.899658203125,1.20625],[-79.74121093750003,0.979785156249974],[-80.08828124999994,0.784765625000034],[-80.025,0.410156250000014],[-80.13339843749998,-0.006054687499969],[-80.482275390625,-0.368261718750034],[-80.55390624999995,-0.847949218749974],[-80.90239257812499,-1.078906249999946],[-80.80141601562502,-1.383398437499991],[-80.77036132812498,-2.07666015625],[-80.96279296875002,-2.189257812500031],[-80.45009765625002,-2.6259765625],[-79.72988281250002,-2.579101562499957],[-79.92158203125001,-3.090136718749974],[-80.324658203125,-3.387890625000011],[-80.17924804687499,-3.877734375],[-80.510009765625,-4.069531250000011],[-80.4884765625,-4.393652343750006],[-80.13955078125,-4.29609375],[-79.63852539062499,-4.454882812500003],[-79.33095703125002,-4.927832031249991],[-79.07626953125,-4.990625],[-78.419775390625,-3.776855468749986],[-78.34726562499999,-3.43125],[-77.860595703125,-2.981640625000011],[-76.6791015625,-2.562597656250006],[-76.089794921875,-2.133105468750003],[-75.570556640625,-1.53125],[-75.26323242187499,-0.555371093750011],[-75.28447265624999,-0.106542968750006],[-75.87978515625,0.150976562499963],[-76.31103515625003,0.448486328125],[-76.49462890624994,0.235449218750034],[-77.42275390625002,0.424853515624989],[-77.46767578124994,0.636523437500031],[-78.31210937500003,1.046093749999983],[-78.85966796875002,1.45537109374996]]],[[[-91.27216796874995,0.025146484375],[-91.36918945312502,-0.287207031249949],[-90.90551757812497,-0.940527343750006],[-90.79965820312498,-0.752050781249977],[-91.27216796874995,0.025146484375]]]]},"id":"ECU"},{"type":"Feature","properties":{"name":"Egypt","iso_a3":"EGY","adm0_a3":"EGY"},"geometry":{"type":"Polygon","coordinates":[[[34.24531250000001,31.208300781249996],[34.19814453125002,31.322607421875],[33.66650390625,31.130419921874996],[33.1298828125,31.168164062499997],[32.10175781250001,31.092822265624996],[31.193945312500006,31.587597656249997],[30.700488281250017,31.403857421874996],[30.395117187500006,31.4576171875],[29.591601562500017,31.011523437499996],[29.072070312500017,30.830273437499997],[28.51484375000001,31.050439453124994],[27.967578125000017,31.097412109375],[27.248046875,31.377880859374997],[25.89326171875001,31.620898437499996],[25.382226562500023,31.51279296875],[25.150488281250006,31.654980468749997],[24.85273437500001,31.334814453125],[24.973925781250017,30.7765625],[24.726464843750023,30.2505859375],[24.980273437500017,29.181884765625],[24.980273437500017,26.936230468749997],[24.980273437500017,24.01694335937499],[24.980273437500017,21.995849609375],[28.036425781250017,21.995361328125],[29.564550781250006,21.9951171875],[31.434472656250023,21.995849609375],[33.91845703125,21.996240234374994],[36.87138671875002,21.996728515624994],[36.22968750000001,22.628808593749994],[35.697851562500006,22.946191406249994],[35.52275390625002,23.442529296874994],[35.62470703125001,24.06601562499999],[35.19414062500002,24.475146484375003],[34.56513671875001,25.691162109375],[33.959082031250006,26.6490234375],[33.89306640625,27.049462890624994],[33.5498046875,27.607373046874997],[33.54707031250001,27.898144531249997],[32.89824218750002,28.565234375],[32.6318359375,28.992236328124996],[32.72148437500002,29.521777343749996],[33.07578125,29.073046875],[33.24775390625001,28.567724609375],[33.76025390625,28.04765625],[34.22011718750002,27.764306640624994],[34.39970703125002,28.01601562499999],[34.736425781250006,29.27060546875],[34.904296875,29.47734375],[34.24531250000001,31.208300781249996]]]},"id":"EGY"},{"type":"Feature","properties":{"name":"Eritrea","iso_a3":"ERI","adm0_a3":"ERI"},"geometry":{"type":"Polygon","coordinates":[[[43.11669921874997,12.708593749999977],[42.79619140625002,12.864257812499986],[42.24511718750003,13.587646484375014],[41.65820312500003,13.983056640625009],[41.1764648437501,14.620312499999983],[40.20410156249997,15.014111328125011],[39.86376953125003,15.470312500000034],[39.50654296875004,15.532128906250023],[39.29892578125006,15.921093749999955],[39.14257812499997,16.729150390624994],[38.91171875,17.427148437499994],[38.609472656250006,18.005078125],[38.253515625,17.584765625],[37.78242187500001,17.4580078125],[37.411035156249994,17.061718749999983],[37.00898437500001,17.058886718750003],[36.91376953125001,16.296191406250003],[36.4267578125,15.132080078125],[36.524316406249994,14.256835937500014],[37.024511718750006,14.27197265625],[37.25722656250002,14.453759765624994],[37.57119140625002,14.149072265624994],[37.88417968750002,14.852294921875],[38.50439453124997,14.424414062500048],[39.07421875,14.628222656250003],[40.22148437500002,14.43115234375],[40.76953124999997,14.14448242187504],[41.362890625,13.499804687500003],[41.765039062499994,13.183935546875006],[42.378515625,12.46640625],[42.67011718750001,12.3765625],[43.11669921874997,12.708593749999977]]]},"id":"ERI"},{"type":"Feature","properties":{"name":"Spain","iso_a3":"ESP","adm0_a3":"ESP"},"geometry":{"type":"MultiPolygon","coordinates":[[[[1.428320312500006,42.5958984375],[-0.041162109374937,42.689111328124994],[-1.28544921874996,43.05961914062499],[-1.79404296874992,43.407324218750034],[-2.337109374999983,43.32802734375005],[-3.045605468749983,43.37158203125003],[-3.604638671875023,43.519482421874955],[-4.523046874999977,43.415722656249955],[-5.665820312499989,43.58247070312501],[-7.261962890625,43.594628906249994],[-7.698144531249966,43.764550781249966],[-8.873681640624994,43.33442382812501],[-9.235205078124949,42.976904296875006],[-8.690917968749972,42.27416992187503],[-8.77714843749996,41.94106445312502],[-8.213085937499983,42.133691406249994],[-7.920849609374955,41.883642578125034],[-7.403613281250017,41.83369140624998],[-6.618261718749977,41.9423828125],[-6.2125,41.53203124999999],[-6.928466796875028,41.009130859375034],[-6.810156249999977,40.34311523437498],[-7.036718749999949,39.71396484375006],[-7.445117187499932,39.53618164062499],[-7.046044921874994,38.90703124999999],[-7.343017578125,38.45742187500005],[-7.185449218749966,38.00634765624997],[-7.50351562499992,37.585498046875045],[-7.406152343749994,37.179443359375],[-6.884619140624977,37.194238281249994],[-6.492431640625,36.954638671875045],[-6.040673828124994,36.18842773437498],[-5.625488281249943,36.02592773437502],[-5.17148437499992,36.42377929687498],[-4.674121093749932,36.506445312500034],[-4.366845703124937,36.718115234375006],[-2.111523437499926,36.77666015625002],[-1.797607421875028,37.232861328124955],[-1.327539062499994,37.56113281250006],[-0.822167968749994,37.580761718749955],[-0.64677734374996,38.15185546875006],[-0.38125,38.435644531250034],[0.201562500000023,38.759179687499966],[-0.20493164062492,39.06259765625006],[-0.32700195312492,39.519873046875034],[1.03291015625004,41.06206054687499],[2.082617187500006,41.28740234374999],[3.248046875000028,41.94423828125002],[3.211425781250028,42.43115234375003],[2.032714843750057,42.35351562500003],[1.7060546875,42.503320312499994],[1.428320312500006,42.5958984375]]],[[[-16.334472656249943,28.379931640625017],[-16.90532226562496,28.339599609375057],[-16.65800781249996,28.007177734375006],[-16.334472656249943,28.379931640625017]]],[[[3.145312500000045,39.79008789062502],[2.784960937500017,39.85483398437498],[2.371289062500011,39.61308593750002],[3.072851562500034,39.30126953125],[3.461816406250051,39.69775390625006],[3.145312500000045,39.79008789062502]]]]},"id":"ESP"},{"type":"Feature","properties":{"name":"Estonia","iso_a3":"EST","adm0_a3":"EST"},"geometry":{"type":"MultiPolygon","coordinates":[[[[22.617382812499983,58.62124023437505],[22.081347656250045,58.478125],[22.152929687500063,58.115332031250006],[23.292871093750023,58.483496093750034],[22.617382812499983,58.62124023437505]]],[[[28.0125,59.484277343749994],[26.974707031250063,59.45063476562498],[25.50927734375003,59.639013671875006],[24.38037109374997,59.47265625000003],[23.494433593750074,59.195654296875006],[23.50927734374997,58.658544921875006],[23.76757812500003,58.36083984375003],[24.52910156249999,58.354248046875],[24.322558593750017,57.87060546875],[25.11103515625001,58.063427734375],[25.991113281250023,57.838183593749996],[26.532617187500023,57.531005859375],[27.351953125000023,57.528125],[27.75283203125005,57.84101562499998],[27.487792968750057,58.27006835937499],[27.464453125,58.84130859375003],[28.0125,59.484277343749994]]]]},"id":"EST"},{"type":"Feature","properties":{"name":"Ethiopia","iso_a3":"ETH","adm0_a3":"ETH"},"geometry":{"type":"Polygon","coordinates":[[[42.378515625,12.46640625],[41.765039062499994,13.183935546875006],[41.362890625,13.499804687500003],[40.76953124999997,14.14448242187504],[40.22148437500002,14.43115234375],[39.07421875,14.628222656250003],[38.50439453124997,14.424414062500048],[37.88417968750002,14.852294921875],[37.57119140625002,14.149072265624994],[37.25722656250002,14.453759765624994],[37.024511718750006,14.27197265625],[36.524316406249994,14.256835937500014],[36.390625,13.626074218749991],[36.21220703125002,13.27109375],[36.107519531250006,12.726464843749994],[35.59609375000002,12.537304687499997],[35.1123046875,11.816552734374994],[34.93144531250002,10.864794921874989],[34.571875,10.880175781249989],[34.27568359375002,10.528125],[34.29150390625,10.124755859375],[34.078125,9.461523437499991],[34.09453125000002,8.582226562499997],[33.95332031250001,8.443505859374994],[33.23427734375002,8.396386718749994],[33.01259765625002,7.951513671874991],[33.22597656250002,7.760644531249994],[33.666113281250006,7.670996093749991],[34.06425781250002,7.225732421874994],[34.71064453125001,6.660302734374994],[35.08193359375002,5.673144531249989],[35.26835937500002,5.492285156249991],[35.74501953125002,5.343994140625],[35.763085937499994,4.80800781249998],[36.08193359375002,4.44970703125],[36.90556640625002,4.411474609374991],[38.08613281250001,3.64882812499999],[39.49443359375002,3.456103515624989],[39.84218750000002,3.851464843749994],[40.765234375,4.27304687499999],[41.22089843750001,3.943554687499997],[41.88398437500001,3.977734375],[42.02412109375001,4.137939453125],[42.791601562500006,4.2919921875],[43.01601562500002,4.563330078124991],[43.53828125000001,4.84033203125],[44.028125,4.950976562499989],[44.940527343750006,4.912011718749994],[45.93496093750002,5.997216796874994],[47.97822265625001,7.9970703125],[46.97822265625001,7.9970703125],[44.02285156250002,8.986035156249997],[43.482519531250006,9.379492187499991],[43.181640625,9.879980468749991],[42.84160156250002,10.203076171874997],[42.65957031250002,10.621386718749989],[42.92275390625002,10.999316406249989],[42.557714843750006,11.080761718749997],[41.79824218750002,10.98046875],[41.76650390625002,11.589111328125],[42.378515625,12.46640625]]]},"id":"ETH"},{"type":"Feature","properties":{"name":"Finland","iso_a3":"FIN","adm0_a3":"FIN"},"geometry":{"type":"Polygon","coordinates":[[[28.96582031249997,69.02197265625003],[29.1416015625,69.67143554687499],[27.88994140624999,70.061669921875],[26.525390625,69.91503906249997],[26.011523437500017,69.65263671874999],[25.748339843750045,68.99013671875002],[24.941406250000057,68.59326171875],[23.85400390625003,68.80590820312497],[22.410937500000045,68.71987304687502],[21.62177734375001,69.27070312499998],[20.622167968750034,69.03686523437503],[21.99746093750008,68.52060546875003],[22.78242187500004,68.391015625],[23.63886718750001,67.95439453125005],[23.468066406250017,67.44995117187503],[23.988574218750017,66.81054687499997],[23.701171875,66.48076171875002],[24.155468749999983,65.8052734375],[25.34785156250001,65.479248046875],[25.372656249999977,65.00947265624995],[24.557910156250017,64.80102539062503],[23.24873046875001,63.896142578124994],[22.243261718750063,63.43793945312498],[21.103613281250063,62.62294921875005],[21.255957031250006,61.989648437499994],[21.60595703125,61.59155273437497],[21.36054687500001,60.96748046875001],[21.43603515625003,60.59638671875001],[22.575878906250068,60.35908203124998],[22.79345703124997,60.07680664062502],[23.721777343750006,59.965673828125034],[25.656445312500068,60.33320312500004],[27.797656250000017,60.53613281249997],[29.690136718750097,61.54609375000004],[31.28564453124997,62.56782226562501],[31.533984375000074,62.88540039062505],[31.18085937500004,63.20830078125002],[30.055371093750097,63.689013671875074],[30.50390624999997,64.02060546875003],[30.108105468750097,64.36611328125],[30.072851562500006,64.7650390625],[29.604199218750097,64.96840820312502],[29.903417968750063,66.09106445312503],[29.087011718750063,66.97094726562497],[29.941210937500017,67.5474609375],[29.343847656250006,68.061865234375],[28.470703125,68.48837890625003],[28.96582031249997,69.02197265625003]]]},"id":"FIN"},{"type":"Feature","properties":{"name":"Fiji","iso_a3":"FJI","adm0_a3":"FJI"},"geometry":{"type":"MultiPolygon","coordinates":[[[[178.28017578125005,-17.37197265624998],[177.61796875000013,-17.461035156250006],[177.26396484375013,-17.863476562500026],[177.32138671875012,-18.077539062500023],[177.84707031250005,-18.2548828125],[178.6676757812501,-18.08085937499999],[178.59160156250007,-17.65146484374999],[178.28017578125005,-17.37197265624998]]],[[[179.9992187500001,-16.16855468750005],[180,-16.152929687499963],[179.55175781250009,-16.24990234375001],[178.80507812500005,-16.63144531250002],[179.00683593750009,-16.900195312499974],[179.92792968750015,-16.74443359375003],[179.74814453125012,-16.446289062499957],[179.9992187500001,-16.16855468750005]]]]},"id":"FJI"},{"type":"Feature","properties":{"name":"Falkland Is.","iso_a3":"FLK","adm0_a3":"FLK"},"geometry":{"type":"MultiPolygon","coordinates":[[[[-60.286230468750006,-51.46191406250001],[-59.92138671875003,-51.96953125000004],[-59.26806640624997,-51.42753906250002],[-60.286230468750006,-51.46191406250001]]],[[[-58.850195312500034,-51.26992187499997],[-59.059521484374955,-51.68544921874998],[-59.57080078125,-51.92539062500001],[-59.068017578124994,-52.17304687500002],[-58.683496093749994,-51.936230468750004],[-57.83818359374999,-51.70917968750002],[-57.976513671874926,-51.384375],[-58.47373046874998,-51.509082031250024],[-58.850195312500034,-51.26992187499997]]]]},"id":"FLK"},{"type":"Feature","properties":{"name":"France","iso_a3":null,"adm0_a3":"FRA"},"geometry":{"type":"MultiPolygon","coordinates":[[[[1.7060546875,42.503320312499994],[2.032714843750057,42.35351562500003],[3.211425781250028,42.43115234375003],[3.0517578125,42.915136718750034],[3.258886718750006,43.193212890625034],[4.05263671875008,43.593066406250045],[4.628710937500017,43.38710937499999],[5.059765624999983,43.44453124999998],[5.406542968750045,43.22851562500003],[6.11591796875004,43.072363281250006],[6.49404296875008,43.169287109375034],[7.377734375000017,43.731738281249996],[7.438671875000011,43.750439453125],[7.493164062500057,43.76713867187496],[7.651464843750063,44.03364257812501],[6.967285156250028,44.280029296875],[7.03066406250008,44.716699218749966],[6.627734375000045,45.11796875000002],[7.153417968750034,45.40092773437502],[7.02109375,45.92578125],[6.758105468750017,46.415771484375],[6.060253906250011,46.428173828125],[7.000585937500006,47.322509765625],[7.615625,47.592724609375],[7.58417968750004,48.064306640625034],[8.134863281250034,48.97358398437501],[7.45058593750008,49.15219726562498],[6.735449218750063,49.16059570312501],[6.344335937500006,49.452734375],[5.789746093750011,49.53828125],[4.867578125000023,49.788134765625045],[4.174609375000045,50.246484374999966],[2.83974609375008,50.711767578125006],[2.524902343750057,51.09711914062498],[1.9125,50.990625],[1.579492187499994,50.7392578125],[1.551562499999989,50.29394531249997],[1.24550781250008,49.99824218750004],[0.18671875000004,49.70302734375002],[-0.163476562499994,49.29677734375002],[-1.138525390624949,49.38789062500004],[-1.258642578125006,49.68017578124997],[-1.856445312500028,49.68378906250001],[-1.437646484374966,48.64140625000002],[-2.446191406249994,48.64829101562498],[-2.692333984374955,48.53681640625001],[-3.2314453125,48.84082031250006],[-4.720751953124932,48.539892578125034],[-4.393164062499977,48.36762695312501],[-4.629199218749932,48.08579101562506],[-4.312109374999977,47.822900390624966],[-3.158837890624966,47.694677734375034],[-2.018896484374977,47.037646484375045],[-1.786523437499994,46.51484375000001],[-1.146289062499932,46.31137695312506],[-1.06601562499992,45.80566406250006],[-1.245507812499994,44.55986328124999],[-1.48486328125,43.56376953125002],[-1.79404296874992,43.407324218750034],[-1.28544921874996,43.05961914062499],[-0.041162109374937,42.689111328124994],[1.428320312500006,42.5958984375],[1.7060546875,42.503320312499994]]],[[[-51.652539062499955,4.061279296875],[-51.919580078124994,4.524316406250009],[-52.29052734375,4.9421875],[-52.89931640624994,5.425048828125014],[-53.45444335937498,5.563476562500057],[-53.84716796874994,5.782226562500028],[-54.15595703125,5.35898437499999],[-54.45219726562499,5.013476562499989],[-54.350732421874994,4.054101562499994],[-53.99047851562503,3.589550781249983],[-54.203125,3.13818359375],[-54.1955078125,2.81787109375],[-54.61625976562499,2.326757812499991],[-54.130078124999955,2.12104492187504],[-53.767773437499955,2.354833984374977],[-52.96484374999997,2.183544921874983],[-52.700634765624955,2.36367187499999],[-51.990625,3.702001953124977],[-51.652539062499955,4.061279296875]]],[[[55.79736328124997,-21.339355468750014],[55.66191406250002,-20.90625],[55.31132812500002,-20.904101562499974],[55.362695312499994,-21.273632812500026],[55.79736328124997,-21.339355468750014]]],[[[9.48037109375008,42.80541992187497],[8.713085937500068,42.54975585937504],[8.807519531250051,41.58837890625],[9.186132812499977,41.38491210937505],[9.550683593749994,42.12973632812498],[9.48037109375008,42.80541992187497]]]]},"id":"FRA"},{"type":"Feature","properties":{"name":"Gabon","iso_a3":"GAB","adm0_a3":"GAB"},"geometry":{"type":"Polygon","coordinates":[[[11.328710937500006,2.167431640624997],[11.335351562500023,0.999707031249997],[9.5908203125,1.031982421875],[9.296679687500017,-0.351269531250011],[8.821386718750006,-0.708398437500009],[9.064648437500011,-1.29833984375],[9.330664062500006,-1.534570312500009],[9.265625,-1.825097656250009],[9.759472656250011,-2.5185546875],[10.34765625,-3.013085937500009],[11.130175781250017,-3.916308593750003],[11.504296875000023,-3.5203125],[11.934179687500006,-3.318554687500011],[11.537792968750011,-2.83671875],[11.5751953125,-2.397070312500006],[12.446386718750006,-2.329980468750009],[12.43212890625,-1.928906250000011],[12.793554687500006,-1.931835937500011],[12.991992187500017,-2.313378906250009],[13.464941406250006,-2.395410156250009],[13.784375,-2.163769531250011],[14.08740234375,-2.466894531250006],[14.383984375000011,-1.890039062500009],[14.480566406250006,-0.618359375000011],[13.860058593750011,-0.203320312500011],[13.884570312500017,0.190820312499994],[14.0875,0.536572265624997],[14.434472656250023,0.811474609374997],[14.180859375000011,1.370214843749991],[13.851367187500017,1.41875],[13.274121093750011,1.241015624999989],[13.162695312500006,1.648095703124994],[13.293554687500006,2.161572265624997],[13.2203125,2.256445312499991],[11.348437500000017,2.299707031249994],[11.328710937500006,2.167431640624997]]]},"id":"GAB"},{"type":"Feature","properties":{"name":"United Kingdom","iso_a3":"GBR","adm0_a3":"GBR"},"geometry":{"type":"MultiPolygon","coordinates":[[[[-6.218017578124972,54.088720703125006],[-5.606787109374949,54.27255859375006],[-5.470410156249983,54.50019531249998],[-6.129150390624972,55.21738281249998],[-7.218652343749994,55.09199218750001],[-8.118261718749949,54.41425781249998],[-7.355175781249983,54.12124023437505],[-6.218017578124972,54.088720703125006]]],[[[-3.109667968749989,58.51547851562498],[-4.71542968749992,58.51000976562503],[-5.338281249999966,58.23872070312501],[-5.818066406249926,57.43608398437499],[-5.561914062499966,57.23271484374996],[-5.936767578124943,56.60571289062503],[-5.391943359374977,56.514794921874994],[-5.609570312499983,56.05527343749998],[-5.24560546875,55.92924804687496],[-4.721142578124926,55.42099609374998],[-5.135498046874972,54.857519531250034],[-3.957910156249937,54.78095703124998],[-2.92509765624996,53.732763671875034],[-3.064746093749989,53.42685546874998],[-4.111035156249983,53.21894531249998],[-3.980322265624977,52.54174804687506],[-4.383154296874977,52.19731445312496],[-5.088085937499983,51.99589843749996],[-4.902294921874955,51.62626953124996],[-4.386279296874989,51.741064453125006],[-3.135986328125,51.205029296874955],[-4.188183593749955,51.18852539062496],[-4.582910156249994,50.77636718750003],[-5.34228515625,50.24614257812499],[-4.172558593749983,50.39082031249998],[-3.79335937499999,50.22924804687503],[-3.404589843749932,50.632421875],[-2.547753906249994,50.616308593750006],[-1.516748046874994,50.747460937499994],[0.205078125000028,50.76303710937506],[0.96015625000004,50.925878906250006],[1.414941406250051,51.36328125000003],[0.686523437499972,51.38657226562498],[0.955078124999972,51.80781250000001],[1.55898437499999,52.08686523437501],[1.656738281250028,52.75371093749999],[0.558789062500068,52.966943359374994],[-0.205566406249943,54.02172851562503],[-0.67138671875,54.50390625000003],[-1.291748046875,54.773876953124955],[-1.655371093750006,55.570361328125045],[-2.147070312499977,55.90297851562505],[-3.17822265625,56.08012695312499],[-2.652734374999966,56.318261718749994],[-1.77792968749992,57.49375],[-2.074072265624949,57.702392578125],[-3.402783203124926,57.70825195312503],[-3.990039062499932,57.95903320312496],[-3.109667968749989,58.51547851562498]]]]},"id":"GBR"},{"type":"Feature","properties":{"name":"Georgia","iso_a3":"GEO","adm0_a3":"GEO"},"geometry":{"type":"Polygon","coordinates":[[[45.00136718750002,41.290966796875],[45.28095703125001,41.449560546875],[46.45791015625002,41.070214843749994],[46.61894531250002,41.34375],[46.18212890624997,41.65708007812498],[46.42988281250001,41.890966796875],[45.638574218749994,42.20507812499997],[45.7275390625,42.475048828125],[44.87099609375002,42.756396484374996],[43.95742187499999,42.566552734374994],[43.782617187499994,42.74702148437498],[42.419042968750006,43.22421875],[41.58056640624997,43.21923828125],[40.648046875,43.53388671875],[39.97832031250002,43.419824218749994],[40.83662109375001,43.0634765625],[41.48876953125,42.659326171874994],[41.76298828125002,41.970019531249996],[41.51005859375002,41.517480468749994],[42.46640625,41.43984375000005],[42.78789062500002,41.563720703125],[43.43945312499997,41.10712890625001],[45.00136718750002,41.290966796875]]]},"id":"GEO"},{"type":"Feature","properties":{"name":"Ghana","iso_a3":"GHA","adm0_a3":"GHA"},"geometry":{"type":"Polygon","coordinates":[[[-2.695849609374989,9.481347656249994],[-2.746679687499977,9.109619140625],[-2.505859375,8.208740234375],[-2.789746093749983,7.931933593750031],[-2.985791015624983,7.204882812499989],[-3.235791015624983,6.807226562499991],[-3.200585937499994,6.348242187499991],[-2.795214843749989,5.184521484374997],[-3.019140624999977,5.130810546874997],[-3.086718749999989,5.128320312499994],[-3.114013671875,5.088671874999989],[-2.001855468749994,4.762451171875],[-1.638476562499989,4.98085937499999],[-0.797705078124977,5.226708984374994],[0.259667968750023,5.75732421875],[0.94970703125,5.810253906249997],[1.187207031250011,6.089404296874989],[0.736914062500006,6.452587890624997],[0.525585937500011,6.850927734374991],[0.634765625,7.353662109374994],[0.58359375,8.145800781249989],[0.688085937500006,8.304248046874989],[0.415332031250017,8.65273437499999],[0.529003906250011,9.358300781249994],[0.261914062500011,9.49560546875],[0.362695312500023,10.236474609374994],[-0.057714843749977,10.630615234375],[-0.068603515625,11.115625],[-0.701416015625,10.988964843749997],[-2.829931640624977,10.998388671874991],[-2.914892578124977,10.592333984374989],[-2.78662109375,10.401904296874989],[-2.695849609374989,9.481347656249994]]]},"id":"GHA"},{"type":"Feature","properties":{"name":"Guinea","iso_a3":"GIN","adm0_a3":"GIN"},"geometry":{"type":"Polygon","coordinates":[[[-7.990625,10.1625],[-8.231494140624989,10.43798828125],[-8.407470703125,11.386279296874989],[-8.822021484375,11.673242187499994],[-9.043066406249977,12.40234375],[-9.82070312499999,12.04248046875],[-10.274853515624983,12.212646484375],[-10.677343749999977,11.8994140625],[-10.933203124999977,12.205175781249991],[-11.30517578125,12.015429687499989],[-11.389404296875,12.404394531249991],[-12.291210937499983,12.328027343749994],[-13.082910156249994,12.633544921875],[-13.729248046875,12.673925781249991],[-13.732763671874977,11.736035156249997],[-14.682958984374977,11.508496093749997],[-15.043017578124989,10.94013671875004],[-14.775927734374989,10.931640625],[-14.426904296874994,10.248339843749989],[-13.700488281249989,9.851269531249997],[-13.292675781249983,9.04921875],[-12.755859375,9.373583984374989],[-12.50146484375,9.862158203124991],[-11.911083984374983,9.993017578124991],[-11.205664062499977,9.977734375],[-10.690527343749977,9.314257812499989],[-10.500537109374989,8.687548828124989],[-10.283203125,8.485156249999989],[-9.768261718749983,8.534570312499994],[-9.518261718749983,8.34609375],[-9.368945312499989,7.639550781249994],[-9.459765624999989,7.442529296874994],[-9.11757812499999,7.215917968749991],[-8.8896484375,7.2626953125],[-8.708300781249989,7.658886718749997],[-8.486425781249977,7.55849609374998],[-8.231884765624983,7.556738281249991],[-7.823583984374977,8.467675781249994],[-7.950976562499989,8.786816406249997],[-7.896191406249983,9.415869140625006],[-8.136962890625028,9.49570312500002],[-8.136621093749994,10.022070312499991],[-7.990625,10.1625]]]},"id":"GIN"},{"type":"Feature","properties":{"name":"Gambia","iso_a3":"GMB","adm0_a3":"GMB"},"geometry":{"type":"Polygon","coordinates":[[[-16.763330078124994,13.064160156249997],[-16.648779296874977,13.154150390624991],[-15.834277343749989,13.156445312499997],[-15.509667968749994,13.586230468750003],[-16.56230468749999,13.587304687499994],[-16.824804687499977,13.341064453125],[-16.763330078124994,13.064160156249997]]]},"id":"GMB"},{"type":"Feature","properties":{"name":"Guinea-Bissau","iso_a3":"GNB","adm0_a3":"GNB"},"geometry":{"type":"Polygon","coordinates":[[[-13.729248046875,12.673925781249991],[-15.196093749999989,12.679931640625],[-15.574804687499977,12.490380859375023],[-16.711816406249994,12.354833984375034],[-16.13842773437497,11.917285156249974],[-15.501904296874955,11.723779296874994],[-15.393115234375017,11.217236328124997],[-15.043017578124989,10.94013671875004],[-14.682958984374977,11.508496093749997],[-13.732763671874977,11.736035156249997],[-13.729248046875,12.673925781249991]]]},"id":"GNB"},{"type":"Feature","properties":{"name":"Eq. Guinea","iso_a3":"GNQ","adm0_a3":"GNQ"},"geometry":{"type":"MultiPolygon","coordinates":[[[[9.80078125,2.304443359375],[9.80703125,1.927490234375043],[9.385937500000011,1.139257812500048],[9.5908203125,1.031982421875],[11.335351562500023,0.999707031249997],[11.328710937500006,2.167431640624997],[9.979882812500023,2.167773437499989],[9.80078125,2.304443359375]]],[[[8.73574218750008,3.75830078125],[8.474902343750045,3.264648437499972],[8.70400390625008,3.223632812500043],[8.946093750000017,3.627539062500006],[8.73574218750008,3.75830078125]]]]},"id":"GNQ"},{"type":"Feature","properties":{"name":"Greece","iso_a3":"GRC","adm0_a3":"GRC"},"geometry":{"type":"MultiPolygon","coordinates":[[[[20.001269531250017,39.70942382812501],[20.30078125000003,39.32709960937504],[20.77968750000005,39.00854492187506],[21.11318359375005,38.384667968749966],[21.47255859375008,38.321386718750034],[22.421679687500017,38.43852539062502],[22.799609375000074,37.981201171875],[21.824707031250057,38.328125],[21.403710937499994,38.19667968750002],[21.145019531250057,37.919287109375006],[21.57128906250003,37.54101562500003],[21.582910156250023,37.08095703125002],[22.080468750000023,37.028955078124994],[22.60839843750003,36.77973632812501],[23.073535156250017,36.77495117187502],[22.76503906250005,37.39331054687497],[23.161523437499994,37.333837890625034],[23.193652343750074,37.95903320312502],[23.58046875,38.010546875000045],[23.966992187500068,38.275],[23.252929687500057,38.661230468750006],[22.96552734375004,39.030908203124994],[22.919042968749977,39.62890625000006],[22.592187500000023,40.036914062500045],[22.629492187500063,40.495556640624955],[23.31201171875003,40.21645507812502],[23.66455078125,40.22382812500001],[23.878906250000057,40.544384765624955],[24.383789062500057,40.91274414062502],[25.10449218749997,40.994726562500034],[26.038964843750023,40.72675781249998],[26.624902343750023,41.401757812499994],[26.320898437500006,41.716552734375],[26.155175781250023,41.434863281249996],[25.25117187500001,41.243554687499994],[24.056054687500023,41.527246093749994],[23.635156250000023,41.386767578124996],[22.916015625,41.33627929687498],[22.493554687500023,41.118505859375],[21.929492187500017,41.107421875],[21.57578125,40.868945312499996],[20.964257812499994,40.84990234375002],[21.031054687500017,40.658642578125],[20.65742187500001,40.11738281250001],[20.001269531250017,39.70942382812501]]],[[[23.85224609375004,35.53544921875002],[23.561621093749977,35.295166015625],[24.463671875000074,35.16035156249998],[24.7998046875,34.934472656249966],[25.745019531249994,35.14272460937502],[25.475683593750006,35.30620117187502],[24.721289062499977,35.42480468750003],[24.31289062499999,35.363818359375045],[23.85224609375004,35.53544921875002]]],[[[23.41542968750005,38.95864257812502],[23.252148437499983,38.80122070312501],[23.7587890625,38.40122070312506],[24.09902343750005,38.670996093750034],[23.41542968750005,38.95864257812502]]]]},"id":"GRC"},{"type":"Feature","properties":{"name":"Greenland","iso_a3":"GRL","adm0_a3":"GRL"},"geometry":{"type":"MultiPolygon","coordinates":[[[[-52.731152343749955,69.9447265625],[-53.375146484374994,70.2212890625],[-54.83046875,70.16108398437501],[-54.804101562499966,69.63051757812502],[-53.78305664062495,69.50629882812501],[-53.57841796875002,69.25664062500005],[-52.11259765624999,69.48911132812498],[-52.045312499999966,69.80722656250003],[-52.731152343749955,69.9447265625]]],[[[-25.432324218749955,70.92133789062498],[-27.708935546874955,70.89711914062502],[-27.897998046874932,70.45400390625],[-25.402246093749966,70.65268554687498],[-25.432324218749955,70.92133789062498]]],[[[-29.95288085937497,83.56484375000002],[-32.98442382812493,83.599609375],[-43.194580078125,83.25512695312497],[-46.478173828124994,82.95190429687503],[-44.238867187500034,82.36816406250003],[-45.29106445312499,81.82880859375001],[-48.86118164062498,82.40541992187497],[-50.894433593749966,81.89521484375004],[-52.775585937499955,82.32172851562498],[-54.72587890625002,82.35136718750007],[-58.71738281249998,82.09306640625002],[-61.20292968749999,81.746875],[-61.435986328124955,81.13359375000005],[-62.99326171874995,81.20698242187498],[-66.99589843749996,80.41298828125005],[-66.84365234374994,80.07622070312502],[-64.79228515624999,80.00063476562497],[-65.96787109374995,79.13237304687502],[-67.48222656250002,79.11689453124995],[-68.99345703124996,78.85742187500003],[-72.39560546875,78.50434570312495],[-72.81806640624993,78.19433593750006],[-69.35136718749996,77.46713867187503],[-70.86284179687496,77.17543945312502],[-70.79282226562498,76.86909179687498],[-69.25205078124998,76.6861328125],[-69.37290039062498,76.33188476562503],[-66.82617187500003,75.96879882812505],[-63.438867187499966,76.33945312499998],[-61.188232421875,76.15786132812502],[-58.516210937500006,75.6890625],[-58.603466796874926,75.38530273437502],[-56.80131835937496,74.67167968750005],[-56.70634765624999,74.21918945312495],[-55.92949218749999,73.89541015625],[-56.10405273437493,73.55815429687502],[-54.737939453124966,72.87250976562495],[-55.601708984374994,72.45346679687503],[-55.315576171874966,72.110693359375],[-55.59404296874996,71.55351562499999],[-54.68906249999998,71.36723632812507],[-53.476025390624926,71.64018554687499],[-53.11704101562498,71.312890625],[-51.13007812500001,70.97172851562505],[-51.52446289062499,70.43945312499997],[-52.40522460937501,70.686767578125],[-54.16582031249996,70.82011718750007],[-54.01445312500002,70.42167968749999],[-52.25463867187497,70.05893554687498],[-50.5,69.93579101562503],[-51.249414062499994,68.73994140625004],[-53.03945312499999,68.61088867187502],[-53.577978515625006,67.83681640625],[-53.418798828125006,67.57456054687503],[-53.884423828124994,67.13554687500002],[-53.03828125000001,66.826806640625],[-53.634716796874926,66.41367187500003],[-52.25903320312497,65.15493164062502],[-52.093408203124994,64.41591796875],[-51.45107421874994,63.90478515624997],[-51.468847656250006,63.642285156249955],[-50.33833007812501,62.82875976562505],[-50.31923828125002,62.47319335937499],[-49.55346679687497,62.23271484375002],[-49.28906250000003,61.589941406250006],[-48.922070312499955,61.277441406250006],[-47.796240234375006,60.82885742187503],[-46.87446289062498,60.81640624999997],[-46.01171875,61.096826171874994],[-46.046630859375,60.61572265625003],[-45.379248046875006,60.202929687500045],[-44.06547851562496,59.92480468750006],[-43.32011718749999,59.928125],[-42.71704101562497,60.76748046875005],[-42.41875,61.53701171875005],[-42.11020507812498,61.85722656250002],[-42.321484374999955,62.15273437499999],[-42.152978515624994,62.568457031250034],[-40.55039062499998,63.725244140624994],[-40.78173828124997,64.22177734374998],[-40.182226562500034,64.47993164062498],[-40.65546874999998,64.91533203125005],[-39.57792968749993,65.34077148437495],[-39.96093749999997,65.55620117187505],[-37.75419921875002,65.59306640625002],[-36.37919921875002,65.83081054687506],[-34.63281250000003,66.43476562499998],[-34.101660156250006,66.72592773437498],[-33.156982421875,67.626708984375],[-32.274804687499966,67.9228515625],[-32.13725585937502,68.384912109375],[-30.978564453124932,68.06132812500007],[-29.868505859375006,68.31157226562507],[-29.24951171875003,68.29877929687495],[-26.341406249999977,68.70214843749997],[-23.088232421874977,69.88295898437502],[-23.173242187499994,70.11459960937503],[-26.747265624999983,70.47553710937504],[-28.015039062499966,70.40224609375002],[-28.540917968749994,70.47690429687503],[-27.688769531249932,70.99345703125005],[-26.717919921874966,70.95048828124999],[-25.74223632812496,71.18359375000006],[-24.37700195312499,71.14638671875002],[-23.79179687499996,70.55517578125],[-23.327832031249955,70.45097656250002],[-21.522656249999983,70.52622070312506],[-21.75224609374996,71.47832031250005],[-22.013330078124937,71.68881835937503],[-24.666845703124977,72.43735351562503],[-24.069042968749955,72.49873046875001],[-22.29321289062503,72.11953125000002],[-22.03632812500001,72.91845703125],[-22.18505859375003,73.269873046875],[-20.509667968749937,73.49287109374995],[-20.367285156249977,73.84824218750006],[-21.12944335937499,74.11088867187502],[-19.369140625,74.284033203125],[-19.22509765624997,74.47949218750006],[-20.48496093749995,75.31425781250002],[-19.425976562499955,75.22983398437506],[-19.508984374999983,75.75751953125001],[-20.103613281249977,76.21909179687498],[-21.569091796874943,76.293701171875],[-21.877343749999937,76.57348632812497],[-20.942089843749926,76.88701171875007],[-18.510302734374932,76.778173828125],[-18.339013671874937,77.21528320312498],[-20.23193359375003,77.368408203125],[-20.86259765624999,77.91186523437506],[-20.95566406249992,78.55502929687498],[-19.074951171874943,79.15234375],[-19.28359375,79.68315429687505],[-20.13847656249999,79.80336914062502],[-19.42919921875,80.25771484375002],[-16.868408203125,80.1982421875],[-16.760595703124977,80.57338867187505],[-14.503564453124966,80.76328125],[-11.528808593749943,81.42402343749995],[-12.192871093749943,81.64912109374998],[-15.555517578124949,81.83359375],[-17.226220703124966,81.43041992187503],[-21.14658203124992,81.69516601562506],[-21.33798828124992,82.06870117187503],[-25.148828124999937,82.00112304687502],[-21.520654296875023,82.59541015624995],[-24.4703125,82.87739257812504],[-25.947412109375023,83.2896484375],[-29.95288085937497,83.56484375000002]]]]},"id":"GRL"},{"type":"Feature","properties":{"name":"Guatemala","iso_a3":"GTM","adm0_a3":"GTM"},"geometry":{"type":"Polygon","coordinates":[[[-89.161474609375,17.814843750000023],[-90.98916015625,17.81640625],[-90.99296875000002,17.25244140625003],[-91.409619140625,17.255859375],[-90.4169921875,16.39101562499999],[-90.44716796875002,16.07270507812501],[-91.736572265625,16.07016601562499],[-92.18715820312502,15.320898437499977],[-92.07480468749999,15.07421875],[-92.23515624999999,14.54541015625],[-91.819091796875,14.228222656249997],[-91.14604492187499,13.925585937500003],[-90.60693359375,13.929003906250003],[-90.09521484375,13.736523437499997],[-89.872705078125,14.045605468749997],[-89.36259765624999,14.416015625],[-89.22236328125,14.866064453124991],[-88.97641601562499,15.142675781249991],[-88.22832031249999,15.72900390625],[-88.89404296875,15.890625],[-89.2375,15.894433593749994],[-89.161474609375,17.814843750000023]]]},"id":"GTM"},{"type":"Feature","properties":{"name":"Guyana","iso_a3":"GUY","adm0_a3":"GUY"},"geometry":{"type":"Polygon","coordinates":[[[-56.4828125,1.942138671875014],[-56.704345703125,2.036474609374991],[-57.20981445312499,2.8828125],[-57.303662109375,3.377099609374994],[-57.54960937499999,3.352832031249989],[-57.832666015624994,3.675976562499997],[-58.05449218749999,4.171923828124989],[-57.711083984374994,4.991064453124991],[-57.331005859375,5.020166015624994],[-57.194775390625,5.5484375],[-57.19023437499999,6.097314453124994],[-57.982568359374994,6.785888671875],[-58.48056640624999,7.038134765624989],[-58.626611328124994,7.5458984375],[-59.20024414062499,8.07460937499999],[-60.017529296875,8.54931640625],[-59.83164062499999,8.305957031249989],[-60.03242187500001,8.05356445312502],[-60.513623046875,7.813183593749997],[-60.71923828125,7.498681640624994],[-60.39501953125,6.945361328124989],[-61.145605468750034,6.69453125],[-61.12871093749999,6.214306640624997],[-61.37680664062499,5.906982421875],[-60.742138671875,5.202050781249994],[-60.142041015625,5.238818359374989],[-59.990673828125,5.082861328124991],[-60.11113281249999,4.511181640624997],[-59.833349609375034,4.475927734375006],[-59.551123046875006,3.933544921874997],[-59.854394531249994,3.5875],[-59.9943359375,2.689990234374989],[-59.755224609375006,2.274121093749969],[-59.756201171875034,1.900634765624986],[-59.23120117187503,1.37602539062496],[-58.8625,1.20361328125],[-58.51186523437502,1.28466796875],[-58.34067382812499,1.587548828124994],[-57.59443359375,1.7041015625],[-57.118896484375,2.013964843749989],[-56.83671874999999,1.88125],[-56.4828125,1.942138671875014]]]},"id":"GUY"},{"type":"Feature","properties":{"name":"Honduras","iso_a3":"HND","adm0_a3":"HND"},"geometry":{"type":"Polygon","coordinates":[[[-89.36259765624999,14.416015625],[-88.51254882812499,13.978955078124997],[-88.151025390625,13.987353515625003],[-87.71533203125,13.812695312499997],[-87.814208984375,13.399169921875],[-87.489111328125,13.35292968749998],[-87.33725585937499,12.979248046875],[-87.0591796875,12.991455078125057],[-86.710693359375,13.313378906249994],[-86.73364257812503,13.763476562500045],[-86.33173828125,13.770068359375003],[-86.15122070312503,13.994580078125054],[-85.78671875,13.844433593750011],[-85.17949218749999,14.343310546875003],[-84.98515624999999,14.75244140625],[-84.645947265625,14.661083984374997],[-83.86728515624999,14.794482421875003],[-83.15751953124999,14.993066406249994],[-83.36918945312499,15.239990234375014],[-83.76044921874995,15.220361328125023],[-84.26142578124995,15.822607421875063],[-84.97373046875003,15.989892578125023],[-85.48369140625002,15.899511718750006],[-85.78398437499999,16.002832031249994],[-86.35664062499995,15.783203125000028],[-86.90722656249994,15.762353515625023],[-87.6181640625,15.909863281249983],[-88.22832031249999,15.72900390625],[-88.97641601562499,15.142675781249991],[-89.22236328125,14.866064453124991],[-89.36259765624999,14.416015625]]]},"id":"HND"},{"type":"Feature","properties":{"name":"Croatia","iso_a3":"HRV","adm0_a3":"HRV"},"geometry":{"type":"MultiPolygon","coordinates":[[[[17.667578125000034,42.897119140624994],[18.517480468750023,42.432910156249996],[18.436328125000017,42.559716796874994],[17.667578125000034,42.897119140624994]]],[[[19.007128906250074,44.86918945312496],[19.05507812500008,45.527246093749994],[18.905371093750006,45.93173828125],[17.9638671875,45.770263671875],[17.310644531250006,45.996142578124996],[16.516210937500006,46.499902343749994],[15.635937500000011,46.200732421874996],[15.624804687500017,45.834033203124996],[15.339453125,45.467041015625],[13.878710937500017,45.428369140624994],[13.577929687500017,45.516894531249996],[13.629296875000051,45.10820312499999],[13.965820312500028,44.835644531249955],[14.386132812500051,45.342138671875034],[14.854589843750006,45.08100585937504],[15.122949218750051,44.25678710937498],[15.941503906250006,43.65664062500002],[16.903125,43.392431640625006],[17.58515625000001,42.938378906249966],[17.624804687500017,43.04277343750002],[16.21425781250005,44.21513671875002],[15.736621093750017,44.765820312499955],[15.788085937500028,45.178955078125],[16.293359375000023,45.00883789062499],[16.53066406250005,45.216699218749966],[17.812792968750045,45.078125],[18.662597656250057,45.07744140625002],[19.007128906250074,44.86918945312496]]]]},"id":"HRV"},{"type":"Feature","properties":{"name":"Haiti","iso_a3":"HTI","adm0_a3":"HTI"},"geometry":{"type":"Polygon","coordinates":[[[-71.779248046875,19.718164062499994],[-72.63701171874999,19.90087890625003],[-73.11777343749998,19.90380859375],[-73.05273437499994,19.610742187499966],[-72.70322265624998,19.44106445312505],[-72.81108398437502,19.07158203124999],[-72.34765625000003,18.674951171875023],[-72.78935546874993,18.43481445312503],[-74.22773437499998,18.662695312500006],[-74.41904296874995,18.34619140625],[-73.88496093749995,18.041894531250023],[-73.38515625,18.25117187500001],[-72.87666015624995,18.151757812500023],[-72.05986328125002,18.228564453125017],[-71.76831054687503,18.039160156249977],[-71.65703125000002,19.130761718749966],[-71.779248046875,19.718164062499994]]]},"id":"HTI"},{"type":"Feature","properties":{"name":"Hungary","iso_a3":"HUN","adm0_a3":"HUN"},"geometry":{"type":"Polygon","coordinates":[[[16.093066406250017,46.86328125],[16.516210937500006,46.499902343749994],[17.310644531250006,45.996142578124996],[17.9638671875,45.770263671875],[18.905371093750006,45.93173828125],[19.53076171875,46.15517578125002],[20.241796875,46.10859375],[21.151953125,46.304345703124994],[22.290625,47.727832031249996],[22.87666015625001,47.947265625],[22.1318359375,48.405322265624996],[21.45136718750001,48.55224609375],[20.490039062500017,48.526904296874996],[19.89863281250001,48.13134765625],[18.914160156250006,48.050830078124996],[18.72421875,47.787158203124996],[17.76191406250001,47.770166015624994],[17.147363281250023,48.00595703125],[16.434375,47.367431640625],[16.453417968750017,47.006787109375],[16.093066406250017,46.86328125]]]},"id":"HUN"},{"type":"Feature","properties":{"name":"Indonesia","iso_a3":"IDN","adm0_a3":"IDN"},"geometry":{"type":"MultiPolygon","coordinates":[[[[120.0125,-9.374707031249997],[119.18564453125006,-9.38447265625004],[119.08544921874997,-9.706933593750009],[119.60107421874997,-9.773535156249991],[120.14482421875007,-10.200097656250023],[120.4391601562501,-10.294042968749977],[120.83261718750012,-10.0375],[120.50371093750007,-9.674023437499969],[120.0125,-9.374707031249997]]],[[[125.06816406250007,-9.511914062499983],[124.922265625,-8.942480468749963],[124.44443359375006,-9.190332031250009],[124.0363281250001,-9.341601562500003],[123.709375,-9.61484375],[123.58925781250005,-9.966796875000014],[123.8576171875001,-10.343554687500031],[124.42753906250002,-10.148632812500026],[125.06816406250007,-9.511914062499983]]],[[[116.64082031250004,-8.613867187499991],[116.73408203125004,-8.386914062500026],[116.40156250000004,-8.20419921875002],[116.06113281250006,-8.437402343750009],[116.07646484375007,-8.744921874999946],[116.37724609375007,-8.929003906249974],[116.64082031250004,-8.613867187499991]]],[[[122.7829101562501,-8.61171875],[122.60351562500003,-8.402441406249991],[122.26308593750005,-8.624902343750009],[121.9665039062501,-8.455175781249991],[121.4445312500001,-8.577832031250011],[120.61025390625,-8.240429687500026],[119.91826171875002,-8.445117187499974],[119.80791015625007,-8.69765625],[121.03525390625012,-8.935449218749952],[121.65136718750003,-8.898730468750017],[122.7829101562501,-8.61171875]]],[[[118.2423828125001,-8.317773437499966],[118.11748046875002,-8.122265625000026],[117.5670898437501,-8.426367187499977],[117.16484375000002,-8.3671875],[116.83505859375006,-8.532421875],[116.7884765625,-9.006347656250014],[117.06132812500007,-9.099023437499966],[118.18994140624997,-8.840527343749983],[119.00625,-8.74960937500002],[118.98779296874997,-8.337695312500031],[118.2423828125001,-8.317773437499966]]],[[[115.44785156250006,-8.15517578124998],[114.4752929687501,-8.119433593749974],[115.23613281250002,-8.797558593750011],[115.7042968750001,-8.407128906249966],[115.44785156250006,-8.15517578124998]]],[[[126.80097656250004,-7.667871093749994],[126.60957031250004,-7.571777343749957],[125.84316406250005,-7.816699218750031],[126.4720703125,-7.950390625],[126.80097656250004,-7.667871093749994]]],[[[138.5353515625001,-8.27363281250004],[138.98906250000007,-7.696093749999974],[138.76982421875002,-7.39042968749996],[138.29550781250006,-7.438476562499986],[138.00751953125004,-7.641601562499972],[137.68515625000006,-8.262207031250014],[138.2962890625,-8.405175781250009],[138.5353515625001,-8.27363281250004]]],[[[131.32558593750005,-7.999511718749972],[131.6911132812501,-7.438867187499966],[131.26005859375002,-7.470507812500017],[131.08681640625,-7.865039062500017],[131.32558593750005,-7.999511718749972]]],[[[113.84453125000002,-7.10537109374998],[113.97470703125006,-6.873046874999986],[112.86806640625005,-6.899902343749943],[112.76376953125012,-7.139648437500028],[113.47070312499997,-7.218457031250011],[113.84453125000002,-7.10537109374998]]],[[[134.53681640625004,-6.44228515624998],[134.16806640625006,-6.176269531249957],[134.05917968750006,-6.769335937499989],[134.35595703124997,-6.814843750000023],[134.53681640625004,-6.44228515624998]]],[[[107.37392578125005,-6.007617187499974],[107.0462890625,-5.904199218749952],[106.82519531249997,-6.098242187499963],[106.075,-5.914160156250034],[105.86826171875006,-6.116406250000026],[105.48369140625007,-6.781542968749989],[106.5197265625001,-7.053710937500014],[106.63144531250012,-7.415527343750014],[107.28496093750002,-7.4716796875],[107.91748046875003,-7.72412109375],[108.45175781250006,-7.796972656250006],[108.74121093749997,-7.66708984375002],[109.281640625,-7.704882812499989],[110.03867187500006,-7.890527343749966],[110.60722656250007,-8.149414062499957],[111.50996093750004,-8.305078124999966],[112.67880859375012,-8.409179687500028],[113.2533203125,-8.286718749999949],[114.58378906250002,-8.769628906250006],[114.38691406250004,-8.405175781250009],[114.44423828125,-7.895605468750034],[114.070703125,-7.633007812499997],[113.2484375,-7.718164062500023],[112.79453125000006,-7.552441406250011],[112.53925781250004,-6.926464843750026],[112.08730468750005,-6.893359374999946],[111.54033203125002,-6.648242187500017],[111.15439453125006,-6.669042968749991],[110.73691406250012,-6.472363281249983],[110.42626953124997,-6.947265625],[108.67783203125012,-6.790527343749957],[108.29501953125012,-6.265039062500023],[107.66679687500002,-6.215820312500028],[107.37392578125005,-6.007617187499974]]],[[[134.74697265625005,-5.707031250000028],[134.34130859375003,-5.712890624999972],[134.4411132812501,-6.334863281250037],[134.75585937499997,-6.170605468749969],[134.74697265625005,-5.707031250000028]]],[[[122.64511718750006,-5.269433593749952],[122.70195312500002,-4.618652343749986],[122.36894531250002,-4.767187499999949],[122.39628906250002,-5.069824218749972],[122.64511718750006,-5.269433593749952]]],[[[126.86113281250002,-3.087890624999957],[126.02646484375006,-3.170507812500006],[126.2145507812501,-3.605175781250011],[126.68632812500002,-3.823632812500023],[127.22958984375012,-3.633007812499997],[127.22734375000002,-3.39101562499999],[126.86113281250002,-3.087890624999957]]],[[[129.75468750000002,-2.86582031250002],[129.42734375000006,-2.790722656249997],[128.19853515625002,-2.86591796875004],[128.08212890625006,-3.184082031250014],[128.41923828125002,-3.416015625000014],[128.96748046875004,-3.326074218749994],[129.46767578125,-3.453222656249963],[129.84414062500005,-3.327148437500028],[130.805078125,-3.857714843750031],[130.85996093750006,-3.570312500000014],[130.37910156250004,-2.989355468749963],[129.75468750000002,-2.86582031250002]]],[[[108.20722656250004,-2.997656249999963],[108.0744140625001,-2.59697265624996],[107.66630859375007,-2.566308593750023],[107.6144531250001,-3.209375],[108.20722656250004,-2.997656249999963]]],[[[124.96953125000002,-1.705468749999966],[124.38085937500003,-1.6875],[124.41777343750007,-2.005175781250003],[124.83447265624997,-1.894433593750009],[124.96953125000002,-1.705468749999966]]],[[[135.47421875000006,-1.591796874999986],[136.19257812500004,-1.859179687500017],[136.2015625,-1.654980468749983],[135.47421875000006,-1.591796874999986]]],[[[106.04570312500007,-1.66943359375],[105.58544921874997,-1.52675781249998],[105.13339843750012,-2.04257812499999],[105.78583984375004,-2.181347656250011],[105.9987304687501,-2.824902343750026],[106.54677734375,-3.055566406250037],[106.67880859375006,-2.704003906250009],[106.3659179687501,-2.464843749999957],[106.04570312500007,-1.66943359375]]],[[[128.15302734375004,-1.660546874999966],[127.74296875000002,-1.36025390624998],[127.56162109375012,-1.728515624999957],[128.15302734375004,-1.660546874999966]]],[[[99.16386718750002,-1.777929687499991],[99.26728515625004,-1.627734375000031],[98.86904296875,-0.915625],[98.6017578125001,-1.19785156250002],[98.87431640625002,-1.663671874999977],[99.16386718750002,-1.777929687499991]]],[[[135.38300781250004,-0.651367187499986],[135.83876953125,-1.119433593750031],[135.89355468749997,-0.72578125000004],[135.38300781250004,-0.651367187499986]]],[[[140.97343750000007,-2.60976562499999],[140.62255859374997,-2.445800781249986],[139.78955078124997,-2.348242187500006],[138.64980468750005,-1.791113281250006],[137.80625,-1.483203124999989],[137.12343750000005,-1.840917968750034],[136.84326171874997,-2.197656249999966],[136.38994140625002,-2.273339843750023],[136.24326171875006,-2.583105468749977],[135.48662109375002,-3.345117187499966],[135.03740234375007,-3.333105468750006],[134.1556640625,-2.195214843749994],[134.105859375,-1.720996093750017],[134.25957031250007,-1.362988281250011],[133.97451171875005,-0.744335937499997],[133.47265624999997,-0.726171875000034],[132.62509765625012,-0.358886718749986],[132.12841796875003,-0.454101562500028],[131.80429687500006,-0.703808593750011],[131.2572265625,-0.85546875],[131.29375,-1.393457031249994],[131.9303710937501,-1.55966796875002],[132.02343750000003,-1.990332031250006],[132.30761718750003,-2.242285156249991],[132.96279296875,-2.272558593750034],[133.92158203125004,-2.102050781250028],[133.90488281250006,-2.390917968749989],[133.60869140625007,-2.547167968750031],[133.19101562500006,-2.437792968750031],[132.34824218750012,-2.975097656249986],[132.7513671875,-3.294628906249983],[132.75390624999997,-3.703613281249986],[132.96855468750002,-4.09492187500004],[133.2487304687501,-4.062304687499974],[133.653125,-3.364355468749977],[133.9738281250001,-3.81796875000002],[134.14707031250006,-3.796777343749966],[135.19560546875007,-4.450683593749957],[135.9796875000001,-4.530859375000034],[136.6188476562501,-4.81875],[137.0892578125,-4.924414062500006],[137.75908203125007,-5.256152343750003],[138.25214843750004,-5.688183593749997],[138.43867187500004,-6.34335937499999],[138.86455078125002,-6.858398437500014],[138.74794921875,-7.251464843749986],[139.08798828125006,-7.587207031249989],[138.8561523437501,-8.145117187499963],[139.38564453125005,-8.189062499999949],[139.9347656250001,-8.10117187499999],[140.97617187500006,-9.11875],[140.97519531250006,-6.905371093749991],[140.97421875000012,-4.226464843750023],[140.97343750000007,-2.60976562499999]]],[[[97.48154296875006,1.465087890624986],[97.24423828125012,1.423632812499974],[97.40537109375006,0.94697265625004],[97.87646484375003,0.628320312500051],[97.93193359375007,0.973925781250017],[97.48154296875006,1.465087890624986]]],[[[124.88886718750004,0.995312500000026],[125.23378906250005,1.50229492187502],[124.98925781249997,1.701025390625006],[124.2736328125001,1.022265625000017],[123.84667968749997,0.838183593749989],[123.278125,0.928076171875006],[122.89248046875,0.85],[122.43662109375006,1.018066406250043],[121.59179687499997,1.06796875],[121.44003906250006,1.214404296874989],[120.91210937499997,1.288964843749994],[120.51660156249997,0.817529296875051],[120.26953124999997,0.970800781250006],[119.8092773437501,0.23867187499998],[119.77167968750004,-0.48359375],[119.30898437500005,-1.408203124999986],[119.321875,-1.9296875],[119.0921875,-2.482910156249986],[118.78369140624997,-2.764746093750034],[118.8125,-3.156640625000023],[118.99462890625003,-3.537597656250014],[119.41982421875,-3.475390625000031],[119.62363281250012,-4.034375],[119.61171875,-4.423535156250026],[119.37617187500004,-5.424804687499986],[119.71728515624997,-5.693359374999986],[120.31162109375012,-5.541601562499977],[120.27929687500003,-5.146093749999963],[120.4201171875001,-4.617382812499983],[120.3625,-4.085742187500031],[120.43662109375006,-3.707324218750031],[120.25410156250004,-3.05283203125002],[120.65361328125007,-2.667578124999949],[121.0521484375,-2.751660156250026],[121.05429687500006,-3.16708984375002],[120.91425781250004,-3.555761718749977],[121.61806640625,-4.092675781250023],[121.48652343750004,-4.581054687499957],[121.91699218749997,-4.847949218749974],[122.20712890625012,-4.496386718750031],[122.89736328125005,-4.349121093749957],[122.87734375000005,-4.109082031249997],[122.25292968750003,-3.620410156250003],[122.39902343750012,-3.200878906249983],[121.84824218750006,-2.331542968749972],[121.34882812500004,-1.945996093750026],[121.71875,-1.862792968749957],[122.50664062500002,-1.347851562500026],[122.88876953125006,-0.755175781249989],[122.27998046875004,-0.757031250000011],[121.96962890625005,-0.93330078125004],[121.51933593750002,-0.85556640625002],[121.03369140624997,-1.406542968750003],[120.66738281250005,-1.370117187499943],[120.51757812499997,-1.03945312499999],[120.09746093750002,-0.649902343749943],[120.01328125000006,-0.19619140624998],[120.3490234375,0.449218749999972],[121.42578124999997,0.494824218750026],[121.84199218750004,0.436572265624974],[123.08251953125003,0.485839843749972],[123.26542968750007,0.32661132812504],[123.75380859375,0.305517578125006],[124.42753906250002,0.47060546874998],[124.88886718750004,0.995312500000026]]],[[[127.73271484375002,0.848144531249972],[127.65283203125003,1.013867187499983],[128.01171874999997,1.331738281249997],[128.01093750000004,1.70122070312496],[127.63173828125,1.843701171875026],[127.4203125,1.251953125],[127.55537109375004,0.489648437500037],[127.70869140625004,0.288085937500014],[127.6916015625001,-0.241894531249955],[128.04638671874997,-0.706054687500014],[127.88740234375004,0.298339843749972],[127.9831054687501,0.471875],[128.6916015625001,0.360351562499986],[128.29882812500003,0.876806640625048],[128.70263671875003,1.106396484375011],[128.68837890625005,1.572558593750031],[128.42412109375002,1.517529296875011],[128.16074218750012,1.1578125],[127.73271484375002,0.848144531249972]]],[[[96.46367187500007,2.360009765624966],[96.41728515625002,2.51518554687496],[95.80625,2.916015625],[95.80859375000003,2.655615234374963],[96.46367187500007,2.360009765624966]]],[[[117.57441406250004,4.170605468749969],[117.10058593749997,4.337060546875051],[115.89619140625004,4.348681640625017],[115.56845703125006,3.938769531249989],[115.45439453125007,3.034326171875023],[115.08632812500005,2.841113281250017],[115.17910156250005,2.523193359374986],[114.78642578125007,2.250488281250028],[114.83056640625003,1.980029296875003],[114.54589843750003,1.467138671874963],[113.90234374999997,1.434277343750011],[113.62226562500004,1.23593750000002],[112.47617187500006,1.559082031250043],[112.18574218750004,1.43906250000002],[112.07851562500005,1.143359374999989],[111.7697265625001,0.999462890624983],[110.93808593750006,1.017333984374986],[110.50576171875,0.861962890625037],[109.65400390625004,1.614892578125037],[109.62890624999997,2.027539062499997],[109.37851562500012,1.922705078124963],[109.0758789062501,1.49589843749996],[108.90585937500012,0.793945312500043],[108.9445312500001,0.355664062500011],[109.2575195312501,0.03115234374998],[109.16054687500005,-0.494921874999989],[109.4538085937501,-0.86875],[109.78740234375002,-1.011328125000034],[110.0192382812501,-1.398828125000023],[110.23261718750004,-2.925097656250017],[110.57402343750007,-2.891406249999989],[111.04433593750005,-3.055761718749991],[111.367578125,-2.933691406249991],[111.82304687500002,-3.05722656250002],[111.82207031250002,-3.532519531249946],[112.28496093750002,-3.320996093750026],[112.60029296875004,-3.400488281249963],[112.97148437500007,-3.18710937500002],[113.52597656250006,-3.184082031250014],[113.79580078125005,-3.45625],[114.08222656250004,-3.278906249999977],[114.53613281249997,-3.494433593750003],[114.69355468750004,-4.169726562500003],[115.95615234375006,-3.595019531249989],[116.33066406250006,-2.90214843749996],[116.56542968750003,-2.299707031249966],[116.4235351562501,-2.052539062499974],[116.55449218750002,-1.47392578124996],[117.5625,-0.770898437499994],[117.46289062499997,-0.323730468750028],[117.5221679687501,0.235888671875031],[117.74511718750003,0.729638671874994],[118.19609375000007,0.874365234374991],[118.53476562500006,0.813525390625031],[118.98496093750012,0.982128906250011],[118.08037109375002,1.701855468749997],[117.86464843750005,1.968408203125037],[118.06660156250004,2.317822265624983],[117.61064453125007,3.064355468750023],[117.16640625,3.59199218750004],[117.62988281249997,3.63632812500002],[117.57441406250004,4.170605468749969]]],[[[96.492578125,5.22934570312502],[96.13330078124997,5.29428710937502],[95.84130859375003,5.51450195312502],[95.39609375000006,5.628808593750037],[95.20664062500012,5.284033203124963],[95.49472656250012,4.76137695312498],[96.44472656250005,3.816308593750009],[96.96894531250004,3.575146484374983],[97.39130859375004,2.975292968749997],[97.59082031250003,2.846582031249966],[97.70078125000012,2.358544921875023],[98.56425781250002,1.902148437500031],[98.79638671874997,1.494628906249972],[99.15917968749997,0.351757812500011],[99.59765625000003,0.102441406250023],[100.30820312500012,-0.826660156249986],[100.48652343750004,-1.29912109374996],[100.85527343750002,-1.93417968750002],[100.84804687500005,-2.143945312500037],[101.57861328125003,-3.1669921875],[102.12753906250012,-3.599218750000034],[102.53769531250012,-4.152148437499974],[102.91894531249997,-4.470703124999943],[103.83144531250005,-5.07958984375],[104.60156250000003,-5.904589843749946],[104.63955078125005,-5.520410156250023],[105.08134765625007,-5.745507812499952],[105.34941406250007,-5.549511718749997],[105.6185546875,-5.79960937499996],[105.8161132812501,-5.676562500000031],[105.88720703125003,-5.009570312499946],[105.84375,-3.613671874999966],[106.04433593750005,-3.10625],[105.58203125000003,-2.491992187499974],[105.39697265624997,-2.380175781250017],[104.66845703124997,-2.38554687499996],[104.84521484375003,-2.09296875000004],[104.56875,-1.92177734374998],[104.36054687500004,-1.03837890624996],[103.72109375000005,-0.886718749999972],[103.43115234374997,-0.533593749999966],[103.42851562500002,-0.191796874999966],[103.78671875000012,0.046972656250006],[103.47890625,0.480175781249969],[103.06650390625012,0.491992187499989],[102.84941406250002,0.715478515625037],[102.46923828125003,0.779296874999986],[102.15722656250003,1.258886718749991],[101.78476562500012,1.621386718750031],[101.47666015625012,1.693066406249983],[101.04619140625002,2.257470703125037],[100.6852539062501,2.120068359375026],[100.45703124999997,2.25742187500002],[99.73232421875005,3.18305664062504],[98.30732421875004,4.092871093750034],[98.24843750000005,4.414550781250028],[97.54716796875002,5.205859375000031],[96.492578125,5.22934570312502]]]]},"id":"IDN"},{"type":"Feature","properties":{"name":"India","iso_a3":"IND","adm0_a3":"IND"},"geometry":{"type":"Polygon","coordinates":[[[92.57490234374998,21.97807617187499],[92.96455078125004,22.003759765624977],[93.16201171875005,22.360205078125034],[93.07871093750012,22.718212890624955],[93.36601562500002,23.132519531249983],[93.41494140625,23.68208007812504],[93.30732421874998,24.021875000000165],[94.12763671875004,23.87646484375003],[94.29306640625006,24.321875],[94.70761718750006,25.048730468750023],[94.62285156250002,25.410009765624977],[95.13242187500012,26.04125976562497],[95.12871093750007,26.597265625],[96.06142578125,27.21708984374999],[96.66572265625004,27.339257812499994],[97.33515625000004,27.937744140625],[97.32246093750004,28.217968749999955],[96.60263671875006,28.459912109375153],[96.43574218750004,29.050683593749966],[96.03535156250004,29.447167968750023],[95.42021484375002,29.054296875],[94.76943359375005,29.175878906249977],[94.62304687499997,29.31240234375008],[93.90224609375005,28.803222656250085],[93.20654296874997,28.5908203125],[92.7018554687501,28.147119140625023],[92.66435546875002,27.948925781249955],[91.97763671875006,27.730371093750023],[91.63193359375003,27.759960937499997],[91.5947265625,27.557666015624996],[92.08339843750002,27.290625],[91.99833984374999,26.85498046875],[90.7396484375,26.771679687500097],[90.34589843750001,26.890332031249997],[89.76386718750001,26.7015625],[88.85761718750001,26.961474609374996],[88.89140624999999,27.316064453124994],[88.8488281250001,27.868652343750114],[88.62109374999997,28.091845703125017],[88.109765625,27.87060546875],[87.984375,27.133935546874994],[88.16152343750002,26.724804687499997],[88.05488281250001,26.430029296875],[87.28740234374996,26.360302734375125],[87.01640624999999,26.555419921875],[86.70136718750001,26.43505859375],[86.36611328125002,26.574414062499997],[85.29296875,26.741015625],[84.68535156249999,27.041015625],[84.61015624999999,27.298681640625],[84.09101562499998,27.491357421875165],[83.28974609375001,27.370996093749994],[82.73339843749997,27.518994140625125],[81.98769531250002,27.913769531249997],[81.85263671875003,27.867089843749994],[80.58701171875003,28.649609375],[80.070703125,28.83017578125009],[80.40185546874997,29.73027343750013],[81.01025390625,30.164501953124997],[80.68212890624997,30.41484374999999],[80.19121093750007,30.56840820312499],[80.19433593749997,30.759228515625153],[79.56542968750003,30.949072265625006],[79.1071289062501,31.40263671875013],[78.79160156250012,31.293652343749955],[78.73544921875012,31.95795898437501],[78.38964843750003,32.519873046875006],[79.21933593750012,32.501074218750006],[79.1125,33.226269531249955],[78.80185546875006,33.49970703124998],[78.75302734375006,34.087695312500045],[78.93642578125005,34.35195312500005],[78.28203125000002,34.65390625],[77.79941406250003,35.495898437499996],[77.04863281249999,35.109912109374996],[76.59443359375001,34.73583984375],[75.70917968750001,34.503076171874994],[74.300390625,34.765380859375],[73.96123046875002,34.65346679687502],[74.15,33.50698242187502],[73.99423828125,33.2421875],[74.6578125,32.518945312499994],[75.33349609375,32.279199218749994],[74.50996093750001,31.712939453124996],[74.6328125,31.03466796875],[73.89931640625002,30.435351562499996],[73.80917968749995,30.093359375000034],[73.38164062500002,29.934375],[72.90332031249997,29.02875976562504],[72.34189453125,28.751904296874997],[71.87031250000001,27.9625],[70.73740234375,27.729003906250085],[70.40371093750002,28.025048828124994],[70.14453124999997,27.849023437500023],[69.56796874999995,27.17460937500013],[69.47001953125002,26.804443359375],[70.1568359375,26.471435546875],[70.077734375,26.071972656249997],[70.2646484375,25.70654296875],[70.65205078125001,25.422900390625003],[71.04785156249997,24.687744140625085],[71.04404296875,24.400097656249997],[70.54677734375002,24.41831054687499],[69.71621093750002,24.172607421875],[69.5591796875,24.273095703124994],[68.728125,24.265625],[68.72412109374997,23.964697265625063],[68.1650390625,23.857324218749994],[68.64072265625006,23.189941406250142],[69.2359375,22.848535156250023],[69.66464843750012,22.759082031250102],[70.25117187500004,22.970898437500097],[70.17724609375009,22.57275390624997],[69.00878906250009,22.196777343750114],[70.12734375000005,21.094677734375125],[70.71933593750012,20.740429687500068],[71.02460937500004,20.73886718750012],[72.01523437500006,21.155712890625125],[72.25400390625006,21.53100585937503],[72.03720703125012,21.823046875000017],[72.33261718750006,22.270214843749983],[72.59013671875013,22.278125],[72.54306640624995,21.696582031250017],[72.81386718750016,21.117187500000085],[72.88115234375019,20.56318359375004],[72.66777343750013,19.83095703125008],[72.87089843750013,18.683056640624983],[73.15605468750013,17.621923828124977],[73.3375976562501,16.459863281250023],[73.47607421874997,16.05424804687499],[73.93193359375013,15.396972656250028],[73.94921875000009,15.074755859375102],[74.3822265625,14.494726562500063],[74.67089843750003,13.667626953125136],[74.77050781250009,13.07734375000014],[75.19667968750005,12.057519531250037],[75.72382812500015,11.36176757812504],[75.92255859375021,10.784082031250122],[76.34648437500007,9.922119140625028],[76.32460937500016,9.452099609375011],[76.55341796875004,8.902783203125011],[76.96689453125006,8.40727539062496],[77.51757812499997,8.078320312500097],[78.06015625000006,8.38457031249996],[78.19248046875,8.890869140625071],[78.42148437500012,9.105029296875003],[78.97958984375023,9.2685546875001],[78.99628906249998,9.68310546875],[79.39052734375,10.30595703125006],[79.83818359375007,10.322558593750074],[79.84863281250009,11.196875],[79.7541015625001,11.57529296875002],[79.85849609375023,11.988769531250057],[80.22910156250023,12.690332031249994],[80.34238281250012,13.361328125000085],[80.11171875000005,14.21220703125006],[80.16542968750011,14.577832031250125],[80.05341796875004,15.07402343749996],[80.29345703125009,15.710742187499989],[80.64658203125012,15.895019531250057],[80.9787109375001,15.758349609375102],[81.23857421875019,16.263964843750074],[81.76191406250021,16.329492187500108],[82.25878906250009,16.55986328124996],[82.35957031250004,17.09619140625],[83.19833984375012,17.608984375],[83.65429687500003,18.069873046875102],[84.10410156250018,18.29267578125004],[84.77099609375014,19.125390625000023],[85.575,19.692919921875017],[86.27949218750015,19.91943359374997],[86.75039062500016,20.313232421875085],[86.97548828125,20.70014648437504],[86.85957031250004,21.236718750000108],[87.10068359375012,21.500781250000074],[87.94843749999998,21.82543945312497],[88.25371093750002,21.62231445312497],[89.05166015625005,21.654101562500045],[89.0514648437501,22.093164062499966],[88.74082031250012,23.43662109375012],[88.56738281249997,23.674414062499977],[88.7335937500001,24.23090820312501],[88.14550781249997,24.485791015624983],[88.45625,25.188427734374955],[88.45234375000004,25.574414062499983],[88.0845703125,25.888232421875074],[88.44042968750003,26.369482421875063],[89.10830078125005,26.202246093750006],[89.28925781250004,26.03759765625003],[89.82294921875004,25.94140624999997],[89.81406250000012,25.305371093749983],[90.43935546875005,25.15771484375],[92.04970703125,25.169482421875017],[92.25126953124996,24.895068359375045],[91.87695312499997,24.195312500000057],[91.36708984375005,24.093505859375],[91.16044921875002,23.66064453125003],[91.31523437500002,23.104394531250108],[91.61953125000005,22.97968750000001],[91.93789062500005,23.504687500000045],[92.24609374999997,23.68359374999997],[92.36162109375007,22.92900390624999],[92.49140625000004,22.685400390625006],[92.57490234374998,21.97807617187499]]]},"id":"IND"},{"type":"Feature","properties":{"name":"Ireland","iso_a3":"IRL","adm0_a3":"IRL"},"geometry":{"type":"Polygon","coordinates":[[[-7.218652343749994,55.09199218750001],[-7.24667968749992,55.35302734375],[-8.274609374999983,55.14628906249999],[-8.763916015624943,54.68120117187499],[-8.623144531249949,54.346875],[-9.99594726562492,54.276025390624966],[-9.795410156249943,53.39497070312498],[-9.299218750000023,53.09755859375005],[-9.955810546875028,52.13666992187504],[-10.378710937499932,51.86875],[-8.813427734374983,51.58491210937498],[-7.527294921874983,52.09887695312497],[-6.56108398437496,52.188818359375006],[-6.027392578124932,52.927099609375034],[-6.218017578124972,54.088720703125006],[-7.355175781249983,54.12124023437505],[-8.118261718749949,54.41425781249998],[-7.218652343749994,55.09199218750001]]]},"id":"IRL"},{"type":"Feature","properties":{"name":"Iran","iso_a3":"IRN","adm0_a3":"IRN"},"geometry":{"type":"Polygon","coordinates":[[[61.26201171875002,35.619580078125],[61.11962890624997,36.64257812499997],[60.34130859374997,36.63764648437504],[60.062792968750074,36.96289062500003],[59.56220703125004,37.17890624999998],[59.24082031250006,37.520751953125],[58.81542968749997,37.68349609375002],[58.43574218750004,37.638525390625006],[57.42382812499997,37.94770507812504],[57.19355468750004,38.21640625000006],[56.440625,38.24941406250002],[56.228808593750074,38.073388671874966],[55.578417968750074,38.099755859374994],[55.07558593750005,37.902490234374966],[54.74521484375006,37.50190429687498],[53.914160156250006,37.34355468749996],[54.01718750000006,36.952490234375034],[52.1901367187501,36.621728515624994],[51.118554687499994,36.74257812499999],[50.53320312500003,37.013671875],[50.13046875000006,37.40712890625002],[49.470117187499994,37.49667968749998],[49.080957031249994,37.66757812499998],[48.86875,38.43549804687501],[48.592675781249994,38.41108398437501],[48.02324218750002,38.81904296874998],[48.241992187500074,38.97895507812498],[47.99589843750002,39.68393554687498],[47.77285156250005,39.648583984374966],[46.490625,38.90668945312501],[46.11445312500004,38.87778320312506],[45.47968750000004,39.00625],[44.81718750000002,39.65043945312499],[44.023242187500074,39.37744140624997],[44.4308593750001,38.35678710937506],[44.21132812500005,37.908056640625034],[44.5612304687501,37.74462890625006],[44.76513671874997,37.142431640625006],[45.36162109375002,36.01533203125],[45.72343750000002,35.836669921875],[46.13378906249997,35.12763671874998],[45.678125,34.79843750000006],[45.437597656250006,34.415136718750034],[45.397070312500006,33.970849609374994],[46.377050781250006,32.929248046874996],[47.12138671875002,32.466601562499996],[47.37128906250001,32.423730468749994],[47.82998046875002,31.79443359375],[47.67949218750002,31.00239257812504],[48.010644531249994,30.98979492187496],[48.01494140625002,30.465625],[48.546484375,29.962353515624983],[48.9191406250001,30.120898437500045],[49.5548828125001,30.028955078124966],[49.98310546875004,30.209375],[50.64960937500004,29.420068359374994],[50.675195312499994,29.146582031250063],[51.06201171875003,28.726123046875017],[51.27890625000006,28.13134765625],[51.66630859375002,27.844970703125],[52.47587890625002,27.61650390624999],[52.6916015625001,27.323388671874966],[53.454980468749994,26.943261718749966],[53.70576171875004,26.72558593750003],[54.89580078125002,26.55668945312499],[55.65029296875005,26.97753906250003],[56.35615234375004,27.200244140625017],[56.982226562500074,26.90546875000001],[57.334570312500006,25.79155273437499],[57.79609375000004,25.65302734375001],[58.79785156250003,25.55458984375005],[59.04609375000004,25.417285156250045],[59.45605468750003,25.481494140625074],[60.663867187500074,25.28222656249997],[61.412207031250006,25.102099609375045],[61.587890625,25.20234375],[61.66865234375001,25.768994140624997],[61.86982421875001,26.242431640625],[62.43925781250002,26.56103515625],[63.168066406250006,26.665576171874996],[63.16679687500002,27.252490234374996],[62.76298828125002,27.250195312499983],[62.73974609375,28.00205078125],[62.35302734375,28.414746093749997],[61.88984375000001,28.546533203124994],[61.62304687499997,28.791601562500034],[61.31835937499997,29.372607421875017],[60.843359375,29.858691406250017],[61.7841796875,30.831933593749994],[61.66015624999997,31.382421875],[60.854101562500006,31.483251953125034],[60.82929687500001,32.249414062499994],[60.56054687499997,33.137841796874966],[60.9169921875,33.505224609375],[60.510839843750006,33.638916015625],[60.485742187499994,34.09477539062496],[61.080078125,34.855615234374994],[61.26201171875002,35.619580078125]]]},"id":"IRN"},{"type":"Feature","properties":{"name":"Iraq","iso_a3":"IRQ","adm0_a3":"IRQ"},"geometry":{"type":"Polygon","coordinates":[[[44.76513671874997,37.142431640625006],[42.77460937500001,37.371875],[42.358984375,37.10859375],[41.78857421875,36.59716796875],[41.41679687500002,36.5146484375],[41.24560546875,36.073388671874994],[41.354101562500006,35.640429687499996],[41.19472656250002,34.768994140625],[40.98701171875001,34.429052734375],[40.689453125,34.33203125],[38.773535156250006,33.372216796874994],[39.14541015625002,32.12451171875],[40.36933593750001,31.93896484375],[42.07441406250001,31.080371093749996],[42.85771484375002,30.49521484375],[44.690820312499994,29.202343749999955],[46.35644531249997,29.063671874999955],[46.53144531250001,29.096240234374996],[46.905859375,29.5375],[47.114355468750006,29.96132812499999],[47.672753906249994,30.09560546875005],[47.97871093750001,29.9828125],[48.546484375,29.962353515624983],[48.01494140625002,30.465625],[48.010644531249994,30.98979492187496],[47.67949218750002,31.00239257812504],[47.82998046875002,31.79443359375],[47.37128906250001,32.423730468749994],[47.12138671875002,32.466601562499996],[46.377050781250006,32.929248046874996],[45.397070312500006,33.970849609374994],[45.437597656250006,34.415136718750034],[45.678125,34.79843750000006],[46.13378906249997,35.12763671874998],[45.72343750000002,35.836669921875],[45.36162109375002,36.01533203125],[44.76513671874997,37.142431640625006]]]},"id":"IRQ"},{"type":"Feature","properties":{"name":"Iceland","iso_a3":"ISL","adm0_a3":"ISL"},"geometry":{"type":"Polygon","coordinates":[[[-15.543115234374994,66.228515625],[-15.985400390624989,66.5146484375],[-16.7484375,66.131640625],[-18.777539062499983,66.168798828125],[-20.356591796874994,66.033251953125],[-20.356640624999983,65.71904296875],[-21.22998046875,65.42060546875],[-21.303466796875,65.87646484375],[-22.426123046874977,66.430126953125],[-23.527929687499977,66.164404296875],[-24.223974609374977,65.48720703125],[-22.902490234374994,65.58046875],[-22.005761718749994,65.49345703125],[-22.68398437499999,65.0263671875],[-21.950341796874994,64.514990234375],[-21.832763671875,64.205419921875],[-20.198144531249994,63.555810546874994],[-18.65361328124999,63.406689453125],[-17.81572265624999,63.71298828125],[-16.640332031249983,63.865478515625],[-16.060449218749994,64.11123046875],[-14.547070312499983,64.445947265625],[-13.569677734374977,65.068115234375],[-13.616015624999989,65.487158203125],[-14.757519531249983,65.7556640625],[-14.740429687499983,66.050830078125],[-15.543115234374994,66.228515625]]]},"id":"ISL"},{"type":"Feature","properties":{"name":"Israel","iso_a3":"ISR","adm0_a3":"ISR"},"geometry":{"type":"Polygon","coordinates":[[[34.904296875,29.47734375],[34.97343750000002,29.555029296875],[35.17402343750001,30.52392578125],[35.43925781250002,31.132421875],[35.45058593750002,31.479296875],[34.95097656250002,31.602294921875],[34.955957031249994,32.16093749999999],[35.193261718749994,32.53442382812506],[35.55146484375001,32.3955078125],[35.78730468750001,32.734912109374996],[35.869140625,33.43173828125],[35.411230468750006,33.07568359375],[35.10859375000001,33.08369140625],[34.67841796875001,31.895703125],[34.47734375000002,31.584863281249994],[34.24531250000001,31.208300781249996],[34.904296875,29.47734375]]]},"id":"ISR"},{"type":"Feature","properties":{"name":"Italy","iso_a3":"ITA","adm0_a3":"ITA"},"geometry":{"type":"MultiPolygon","coordinates":[[[[10.452832031250011,46.86494140625],[9.939257812500017,46.36181640625],[9.251074218749977,46.28676757812502],[8.953710937500006,45.830029296875],[8.458398437500023,46.245898437499996],[7.9931640625,46.015917968749996],[7.02109375,45.92578125],[7.153417968750034,45.40092773437502],[6.627734375000045,45.11796875000002],[7.03066406250008,44.716699218749966],[6.967285156250028,44.280029296875],[7.651464843750063,44.03364257812501],[7.493164062500057,43.76713867187496],[8.081640625000034,43.9189453125],[8.765820312500068,44.422314453124955],[10.047656249999989,44.019970703124955],[10.708398437500051,42.93632812499999],[11.637304687500034,42.28754882812498],[12.630859375000028,41.46967773437498],[13.088671875000045,41.24384765624998],[13.733398437500028,41.23564453125002],[14.102343750000045,40.8271484375],[14.765722656250006,40.66840820312498],[14.950878906250068,40.239013671875],[15.692773437500051,39.99018554687501],[16.02363281250004,39.353613281250006],[16.196777343750057,38.75922851562498],[15.972363281250068,38.71259765624998],[15.724511718750023,37.939111328124966],[16.056835937500068,37.94184570312498],[16.545605468750068,38.409082031249966],[16.55898437500005,38.71479492187498],[17.174609375000045,38.99809570312496],[17.114550781250074,39.380615234375],[16.597753906250034,39.63891601562506],[16.529980468749983,39.85966796874999],[16.92822265625003,40.458056640625045],[17.865039062500017,40.28017578125005],[18.077929687500045,39.93696289062501],[18.48583984375003,40.104833984375034],[17.95498046875005,40.655175781249966],[17.103417968750023,41.06215820312502],[16.012597656250023,41.435400390625034],[15.964062500000068,41.93945312500003],[15.16875,41.93403320312501],[14.866113281250023,42.05253906249999],[14.010449218750068,42.689550781250006],[13.564160156250011,43.57128906250003],[12.396289062500017,44.22387695312503],[12.248339843750074,44.722509765625006],[12.5234375,44.96796875000001],[12.274316406250051,45.44604492187497],[13.206347656250017,45.771386718749994],[13.719824218750006,45.58759765625004],[13.399511718750006,46.317529296874994],[13.7,46.520263671875],[12.388281249999977,46.70263671875],[12.154101562500017,46.93525390625],[11.244433593750017,46.97568359375],[11.025097656250011,46.796972656250034],[10.452832031250011,46.86494140625]]],[[[15.57656250000008,38.22031250000006],[14.845898437500011,38.17167968750002],[14.505957031250034,38.04550781250006],[13.681542968750023,38.000732421875],[13.351660156250063,38.180517578125034],[12.435546875000028,37.81977539062498],[14.50185546875008,36.79868164062498],[15.112597656250074,36.687841796875034],[15.29453125,37.01328125],[15.09951171875008,37.458593750000034],[15.57656250000008,38.22031250000006]]],[[[9.632031250000068,40.88203124999998],[9.283007812500017,41.20166015625],[8.18994140625,40.65161132812503],[8.471289062500006,40.29267578125001],[8.41816406250004,39.205712890624994],[8.881347656249972,38.91289062500002],[9.056347656250011,39.239160156249966],[9.5625,39.16601562499997],[9.805273437500006,40.49956054687496],[9.632031250000068,40.88203124999998]]]]},"id":"ITA"},{"type":"Feature","properties":{"name":"Jamaica","iso_a3":"JAM","adm0_a3":"JAM"},"geometry":{"type":"Polygon","coordinates":[[[-77.261474609375,18.45742187499999],[-77.8734375,18.522216796875],[-78.21669921875,18.44809570312499],[-77.76816406249999,17.877392578124997],[-77.36142578124999,17.833691406249997],[-76.85322265625,17.97373046874999],[-76.524609375,17.8662109375],[-76.349853515625,18.15185546875],[-77.261474609375,18.45742187499999]]]},"id":"JAM"},{"type":"Feature","properties":{"name":"Jordan","iso_a3":"JOR","adm0_a3":"JOR"},"geometry":{"type":"Polygon","coordinates":[[[38.773535156250006,33.372216796874994],[36.818359375,32.317285156249994],[36.3720703125,32.3869140625],[35.78730468750001,32.734912109374996],[35.55146484375001,32.3955078125],[35.55898437499999,31.765527343749994],[35.45058593750002,31.479296875],[35.43925781250002,31.132421875],[35.17402343750001,30.52392578125],[34.97343750000002,29.555029296875],[34.95078125,29.35351562500003],[36.01542968750002,29.190478515624996],[36.47607421874997,29.4951171875],[36.755273437499994,29.86601562499999],[37.46923828124997,29.995068359374983],[37.63359375000002,30.31328125],[37.980078125,30.5],[36.95859375,31.491503906250017],[38.96230468750002,31.994921875],[39.14541015625002,32.12451171875],[38.773535156250006,33.372216796874994]]]},"id":"JOR"},{"type":"Feature","properties":{"name":"Japan","iso_a3":"JPN","adm0_a3":"JPN"},"geometry":{"type":"MultiPolygon","coordinates":[[[[131.17460937500002,33.60258789062496],[130.953125,33.87202148437498],[130.4837890625,33.834619140624994],[130.36503906250002,33.63447265624998],[129.58007812499997,33.23627929687504],[130.64052734375005,32.619238281250006],[130.19443359375012,32.09077148437498],[130.32197265625004,31.60146484375005],[130.20068359375003,31.29189453125005],[130.58876953125005,31.178515625000045],[131.33720703125002,31.404687500000023],[131.7321289062501,32.592822265625045],[131.97666015625012,32.843945312499955],[131.89658203125012,33.25458984375004],[131.58300781250003,33.65239257812499],[131.17460937500002,33.60258789062496]]],[[[134.35742187499997,34.25634765625003],[134.0758789062501,34.35839843750003],[133.58203125000003,34.01713867187496],[132.78427734375006,33.992431640625],[132.3659179687501,33.512451171875],[132.49511718750003,32.916601562500006],[132.9772460937501,32.84199218750001],[133.28593750000002,33.359960937500006],[133.6320312500001,33.51098632812506],[134.18164062499997,33.24721679687505],[134.37705078125006,33.6083984375],[134.73886718750006,33.820507812499955],[134.6375,34.22661132812499],[134.35742187499997,34.25634765625003]]],[[[141.22929687500002,41.372656250000034],[141.11855468750005,40.882275390624955],[140.28125,40.84609375000005],[139.92285156249997,40.598437500000045],[139.90800781250007,40.02172851562506],[140.04814453125002,39.46372070312506],[139.40097656250006,38.14257812500003],[138.88505859375002,37.84394531250004],[138.31992187500006,37.21840820312505],[137.51406250000005,36.95156250000002],[137.34257812500002,36.77036132812498],[136.69814453125,36.74204101562498],[136.00625,35.990576171875006],[136.09531250000012,35.76762695312499],[135.68027343750012,35.503125],[135.17431640624997,35.74707031250006],[134.2140625000001,35.53925781249998],[133.37646484374997,35.458837890625034],[132.92294921875006,35.51127929687499],[131.35439453125,34.413183593750006],[131.00419921875002,34.39257812499997],[130.91884765625,33.97573242187505],[131.74052734375002,34.05205078124996],[132.09023437500005,33.85546874999997],[132.23808593750007,34.22700195312498],[133.14238281250002,34.30244140624998],[133.96826171875003,34.52729492187498],[134.20830078125007,34.69765625000005],[134.74003906250007,34.765234375000034],[135.38476562499997,34.50043945312501],[135.10009765624997,34.28837890624996],[135.17539062500012,33.898046875000034],[135.45283203125004,33.553369140624966],[135.91621093750004,33.56171874999998],[136.32988281250002,34.17685546874998],[136.8537109375001,34.32407226562506],[136.53300781250002,34.67836914062502],[136.88457031250007,34.80585937499998],[138.18906250000006,34.596337890624994],[138.57714843750003,35.08647460937502],[138.9826171875001,34.69838867187502],[139.2494140625,35.27802734374998],[139.65,35.40913085937504],[139.79921875,34.95693359375002],[140.41650390625003,35.26699218750002],[140.457421875,35.51025390625003],[140.87402343749997,35.72495117187498],[140.62197265625005,36.059228515624966],[140.62734375,36.502783203125006],[140.96835937500006,37.002050781250006],[141.0363281250001,37.46723632812501],[140.9279296875001,37.949609374999966],[141.10839843750003,38.337939453125045],[141.46748046875004,38.404150390625034],[141.65859375,38.97485351562503],[141.90078125000005,39.11132812500003],[141.97783203125002,39.84443359374998],[141.79707031250004,40.291162109374966],[141.46279296875,40.61113281249996],[141.22929687500002,41.372656250000034]]],[[[143.82431640625006,44.11699218750002],[142.70410156250003,44.81918945312498],[141.93769531250004,45.50952148437503],[141.58300781249997,45.15595703125004],[141.78222656249997,44.71635742187499],[141.64472656250004,44.01943359375002],[141.2962890625,43.19965820312501],[140.78066406250005,43.21499023437502],[139.89111328124997,42.649218750000045],[139.82089843750006,42.38759765625002],[140.10839843750003,41.91293945312506],[139.9953125000001,41.57641601562497],[140.38496093750004,41.51928710937497],[140.65986328125004,41.81557617187502],[140.31523437500007,42.33427734375002],[140.70976562500007,42.55561523437498],[140.98613281250007,42.342138671875006],[141.85136718750002,42.579052734374955],[143.23652343750004,42.00019531249998],[143.42949218750002,42.41889648437501],[143.96933593750012,42.88139648437499],[144.63076171875005,42.94692382812502],[145.34746093750002,43.17670898437504],[145.10107421875003,43.764550781249966],[144.79853515625004,43.94023437499999],[143.82431640625006,44.11699218750002]]]]},"id":"JPN"},{"type":"Feature","properties":{"name":"Siachen Glacier","iso_a3":null,"adm0_a3":"KAS"},"geometry":{"type":"Polygon","coordinates":[[[76.76689453124999,35.66171875],[77.04863281249999,35.109912109374996],[77.79941406250003,35.495898437499996],[77.44648437500001,35.4755859375],[76.76689453124999,35.66171875]]]},"id":"KAS"},{"type":"Feature","properties":{"name":"Kazakhstan","iso_a3":"KAZ","adm0_a3":"KAZ"},"geometry":{"type":"Polygon","coordinates":[[[87.32285156250006,49.085791015625034],[86.61425781249997,49.609716796875006],[86.18085937500004,49.49931640624999],[85.2101562500001,49.66484375],[84.98945312500004,50.06142578125002],[84.25781250000003,50.28823242187505],[83.94511718750002,50.77465820312503],[83.35732421875,50.99458007812498],[82.49394531250007,50.72758789062502],[81.46591796875006,50.739843750000034],[80.87734375000005,51.28144531249998],[79.98623046875005,50.774560546874994],[79.46884765625006,51.49311523437501],[78.47548828125,52.63842773437503],[77.70439453125002,53.37915039062503],[76.57568359374997,53.942529296874966],[76.26660156249997,54.31196289062501],[74.45195312500002,53.647265625000045],[73.2857421875,53.59838867187503],[73.39941406249997,53.81147460937501],[72.91406249999997,54.107324218749966],[71.0931640625,54.21220703125002],[71.18554687499997,54.59931640625001],[70.73808593750002,55.30517578125003],[70.18242187500007,55.16245117187498],[68.97724609375004,55.38959960937498],[68.20625,55.160937500000045],[68.073828125,54.959570312500034],[66.22265625000003,54.66738281250002],[65.47695312500005,54.623291015625],[65.15781250000006,54.36440429687502],[64.46123046875007,54.384179687499966],[63.07392578125004,54.10522460937497],[61.92871093749997,53.94648437499998],[61.3336914062501,54.049267578124955],[60.97949218749997,53.621728515624994],[61.19921874999997,53.287158203125045],[62.01464843749997,53.10786132812501],[61.97421875,52.94375],[61.04746093750006,52.97246093749996],[60.80234375,52.744726562500006],[60.93759765625006,52.280566406250045],[60.065527343750006,51.976464843749994],[60.464746093749994,51.65117187499999],[61.36308593750002,51.44189453124997],[61.58505859375006,51.22968750000001],[61.389453125000074,50.86103515625004],[60.63798828125002,50.663720703124994],[59.955175781250006,50.79926757812498],[59.81240234375005,50.58203125000003],[58.883691406249994,50.694433593750034],[58.35917968750002,51.06381835937506],[57.83886718749997,51.091650390625034],[57.442187500000074,50.88886718750001],[57.01171875000003,51.06518554687497],[56.4914062500001,51.01953125],[55.797656250000074,50.60205078125003],[55.542285156250074,50.60180664062497],[54.727148437500006,50.99809570312499],[54.421484375,50.78032226562502],[54.04150390625003,51.11518554687504],[53.3380859375001,51.482373046874955],[52.571191406249994,51.48164062499998],[52.33105468750003,51.681298828124994],[51.6090820312501,51.483984375000034],[50.79394531250003,51.72919921874998],[50.246875,51.28950195312501],[49.49804687499997,51.08359375],[48.808398437500074,50.60131835937497],[48.84326171874997,50.013134765624955],[48.43427734375004,49.82851562499999],[47.70576171875004,50.377978515625045],[47.326464843750074,50.27353515624998],[46.802050781250074,49.367089843749966],[47.01425781250006,49.09833984375001],[46.70263671874997,48.805566406249966],[46.66093750000002,48.41225585937505],[47.00429687499999,48.284472656250045],[47.09326171874997,47.94770507812498],[48.109960937500006,47.74541015624999],[48.959375,46.77460937500001],[48.61015625000002,46.56645507812496],[49.23222656250002,46.33715820312497],[49.34746093750002,46.519140625],[49.999804687500074,46.63427734375003],[50.419335937499994,46.87949218749998],[51.17802734375002,47.11015624999999],[52.188769531250074,46.839501953124994],[52.91601562499997,46.95439453124996],[53.170214843750074,46.669042968750006],[53.13525390624997,46.191650390625],[52.77382812500005,45.57275390625003],[52.531054687500074,45.39863281249998],[51.41572265625004,45.357861328124955],[50.86035156249997,44.628759765625006],[50.40947265625002,44.62402343750003],[50.33115234375006,44.325488281250045],[50.83076171875004,44.192773437499994],[51.30175781250003,43.482373046874955],[51.84414062499999,42.91044921874996],[52.596582031249994,42.76015625],[52.49384765625004,41.780371093750034],[53.250097656250006,42.20585937499996],[54.120996093749994,42.33520507812503],[54.903710937499994,41.919091796874966],[55.545214843750074,41.26274414062502],[55.977441406249994,41.322216796874955],[55.976464843749994,43.38808593750002],[55.975683593750006,44.99492187499999],[58.555273437500006,45.555371093749955],[61.00791015625006,44.393798828125],[61.160742187500006,44.168603515624966],[61.99023437499997,43.49213867187498],[63.20703124999997,43.62797851562496],[64.44316406250002,43.55117187500002],[64.90546875000004,43.714697265625034],[65.49619140625006,43.31054687500003],[65.80302734375007,42.87695312499997],[66.10029296875004,42.990820312500006],[66.00957031250002,42.00488281250006],[66.4986328125,41.99487304687506],[66.6686523437501,41.27075195312506],[66.81425781250002,41.14238281250002],[67.93574218750004,41.196582031250045],[68.29189453125005,40.65610351562498],[69.06494140624997,41.36694335937503],[70.09560546875,41.820507812499955],[70.41601562499997,42.078564453124955],[70.94677734375,42.248681640624994],[71.25664062500002,42.733544921874994],[71.816796875,42.82216796875002],[73.28291015625001,42.5041015625],[73.55625,43.002783203125],[74.20908203125,43.24038085937505],[75.04765625000002,42.90439453125],[75.78955078125,42.932910156249996],[78.52421874999999,42.864648437499994],[79.16484374999999,42.759033203125],[79.49013671875002,42.457568359374996],[80.209375,42.1900390625],[80.16503906249997,42.66552734375],[80.78574218750012,43.16157226562498],[80.35527343750007,44.097265625],[80.45546875,44.74609375000003],[80.05917968750006,45.006445312500034],[81.60205078124997,45.31083984374996],[82.47871093750004,45.12358398437502],[82.32666015624997,45.51992187500002],[83.00410156250004,47.03349609374999],[83.1930664062501,47.18657226562502],[84.78613281250003,46.830712890624994],[85.656640625,47.25463867187503],[85.52597656250012,47.915625],[85.7494140625,48.38505859375002],[86.54941406250006,48.528613281250045],[86.753125,49.00883789062499],[87.32285156250006,49.085791015625034]]]},"id":"KAZ"},{"type":"Feature","properties":{"name":"Kenya","iso_a3":"KEN","adm0_a3":"KEN"},"geometry":{"type":"Polygon","coordinates":[[[35.26835937500002,5.492285156249991],[33.97607421875,4.22021484375],[34.16503906249997,3.812988281250043],[34.39287109375002,3.691503906249977],[34.447851562500006,3.163476562499994],[34.74248046875002,2.818115234375],[34.96406250000001,2.062402343749994],[34.96523437499999,1.643359374999974],[34.78759765624997,1.230712890625028],[34.48173828125002,1.04213867187498],[33.94316406250002,0.173779296874997],[33.903222656249994,-1.00205078125002],[33.979394531249994,-1.00205078125002],[35.83691406250003,-2.036621093750014],[37.64384765625002,-3.045410156250014],[37.60869140625002,-3.460253906249974],[37.79726562499999,-3.674414062499991],[39.22177734375006,-4.692382812499986],[39.4909179687501,-4.478417968750009],[40.11542968750004,-3.250585937499977],[40.222460937500074,-2.688378906250023],[40.644140625,-2.539453124999966],[40.995507812499994,-1.950585937499994],[41.53271484375,-1.6953125],[40.97871093750001,-0.870312500000011],[40.97001953125002,1.378173828125],[40.964453125,2.814648437499997],[41.341796875,3.20166015625],[41.88398437500001,3.977734375],[41.22089843750001,3.943554687499997],[40.765234375,4.27304687499999],[39.84218750000002,3.851464843749994],[39.49443359375002,3.456103515624989],[38.08613281250001,3.64882812499999],[36.90556640625002,4.411474609374991],[36.08193359375002,4.44970703125],[35.763085937499994,4.80800781249998],[35.74501953125002,5.343994140625],[35.26835937500002,5.492285156249991]]]},"id":"KEN"},{"type":"Feature","properties":{"name":"Kyrgyzstan","iso_a3":"KGZ","adm0_a3":"KGZ"},"geometry":{"type":"Polygon","coordinates":[[[80.209375,42.1900390625],[79.49013671875002,42.457568359374996],[79.16484374999999,42.759033203125],[78.52421874999999,42.864648437499994],[75.78955078125,42.932910156249996],[75.04765625000002,42.90439453125],[74.20908203125,43.24038085937505],[73.55625,43.002783203125],[73.28291015625001,42.5041015625],[71.816796875,42.82216796875002],[71.25664062500002,42.733544921874994],[70.94677734375,42.248681640624994],[70.84189453125,42.01962890625],[70.18095703125002,41.571435546874994],[70.78242187500001,41.2625],[71.40839843750001,41.136035156249996],[71.79248046874997,41.41313476562502],[72.62041015625002,40.8837890625],[73.112890625,40.786035156249994],[71.69248046875,40.15234375],[70.95800781249997,40.23886718750006],[70.45136718750001,40.04921875],[69.966796875,40.20224609375],[69.53027343749997,40.097314453124994],[69.2291015625,39.76108398437498],[69.59882812500001,39.573779296874996],[70.60781250000002,39.564404296875],[70.73310546875001,39.41328125],[71.40429687499997,39.59785156250004],[72.04277343750002,39.3521484375],[73.2349609375,39.374560546874996],[73.63164062500002,39.448876953124966],[73.9146484375,39.606494140624996],[73.9916015625,40.043115234374966],[74.41191406250002,40.13720703125006],[75.0044921875,40.449511718749996],[75.58349609374997,40.605322265625034],[75.87197265625002,40.30322265625],[76.48017578125001,40.449511718749996],[76.82402343749999,40.982324218749994],[78.12343750000002,41.075634765625],[78.36240234375003,41.371630859374996],[79.29355468750003,41.7828125],[80.2162109375,42.03242187499998],[80.209375,42.1900390625]]]},"id":"KGZ"},{"type":"Feature","properties":{"name":"Cambodia","iso_a3":"KHM","adm0_a3":"KHM"},"geometry":{"type":"Polygon","coordinates":[[[104.42636718750012,10.41123046875002],[104.85058593750003,10.534472656249989],[105.38652343750007,10.940087890625023],[106.16796875000003,11.012304687499991],[105.85605468750006,11.294287109374977],[105.85146484375,11.635009765625028],[106.33984375000003,11.681835937499969],[106.41386718750002,11.948437500000011],[106.93066406249997,12.07749023437502],[107.50644531250012,12.364550781249974],[107.47539062500002,13.030371093749991],[107.60546875000003,13.437792968750031],[107.3314453125,14.126611328125037],[107.51943359375,14.705078125000028],[106.81992187500003,14.314697265624943],[106.50146484375,14.578222656250034],[105.97890625000005,14.343017578124986],[105.90449218750004,13.924511718749983],[105.18330078125001,14.346240234374989],[104.7790039062501,14.427832031250034],[103.1994140625001,14.332617187499991],[102.72890625,13.841894531250034],[102.3197265625,13.539990234374983],[102.49960937500006,12.669970703125017],[102.75566406250002,12.426269531250014],[102.73662109375002,12.08979492187504],[102.93388671875007,11.706689453124966],[103.12548828125003,11.460644531250026],[103.15283203125003,10.91372070312498],[103.5324218750001,11.146679687500011],[103.721875,10.890136718749972],[103.53222656250003,10.60463867187498],[104.2624023437501,10.541259765625043],[104.42636718750012,10.41123046875002]]]},"id":"KHM"},{"type":"Feature","properties":{"name":"South Korea","iso_a3":"KOR","adm0_a3":"KOR"},"geometry":{"type":"Polygon","coordinates":[[[128.37460937500006,38.62343750000002],[128.03896484375,38.30854492187501],[127.16953125000006,38.30454101562498],[126.63388671875012,37.78183593749998],[126.74638671875002,37.193554687499955],[126.2171875,36.870947265625034],[126.54824218750005,36.477636718750034],[126.71738281250006,35.76884765624996],[126.29111328125006,35.15415039062506],[126.50830078124997,34.350634765625045],[127.71484374999997,34.9546875],[128.44394531250006,34.87036132812506],[128.51093750000004,35.100976562499966],[129.21416015625007,35.18183593750001],[129.5617187500001,35.947656249999966],[129.4035156250001,36.05214843750002],[129.47343750000002,36.741894531249955],[129.3351562500001,37.27456054687502],[128.6188476562501,38.17607421875002],[128.37460937500006,38.62343750000002]]]},"id":"KOR"},{"type":"Feature","properties":{"name":"Kosovo","iso_a3":null,"adm0_a3":"KOS"},"geometry":{"type":"Polygon","coordinates":[[[20.566210937500017,41.873681640624994],[21.05976562500001,42.171289062499994],[21.5625,42.247509765625],[21.7529296875,42.669824218749994],[21.390625,42.75141601562498],[21.057031250000023,43.091699218749994],[20.344335937500006,42.827929687499996],[20.06396484375,42.54726562499999],[20.485449218750006,42.223388671875],[20.566210937500017,41.873681640624994]]]},"id":"KOS"},{"type":"Feature","properties":{"name":"Kuwait","iso_a3":"KWT","adm0_a3":"KWT"},"geometry":{"type":"Polygon","coordinates":[[[46.53144531250001,29.096240234374996],[47.43320312500006,28.989550781250045],[47.67128906250005,28.533154296874955],[48.44248046875006,28.54291992187501],[48.18378906250004,28.979394531250023],[47.969628906249994,29.61669921875],[47.97871093750001,29.9828125],[47.672753906249994,30.09560546875005],[47.114355468750006,29.96132812499999],[46.905859375,29.5375],[46.53144531250001,29.096240234374996]]]},"id":"KWT"},{"type":"Feature","properties":{"name":"Laos","iso_a3":"LAO","adm0_a3":"LAO"},"geometry":{"type":"Polygon","coordinates":[[[101.13886718750004,21.567480468750006],[100.75664062500005,21.312646484375136],[100.24931640625002,20.730273437500045],[100.1224609375,20.316650390625],[100.54306640625006,20.08867187499999],[100.39765625000004,19.756103515625],[100.62548828124997,19.499853515625034],[101.1546875,19.579199218750034],[101.28632812499995,18.977148437500034],[101.05058593750002,18.407031250000045],[101.11328124999997,18.033544921875006],[100.90849609375002,17.58388671875005],[101.10517578125001,17.479541015625102],[102.10146484375005,18.21064453125001],[102.71757812500005,17.892236328125136],[103.05136718750003,18.02851562500001],[103.36699218750002,18.42333984375],[103.949609375,18.318994140624966],[104.81601562499998,17.30029296875],[104.75058593750006,16.647558593749977],[105.04716796874999,16.16025390625009],[105.40625,15.987451171874966],[105.62207031249997,15.699951171875028],[105.51318359375003,15.360888671875045],[105.47558593749997,14.530126953124991],[105.18330078125001,14.346240234374989],[105.90449218750004,13.924511718749983],[105.97890625000005,14.343017578124986],[106.50146484375,14.578222656250034],[106.81992187500003,14.314697265624943],[107.51943359375,14.705078125000028],[107.653125,15.255224609375091],[107.18955078125003,15.747265624999955],[107.39638671875,16.043017578125017],[106.69609375000002,16.45898437500003],[106.50224609374999,16.9541015625],[105.69140624999997,17.737841796875074],[105.45820312500007,18.154296875000057],[105.08583984375,18.45009765625005],[105.11513671875,18.678857421875023],[104.71650390624995,18.803417968749955],[103.89638671875002,19.339990234375023],[104.03203124999999,19.67514648437492],[104.54628906250005,19.61054687500001],[104.92792968750004,20.018115234375017],[104.61884765624995,20.374511718750114],[104.58320312500001,20.646679687499955],[104.05205078124999,20.941210937500102],[103.63505859375002,20.697070312500045],[103.1044921875,20.89165039062499],[102.85117187500009,21.26591796874999],[102.9486328125,21.56977539062501],[102.12744140625003,22.37919921874999],[101.67148437500009,22.462304687500023],[101.52451171874998,22.253662109375],[101.73652343750001,21.826513671874977],[101.70478515625004,21.15014648437497],[101.22441406249999,21.22373046874992],[101.13886718750004,21.567480468750006]]]},"id":"LAO"},{"type":"Feature","properties":{"name":"Lebanon","iso_a3":"LBN","adm0_a3":"LBN"},"geometry":{"type":"Polygon","coordinates":[[[35.869140625,33.43173828125],[35.9423828125,33.667578125],[36.5849609375,34.221240234374996],[36.43300781250002,34.6134765625],[35.97626953125001,34.629199218749996],[35.10859375000001,33.08369140625],[35.411230468750006,33.07568359375],[35.869140625,33.43173828125]]]},"id":"LBN"},{"type":"Feature","properties":{"name":"Liberia","iso_a3":"LBR","adm0_a3":"LBR"},"geometry":{"type":"Polygon","coordinates":[[[-8.486425781249977,7.55849609374998],[-8.708300781249989,7.658886718749997],[-8.8896484375,7.2626953125],[-9.11757812499999,7.215917968749991],[-9.459765624999989,7.442529296874994],[-9.368945312499989,7.639550781249994],[-9.518261718749983,8.34609375],[-9.768261718749983,8.534570312499994],[-10.283203125,8.485156249999989],[-10.6474609375,7.759375],[-11.267675781249977,7.232617187499997],[-11.507519531249983,6.906542968749989],[-10.2763671875,6.07763671875],[-9.132177734374977,5.054638671874997],[-8.259033203125,4.589990234374994],[-7.544970703124989,4.351318359375],[-7.568896484374989,5.080664062499991],[-7.429833984374994,5.324511718749989],[-7.454394531249989,5.84130859375],[-7.796533203124994,5.97509765625],[-7.888623046874983,6.23486328125],[-8.603564453124989,6.5078125],[-8.332568359374989,6.801562499999989],[-8.296630859375,7.074023437499989],[-8.486425781249977,7.55849609374998]]]},"id":"LBR"},{"type":"Feature","properties":{"name":"Libya","iso_a3":"LBY","adm0_a3":"LBY"},"geometry":{"type":"Polygon","coordinates":[[[11.967871093750006,23.517871093750003],[13.48125,23.18017578125],[14.230761718750017,22.618457031250003],[14.97900390625,22.99619140624999],[15.984082031250011,23.445214843749994],[18.231347656250023,22.33554687499999],[19.668554687500006,21.62583007812499],[21.5849609375,20.679492187500003],[23.980273437500017,19.496630859375003],[23.980273437500017,19.99594726562499],[24.9794921875,20.002587890624994],[24.980273437500017,21.995849609375],[24.980273437500017,24.01694335937499],[24.980273437500017,26.936230468749997],[24.980273437500017,29.181884765625],[24.726464843750023,30.2505859375],[24.973925781250017,30.7765625],[24.85273437500001,31.334814453125],[25.150488281250006,31.654980468749997],[24.683886718750017,32.015966796875],[24.129687500000017,32.009228515625],[23.28632812500001,32.213818359375],[23.090625,32.61875],[22.187402343750023,32.918261718749996],[21.63593750000001,32.937304687499996],[20.62109375,32.58017578125],[20.121484375000023,32.21875],[19.926367187500006,31.817529296874994],[20.150976562500006,31.07861328125],[19.713281250000023,30.48837890625],[19.29169921875001,30.2880859375],[18.936425781250023,30.290429687499994],[18.1904296875,30.777294921874997],[17.34921875,31.081494140624997],[16.123046875,31.264453125],[15.496386718750017,31.656787109374996],[15.176562500000017,32.391162109374996],[14.513378906250011,32.511083984375],[14.237109375000017,32.68125],[13.283496093750017,32.9146484375],[12.753515625,32.801074218749996],[12.279882812500006,32.858544921874994],[11.504589843750011,33.181933593749996],[11.504980468750006,32.413671875],[10.826367187500011,32.08066406249998],[10.114941406250011,31.463769531249994],[10.21640625,30.78320312499997],[9.89501953125,30.3873046875],[9.51875,30.229394531249994],[9.310253906250011,30.115234375],[9.672656250000017,29.5669921875],[9.842578125000017,28.966992187499997],[9.916015625,27.785693359374996],[9.74755859375,27.330859375],[9.859375,26.551953125],[9.491406250000011,26.333740234375],[9.4482421875,26.067138671875],[10.000683593750011,25.332080078125003],[10.255859375,24.591015625],[10.686132812500006,24.55136718749999],[11.536914062500017,24.290820312500003],[11.967871093750006,23.517871093750003]]]},"id":"LBY"},{"type":"Feature","properties":{"name":"Sri Lanka","iso_a3":"LKA","adm0_a3":"LKA"},"geometry":{"type":"Polygon","coordinates":[[[79.98232421875005,9.812695312500026],[80.11835937500004,9.326855468749997],[79.9289062500001,8.89921875],[79.79208984375012,7.585205078125],[79.859375,6.829296875000011],[80.09531250000006,6.15317382812502],[80.72412109374997,5.979052734374989],[81.6374023437501,6.425146484375006],[81.86142578125006,6.901269531250023],[81.87412109375006,7.288330078125],[81.4359375,8.118896484375014],[81.37285156250002,8.431445312500003],[80.7111328125001,9.366357421875051],[80.25283203125,9.796337890624983],[79.98232421875005,9.812695312500026]]]},"id":"LKA"},{"type":"Feature","properties":{"name":"Lesotho","iso_a3":"LSO","adm0_a3":"LSO"},"geometry":{"type":"Polygon","coordinates":[[[27.207421875000023,-29.55419921875],[27.0517578125,-29.6640625],[27.388476562500017,-30.31591796875],[28.018164062500006,-30.64228515625001],[28.39208984374997,-30.147558593750006],[29.09804687499999,-29.91904296874999],[29.390722656250006,-29.26972656250001],[29.301367187500006,-29.08984375],[28.625781250000017,-28.58173828125001],[27.73554687500001,-28.940039062500006],[27.207421875000023,-29.55419921875]]]},"id":"LSO"},{"type":"Feature","properties":{"name":"Lithuania","iso_a3":"LTU","adm0_a3":"LTU"},"geometry":{"type":"Polygon","coordinates":[[[26.593554687500017,55.667529296874996],[24.90302734375001,56.398193359375],[24.120703125,56.264257812500006],[22.084570312500006,56.40673828125],[21.04609375000001,56.070068359375],[21.23574218750008,55.26411132812501],[22.83125,54.83847656249998],[22.766210937500006,54.356787109375],[23.45361328125,54.14345703125],[23.484667968750017,53.939794921875034],[24.768164062500006,53.974658203124996],[25.54736328125,54.331835937499996],[25.859277343749994,54.919287109375006],[26.175195312500023,55.003271484375],[26.593554687500017,55.667529296874996]]]},"id":"LTU"},{"type":"Feature","properties":{"name":"Luxembourg","iso_a3":"LUX","adm0_a3":"LUX"},"geometry":{"type":"Polygon","coordinates":[[[5.789746093750011,49.53828125],[6.344335937500006,49.452734375],[6.4873046875,49.798486328124994],[6.116503906250017,50.120996093749994],[5.744042968750023,49.91962890625],[5.789746093750011,49.53828125]]]},"id":"LUX"},{"type":"Feature","properties":{"name":"Latvia","iso_a3":"LVA","adm0_a3":"LVA"},"geometry":{"type":"Polygon","coordinates":[[[28.14794921874997,56.14291992187498],[27.806054687500023,56.86708984375],[27.796875,57.316943359374996],[27.351953125000023,57.528125],[26.532617187500023,57.531005859375],[25.991113281250023,57.838183593749996],[25.11103515625001,58.063427734375],[24.322558593750017,57.87060546875],[24.403222656250023,57.325],[23.647753906250017,56.971044921875],[22.554589843750023,57.724267578125],[21.72871093750001,57.57099609375],[21.0712890625,56.82373046875],[21.04609375000001,56.070068359375],[22.084570312500006,56.40673828125],[24.120703125,56.264257812500006],[24.90302734375001,56.398193359375],[26.593554687500017,55.667529296874996],[27.576757812500006,55.798779296875],[28.14794921874997,56.14291992187498]]]},"id":"LVA"},{"type":"Feature","properties":{"name":"Morocco","iso_a3":"MAR","adm0_a3":"MAR"},"geometry":{"type":"Polygon","coordinates":[[[-2.219628906249994,35.10419921875],[-2.83994140624992,35.12783203125002],[-3.693261718749937,35.27998046875001],[-4.329980468749994,35.161474609375034],[-5.105371093749937,35.4677734375],[-5.397363281249937,35.92988281249998],[-5.9248046875,35.78579101562502],[-6.353125,34.77607421875004],[-6.90097656249992,33.96904296875002],[-7.56235351562492,33.64028320312502],[-8.30117187499999,33.374365234375006],[-9.245849609374972,32.57246093749998],[-9.347460937499989,32.08637695312498],[-9.808691406249977,31.42460937499999],[-9.87548828125,30.717919921874994],[-9.652929687499949,30.44755859374999],[-9.667089843750006,30.109277343749994],[-10.486474609374937,29.06494140625003],[-11.080957031249994,28.713769531249994],[-11.43017578125,28.382031249999983],[-11.986083984375,28.129296875000023],[-12.948925781249983,27.914160156249977],[-13.175976562499955,27.655712890624983],[-13.575781249999949,26.73510742187503],[-14.413867187499989,26.253710937500017],[-14.794921875,25.404150390625034],[-14.85605468749992,24.87158203124997],[-15.03886718749996,24.54882812500003],[-15.586328124999937,24.07275390625003],[-16.210253906249932,23.09790039062503],[-16.514404296875,22.33349609375],[-16.930859374999926,21.9],[-17.003076171874994,21.420703125000017],[-15.750927734374983,21.490820312500006],[-14.840820312500028,21.450781250000034],[-14.630859375,21.8609375],[-14.22119140625,22.31015625],[-14.02099609375,23.41074218749999],[-13.770947265624983,23.790625],[-13.310986328124983,23.98105468749999],[-13.06103515625,24.40097656249999],[-12.43115234375,24.830664062500006],[-12.03076171875,26.030859375],[-11.718212890624983,26.104101562499977],[-11.337890625,26.6333984375],[-11.392578125,26.8833984375],[-10.922802734374983,27.0103515625],[-10.25146484375,26.8609375],[-9.7353515625,26.8609375],[-9.413037109374983,27.0884765625],[-8.753857421874983,27.191015625],[-8.683349609375,27.656445312499997],[-8.659912109375,28.718603515625],[-7.685156249999977,29.349511718749994],[-7.094921875000011,29.625195312499955],[-6.635351562499977,29.56879882812501],[-6.500878906249994,29.809130859374996],[-5.448779296874989,29.956933593749994],[-4.96826171875,30.46538085937496],[-4.322851562499977,30.698876953124994],[-3.833398437499994,31.19780273437496],[-3.826757812499977,31.661914062500017],[-3.017382812500017,31.83427734374996],[-2.930859374999983,32.042529296874996],[-2.448388671874994,32.12998046875],[-1.275341796874983,32.089013671874994],[-1.065527343749977,32.468310546874996],[-1.510009765625,32.87763671875],[-1.67919921875,33.318652343749996],[-1.795605468749983,34.751904296875],[-2.219628906249994,35.10419921875]]]},"id":"MAR"},{"type":"Feature","properties":{"name":"Moldova","iso_a3":"MDA","adm0_a3":"MDA"},"geometry":{"type":"Polygon","coordinates":[[[28.2125,45.450439453125],[28.94775390625,46.049951171874994],[29.146289062500017,46.526904296874996],[29.837890625,46.350537109375],[29.877832031250023,46.82890625],[29.54931640625,47.246826171875],[29.159765625,47.4556640625],[29.19482421875,47.882421875],[27.549218750000023,48.477734375],[26.618945312500017,48.25986328125],[26.980761718750017,48.155029296875],[27.3369140625,47.63974609375],[28.07177734375,46.978417968749994],[28.24433593750001,46.45126953125],[28.099707031250006,45.972607421875],[28.2125,45.450439453125]]]},"id":"MDA"},{"type":"Feature","properties":{"name":"Madagascar","iso_a3":"MDG","adm0_a3":"MDG"},"geometry":{"type":"Polygon","coordinates":[[[49.5382812500001,-12.43212890625],[49.20703125000003,-12.079589843749943],[48.8996093750001,-12.458496093749957],[48.79648437500006,-13.267480468750009],[47.99550781250005,-13.960449218749972],[47.81152343750003,-14.544824218750009],[46.47509765624997,-15.513476562499989],[46.33144531250005,-15.713671875],[45.70019531250003,-15.813769531249974],[45.59824218750006,-15.99257812499998],[45.166796875000074,-15.982812500000037],[44.90917968750003,-16.17451171875001],[44.47617187500006,-16.21728515625003],[44.42138671875003,-16.702636718749957],[43.97939453125005,-17.391601562499986],[44.04003906250003,-18.28847656250001],[44.23310546875004,-18.740625],[44.23876953125003,-19.07519531249997],[44.448828125,-19.428710937499957],[44.23964843750005,-20.37968749999999],[43.80019531250005,-21.17919921874997],[43.501855468749994,-21.35644531250003],[43.26660156250003,-22.049316406249957],[43.39785156250005,-22.88632812500005],[43.72226562500006,-23.529687500000023],[43.6875,-24.35791015625],[44.03535156250004,-24.99570312499999],[44.3458984375001,-25.22607421875003],[44.81289062499999,-25.334179687500026],[45.11523437499997,-25.543066406250034],[45.50800781250004,-25.563183593750054],[46.15869140625003,-25.23037109375001],[46.72851562500003,-25.149902343749957],[47.17734375000006,-24.787207031249963],[47.558007812499994,-23.874609375000034],[47.90839843750004,-22.4658203125],[48.35078125000004,-21.349023437500023],[48.60703125,-20.45751953125003],[49.47783203125002,-17.898535156249963],[49.437109375,-17.346679687499986],[49.7671875,-16.81513671874997],[49.83105468749997,-16.25585937499997],[49.64990234375003,-15.566992187499963],[49.89257812499997,-15.457714843749997],[50.20898437499997,-15.960449218750014],[50.48271484375002,-15.385644531249966],[50.23535156249997,-14.732031250000034],[50.17382812499997,-14.040234374999969],[49.9375,-13.072265625000028],[49.5382812500001,-12.43212890625]]]},"id":"MDG"},{"type":"Feature","properties":{"name":"Mexico","iso_a3":"MEX","adm0_a3":"MEX"},"geometry":{"type":"Polygon","coordinates":[[[-88.295654296875,18.47241210937497],[-88.19677734375003,18.719677734374983],[-87.76181640624998,18.446142578125034],[-87.42475585937495,19.583349609374977],[-87.4671875,20.102148437499977],[-86.86469726562498,20.885058593750045],[-86.82407226562498,21.421679687500045],[-88.13164062499999,21.615869140624994],[-88.87871093749996,21.414111328125017],[-89.81977539062501,21.27460937500001],[-90.353125,21.009423828124994],[-90.484130859375,20.556347656249983],[-90.50708007812497,19.91186523437503],[-90.73925781250003,19.352246093749983],[-91.34306640625002,18.900585937499983],[-91.27524414062498,18.62446289062504],[-91.802978515625,18.47060546875005],[-91.973779296875,18.715869140625017],[-92.710107421875,18.611669921875006],[-92.88476562499994,18.468652343749994],[-93.55234374999998,18.430468750000045],[-94.18901367187502,18.195263671874983],[-94.54619140624993,18.174853515625017],[-94.79814453124993,18.51459960937504],[-95.18183593749995,18.700732421875017],[-95.82109375,18.754638671875],[-96.28955078125003,19.34375],[-96.4560546875,19.869775390624994],[-97.12143554687503,20.61499023437503],[-97.637548828125,21.603662109374994],[-97.85781249999994,22.624511718750057],[-97.66767578124993,24.389990234375006],[-97.507080078125,25.014550781249966],[-97.14624023437503,25.961474609375074],[-97.35815429687503,25.870507812499994],[-98.0828125,26.064453125],[-99.10776367187496,26.446923828125023],[-99.44355468749998,27.03666992187499],[-99.50532226562495,27.54833984374997],[-100.29604492187501,28.327685546875017],[-100.65864257812498,29.068554687499983],[-101.440380859375,29.77685546875003],[-102.26894531249995,29.871191406249977],[-102.73417968749997,29.64394531250005],[-102.89199218749997,29.216406249999977],[-103.25771484374995,29.001123046874994],[-104.40063476562501,29.57373046875003],[-104.97880859375003,30.645947265624983],[-106.25571289062502,31.54467773437503],[-106.45322265625002,31.77016601562505],[-108.21181640625001,31.77934570312496],[-108.214453125,31.329443359375063],[-111.04199218749999,31.324218750000057],[-112.93896484375,31.916259765625057],[-114.83593750000001,32.50830078125006],[-114.72475585937502,32.71533203125006],[-117.12827148437502,32.533349609374994],[-116.66215820312502,31.564892578124983],[-116.062158203125,30.804150390624983],[-115.67382812500001,29.756396484375045],[-114.99350585937496,29.384423828125023],[-114.14550781249996,28.60541992187504],[-114.048486328125,28.426171875000023],[-114.30058593750002,27.87299804687504],[-114.99350585937496,27.73603515625001],[-114.44526367187501,27.218164062500023],[-113.840966796875,26.96650390625001],[-113.59853515625,26.721289062500063],[-113.20576171875,26.85698242187499],[-113.02075195312497,26.583251953125],[-112.37724609374996,26.21391601562499],[-112.05576171875002,25.48823242187501],[-112.07255859374997,24.840039062499955],[-111.41933593749994,24.329003906250023],[-110.36269531249997,23.60493164062504],[-109.9234375,22.885888671874994],[-109.45805664062496,23.214746093750023],[-109.42084960937503,23.480126953125023],[-110.022802734375,24.174609375000017],[-110.54697265624995,24.21416015624999],[-110.67724609375001,24.78852539062501],[-111.03442382812496,25.526953125],[-111.29160156249995,25.789794921875],[-111.56967773437502,26.707617187500006],[-112.00908203125,26.967089843750045],[-112.32919921874995,27.523437500000057],[-112.734033203125,27.825976562500045],[-112.87084960937499,28.424218749999966],[-113.49970703125003,28.92670898437504],[-113.75546875,29.367480468750017],[-114.37260742187495,29.830224609374966],[-114.64975585937502,30.238134765625034],[-114.63330078124994,30.50688476562499],[-114.88188476562496,31.156396484374966],[-114.83950195312495,31.798535156249955],[-114.14931640625002,31.50737304687499],[-113.04672851562502,31.179248046875017],[-113.11044921874995,30.793310546874977],[-112.73837890624999,29.985449218749977],[-112.22348632812499,29.269482421874955],[-112.16176757812502,29.018896484374977],[-111.68007812499995,28.470556640625006],[-111.12138671874999,27.966992187499983],[-110.52988281250002,27.86420898437501],[-110.47778320312497,27.32265625],[-109.94399414062502,27.079345703125],[-109.75478515625002,26.702929687500045],[-109.48286132812495,26.71035156250005],[-109.19970703125,26.305224609375017],[-109.42563476562502,26.032568359374977],[-109.3849609375,25.727148437500034],[-108.37368164062494,25.1943359375],[-107.95117187500001,24.614892578124994],[-106.93549804687495,23.88125],[-106.40224609374994,23.195605468750045],[-105.791796875,22.627490234375045],[-105.64912109374998,21.988085937500074],[-105.20869140624997,21.490820312500006],[-105.23706054687497,21.119189453125074],[-105.66943359374994,20.385595703125006],[-105.48208007812497,19.97607421874997],[-104.93847656249999,19.309375],[-103.91245117187493,18.828466796875034],[-103.44160156250003,18.32539062500004],[-102.69956054687502,18.062841796875006],[-101.84707031249998,17.922265624999966],[-101.60029296874998,17.651562499999983],[-100.84780273437498,17.200488281250017],[-100.02451171874993,16.920507812500006],[-99.69067382812496,16.719628906250023],[-98.76220703125,16.534765625],[-98.52031250000002,16.304833984374966],[-97.75478515625002,15.966845703125045],[-97.18466796875003,15.909277343750034],[-96.51083984374998,15.651904296875017],[-95.46440429687496,15.974707031250034],[-94.90043945312499,16.41748046875],[-94.6615234375,16.201904296875057],[-94.374169921875,16.284765625000063],[-93.91606445312499,16.053564453125034],[-92.80893554687495,15.138574218749966],[-92.23515624999999,14.54541015625],[-92.07480468749999,15.07421875],[-92.18715820312502,15.320898437499977],[-91.736572265625,16.07016601562499],[-90.44716796875002,16.07270507812501],[-90.4169921875,16.39101562499999],[-91.409619140625,17.255859375],[-90.99296875000002,17.25244140625003],[-90.98916015625,17.81640625],[-89.161474609375,17.814843750000023],[-88.80634765624995,17.965527343749983],[-88.52299804687496,18.445898437499977],[-88.295654296875,18.47241210937497]]]},"id":"MEX"},{"type":"Feature","properties":{"name":"Macedonia","iso_a3":"MKD","adm0_a3":"MKD"},"geometry":{"type":"Polygon","coordinates":[[[20.964257812499994,40.84990234375002],[21.57578125,40.868945312499996],[21.929492187500017,41.107421875],[22.493554687500023,41.118505859375],[22.916015625,41.33627929687498],[23.005664062500017,41.716943359374994],[22.836816406250023,41.993603515625],[22.34404296874999,42.31396484375003],[21.5625,42.247509765625],[21.05976562500001,42.171289062499994],[20.566210937500017,41.873681640624994],[20.48896484375001,41.272607421874994],[20.964257812499994,40.84990234375002]]]},"id":"MKD"},{"type":"Feature","properties":{"name":"Mali","iso_a3":"MLI","adm0_a3":"MLI"},"geometry":{"type":"Polygon","coordinates":[[[0.217480468750011,14.911474609374991],[0.960058593750006,14.986914062499991],[1.300195312500023,15.272265625],[3.504296875000023,15.356347656249994],[3.876953125,15.755273437499994],[4.121289062500011,16.357714843750003],[4.234667968750017,16.996386718750003],[4.227636718750006,19.142773437499997],[3.40087890625,18.988427734374994],[3.106054687500006,19.150097656249997],[3.255859375,19.4109375],[3.203710937500006,19.789697265624994],[2.406152343750023,20.063867187499994],[2.219335937500006,20.247802734375],[1.685449218750023,20.378369140624997],[1.165722656250011,20.817431640625003],[1.1455078125,21.102246093749997],[-1.29296875,22.696533203125],[-3.257861328124989,23.98125],[-4.822607421874977,24.99560546875],[-6.594091796874977,24.99462890625],[-6.368115234374983,23.02612304687497],[-6.083398437499994,20.539501953124997],[-5.884082031249989,18.798876953125003],[-5.628662109375,16.568652343750003],[-5.359912109374989,16.282861328124994],[-5.5125,15.496289062499997],[-7.559375,15.496142578125003],[-9.176806640624989,15.49609375],[-9.94140625,15.373779296875014],[-10.696582031249989,15.42265625],[-10.895605468749977,15.150488281249991],[-11.502685546875,15.636816406249991],[-11.76015625,15.425537109374986],[-11.872851562499989,14.995166015625003],[-12.280615234374977,14.809033203124997],[-12.019189453124994,14.206494140624997],[-12.05419921875,13.633056640625],[-11.634960937499983,13.369873046875],[-11.390380859375,12.941992187499991],[-11.389404296875,12.404394531249991],[-11.30517578125,12.015429687499989],[-10.933203124999977,12.205175781249991],[-10.677343749999977,11.8994140625],[-10.274853515624983,12.212646484375],[-9.82070312499999,12.04248046875],[-9.043066406249977,12.40234375],[-8.822021484375,11.673242187499994],[-8.407470703125,11.386279296874989],[-8.231494140624989,10.43798828125],[-7.990625,10.1625],[-7.6611328125,10.427441406249997],[-7.104882812499994,10.20351562499998],[-6.693261718749994,10.349462890624991],[-6.261132812499994,10.724072265624997],[-6.034570312499994,10.19482421875],[-5.523535156249977,10.426025390625],[-5.490478515625,11.042382812499994],[-5.299853515624989,11.205957031249994],[-5.288134765624989,11.827929687499989],[-4.797949218749977,12.032128906249994],[-4.4287109375,12.337597656249997],[-4.480615234374994,12.672216796874991],[-4.227099609374989,12.793701171875],[-4.328710937499977,13.119042968749994],[-4.05117187499999,13.38242187499999],[-3.575781249999977,13.194189453124991],[-3.3017578125,13.28076171875],[-3.198437499999983,13.6728515625],[-2.457226562499983,14.274121093749997],[-2.113232421874983,14.16845703125],[-1.767773437499983,14.486035156249997],[-1.049560546875,14.81953125],[-0.760449218749983,15.047753906249994],[-0.235888671874989,15.059423828124991],[0.217480468750011,14.911474609374991]]]},"id":"MLI"},{"type":"Feature","properties":{"name":"Myanmar","iso_a3":"MMR","adm0_a3":"MMR"},"geometry":{"type":"Polygon","coordinates":[[[92.32412109375005,20.791845703124977],[92.73564453125007,20.56269531250001],[93.00195312500003,20.074853515625023],[93.36230468749997,20.05830078125001],[93.99814453125012,19.44086914062501],[93.70546875,19.026904296875045],[94.07001953125004,18.893408203125034],[94.43076171875006,18.201660156250057],[94.58896484375006,17.56933593750003],[94.2142578125,16.126611328124994],[94.58750000000012,16.288818359375],[94.94257812500004,15.818261718749966],[95.38955078125,15.722753906250063],[95.76328125000012,16.169042968750034],[96.6224609375,16.56391601562501],[97.17832031250006,17.062011718750057],[97.37587890625,16.52294921875],[97.61962890625003,16.537207031249977],[97.58427734375002,16.019580078125045],[97.71035156250005,15.875537109374989],[97.81230468750002,14.858935546875017],[98.24541015625007,13.733496093749977],[98.57597656250007,13.16191406249996],[98.74140625000004,11.591699218749994],[98.67558593750002,10.986914062499977],[98.46494140625012,10.675830078125017],[98.7025390625,10.190380859374969],[98.75722656250005,10.6609375],[99.19013671875004,11.105273437500017],[99.61474609374997,11.781201171875054],[99.40507812500007,12.547900390625017],[99.21982421875006,12.739746093750028],[99.13681640625012,13.716699218750009],[98.24599609375,14.814746093749989],[98.19101562500006,15.204101562499986],[98.56523437500002,15.403564453125043],[98.68925781250007,16.305419921875],[98.43886718750005,16.975683593750034],[97.79296874999997,17.68125],[97.48496093750012,18.494238281249977],[97.75400390625006,18.62080078125001],[97.81679687500005,19.45996093749997],[98.23906250000002,19.690673828125],[98.91669921875004,19.772900390624955],[99.0207031250001,20.041796875000045],[99.33789062499997,20.078906250000045],[99.89033203125004,20.424414062500006],[100.1224609375,20.316650390625],[100.24931640625002,20.730273437500045],[100.75664062500005,21.312646484375136],[101.13886718750004,21.567480468750006],[100.8351562500001,21.655175781250023],[100.21474609375,21.462988281250034],[99.91767578125004,22.02802734375004],[99.19296875000012,22.1259765625],[99.33769531250002,22.49804687500003],[99.34082031250003,23.095898437499983],[98.86376953124997,23.191259765625034],[98.7643554687501,24.116064453124977],[98.21250000000012,24.110644531250045],[97.68603515624997,23.898095703124994],[97.5314453125001,24.49169921875003],[97.81953125000004,25.251855468749994],[98.01074218750003,25.292529296875017],[98.65468750000005,25.917773437500045],[98.73183593750005,26.583398437500023],[98.65117187500002,27.57246093750001],[98.29882812500003,27.55009765624996],[98.09892578125007,28.14228515625001],[97.53789062500007,28.510205078124983],[97.32246093750004,28.217968749999955],[97.33515625000004,27.937744140625],[96.66572265625004,27.339257812499994],[96.06142578125,27.21708984374999],[95.12871093750007,26.597265625],[95.13242187500012,26.04125976562497],[94.62285156250002,25.410009765624977],[94.70761718750006,25.048730468750023],[94.29306640625006,24.321875],[94.12763671875004,23.87646484375003],[93.30732421874998,24.021875000000165],[93.41494140625,23.68208007812504],[93.36601562500002,23.132519531249983],[93.07871093750012,22.718212890624955],[93.16201171875005,22.360205078125034],[92.96455078125004,22.003759765624977],[92.57490234374998,21.97807617187499],[92.59345703125004,21.467333984375017],[92.17958984375,21.293115234374966],[92.32412109375005,20.791845703124977]]]},"id":"MMR"},{"type":"Feature","properties":{"name":"Montenegro","iso_a3":"MNE","adm0_a3":"MNE"},"geometry":{"type":"Polygon","coordinates":[[[20.06396484375,42.54726562499999],[20.344335937500006,42.827929687499996],[19.551562500000017,43.212255859375],[19.1943359375,43.53330078125],[18.940234375000017,43.496728515624994],[18.44384765625,42.96845703125],[18.436328125000017,42.559716796874994],[18.517480468750023,42.432910156249996],[19.342382812500006,41.869091796875],[19.280664062500023,42.17255859375],[19.65449218750001,42.628564453124994],[20.06396484375,42.54726562499999]]]},"id":"MNE"},{"type":"Feature","properties":{"name":"Mongolia","iso_a3":"MNG","adm0_a3":"MNG"},"geometry":{"type":"Polygon","coordinates":[[[116.68330078125001,49.823779296874996],[116.13457031249999,50.010791015624996],[115.27451171875003,49.948876953124994],[114.74316406249997,50.233691406250045],[114.29707031250001,50.2744140625],[113.16416015625003,49.797167968749996],[113.05556640625002,49.616259765624996],[111.33662109375001,49.35585937499999],[110.82792968749999,49.166162109374994],[110.19990234375001,49.17041015625],[109.23671875,49.33491210937498],[108.613671875,49.32280273437502],[108.03378906250003,49.593994140625],[107.94785156250003,49.924707031249994],[107.23330078125,49.989404296874994],[106.71113281250001,50.31259765625],[106.21787109375003,50.304589843749994],[105.38359374999999,50.47373046875],[103.63291015625003,50.138574218749994],[102.68330078125001,50.387158203125],[102.28837890624999,50.585107421874994],[102.11152343750001,51.353466796875],[101.38125,51.45263671875],[100.53623046875003,51.7134765625],[99.92167968749999,51.755517578125],[98.8486328125,52.070068359375],[97.946875,51.3484375],[97.82529296875003,50.985253906249994],[98.27949218750001,50.533251953124996],[98.10341796875,50.07783203124998],[97.20859375000003,49.730810546875],[96.9857421875,49.88281250000006],[95.85195312500002,50.012939453125],[95.52265625000001,49.91123046875],[94.61474609374997,50.02373046874999],[94.25107421875003,50.556396484375],[91.80429687500003,50.693603515625],[89.64384765624999,49.90302734375],[89.65410156249999,49.71748046875],[88.83164062500003,49.4484375],[88.19257812500001,49.451708984374996],[87.81425781249999,49.1623046875],[87.97968750000001,48.555126953125],[88.51708984375,48.38447265625],[89.04765624999999,48.0025390625],[89.56093750000002,48.003955078124996],[90.31328124999999,47.67617187499999],[90.49619140625003,47.28515625],[90.86992187499999,46.954492187499994],[91.03388671875001,46.52900390625],[91.00175781249999,46.035791015624994],[90.66181640625001,45.525244140625],[90.87724609374999,45.19609375],[91.584375,45.076513671875006],[92.78789062499999,45.0357421875],[93.65644531250001,44.9009765625],[94.71201171875003,44.350830078125],[95.35029296875001,44.278076171875],[95.9125,43.206494140625],[96.38544921875001,42.720361328124994],[97.20566406250003,42.789794921875],[99.46787109375003,42.568212890625],[99.9837890625,42.67734375],[101.71386718749997,42.46582031249997],[101.97294921874999,42.215869140624996],[103.07285156250003,42.00595703125],[103.71113281250001,41.751318359375],[104.49824218750001,41.877001953124996],[104.49824218750001,41.65869140625],[105.19707031249999,41.738037109375],[106.77001953125,42.288720703124994],[108.17119140624999,42.447314453124996],[109.44316406249999,42.455957031249994],[110.400390625,42.773681640625],[111.0072265625,43.34140625],[111.93320312500003,43.71142578125],[111.40224609375002,44.36728515625],[111.89804687500003,45.0640625],[113.58701171875003,44.745703125],[114.0302734375,44.942578125],[114.51718750000003,45.364599609375],[115.6810546875,45.45825195312497],[116.240625,45.79599609375],[116.56259765625003,46.289794921875],[117.3333984375,46.36201171874998],[118.30869140625003,46.717041015625],[119.70664062500003,46.606005859374996],[119.8978515625,46.8578125],[119.71113281250001,47.15],[118.4984375,47.983984375],[117.76835937499999,47.987890625],[117.35078125000001,47.652197265625],[116.76054687499999,47.869775390624994],[115.89824218749999,47.686914062499994],[115.55761718749997,47.94501953124998],[116.68330078125001,49.823779296874996]]]},"id":"MNG"},{"type":"Feature","properties":{"name":"Mozambique","iso_a3":"MOZ","adm0_a3":"MOZ"},"geometry":{"type":"Polygon","coordinates":[[[32.112890625,-26.839453125],[32.886132812499994,-26.84931640624997],[32.93359375,-26.25234375],[32.590429687500006,-26.00410156250001],[32.79218750000001,-25.644335937500003],[33.34746093750002,-25.26093750000001],[34.60732421875002,-24.8212890625],[35.15595703125001,-24.54140625],[35.438085937500006,-24.171191406250003],[35.37041015625002,-23.79824218750001],[35.57539062500001,-22.96308593750001],[35.31572265625002,-22.396875],[35.267675781250006,-21.650976562500006],[34.98232421875002,-20.80625],[34.69814453125002,-20.404394531250006],[34.75576171875002,-19.82197265625001],[34.947851562500006,-19.81269531250001],[35.65126953125002,-19.163867187500003],[36.540136718750006,-18.518164062500006],[37.24453125000002,-17.73994140625001],[38.14492187500002,-17.242773437500006],[39.084375,-16.97285156250001],[39.84462890625002,-16.435644531250006],[40.10878906250002,-15.979296875],[40.55898437500002,-15.4734375],[40.83515625000001,-14.79150390625],[40.63994140625002,-14.390039062500009],[40.54511718750001,-13.462890625],[40.58085937500002,-12.635546875],[40.40283203125,-11.33203125],[40.54453125,-11.065625],[40.46357421875001,-10.46435546875],[39.98867187500002,-10.82080078125],[39.32158203125002,-11.122558593750014],[38.79472656250002,-11.22890625],[38.491796875,-11.413281250000011],[37.92021484375002,-11.294726562500003],[37.54169921875001,-11.675097656250003],[36.97890625,-11.566992187499963],[36.518652343750006,-11.716210937500009],[35.78544921875002,-11.452929687500003],[35.630957031250006,-11.58203125],[34.95947265624997,-11.578125],[34.659570312499994,-11.588671875000031],[34.36083984374997,-12.210546874999977],[34.56367187500001,-13.36015625],[35.24746093750002,-13.896875],[35.84716796874997,-14.670898437500014],[35.755273437499994,-16.05830078124997],[35.358496093750006,-16.160546875],[35.16718750000001,-16.56025390625001],[35.290429687499994,-17.096972656250003],[34.3955078125,-16.19921875],[34.24824218750001,-15.8875],[34.54082031250002,-15.297265625],[34.505273437499994,-14.598144531250028],[34.33251953124997,-14.408593749999966],[33.63642578125001,-14.568164062500003],[33.201757812500006,-14.013378906250011],[31.728906250000023,-14.49609375],[30.231835937500023,-14.990332031250006],[30.39609375,-15.64306640625],[30.437792968750017,-15.995312500000011],[31.236230468750023,-16.02363281250001],[31.939843750000023,-16.428808593750006],[32.243261718750006,-16.44873046875],[32.94804687500002,-16.71230468750001],[32.99306640625002,-18.35957031250001],[32.71650390625001,-19.00185546875001],[33.00673828125002,-19.873828125],[32.477636718750006,-20.712988281250006],[32.37109375,-21.33486328125001],[31.287890625000017,-22.40205078125001],[31.54560546875001,-23.48232421875001],[31.799609375000017,-23.8921875],[31.98583984374997,-24.46064453124997],[31.94824218749997,-25.95761718750002],[32.112890625,-26.839453125]]]},"id":"MOZ"},{"type":"Feature","properties":{"name":"Mauritania","iso_a3":"MRT","adm0_a3":"MRT"},"geometry":{"type":"Polygon","coordinates":[[[-8.683349609375,27.2859375],[-8.682226562499977,25.995507812499994],[-10.376123046874994,25.99545898437499],[-12.016308593749983,25.995410156250003],[-12.0234375,23.467578125],[-12.620410156249989,23.27133789062499],[-13.031494140625,23.000244140625],[-13.094335937499977,22.495996093749994],[-13.016210937499977,21.333935546874997],[-15.231201171875,21.331298828125],[-16.964550781249983,21.329248046874994],[-17.048046874999983,20.80615234375],[-16.429785156250006,20.65234375],[-16.21044921874997,20.227929687500023],[-16.283398437499926,19.787158203125017],[-16.514453124999932,19.361962890624994],[-16.213085937499983,19.003320312500023],[-16.0849609375,18.521191406249955],[-16.078906250000017,17.54584960937504],[-16.535742187500006,16.28681640625004],[-16.535253906249977,15.83837890625],[-16.441015624999977,16.204541015624997],[-16.16835937499999,16.547070312499997],[-15.620800781249983,16.506591796875],[-15.112646484374977,16.64492187499999],[-14.300097656249989,16.580273437499955],[-13.868457031249989,16.148144531249997],[-13.40966796875,16.05917968749999],[-13.258007812499983,15.700390625],[-12.858496093749977,15.242529296874991],[-12.280615234374977,14.809033203124997],[-11.872851562499989,14.995166015625003],[-11.76015625,15.425537109374986],[-11.502685546875,15.636816406249991],[-10.895605468749977,15.150488281249991],[-10.696582031249989,15.42265625],[-9.94140625,15.373779296875014],[-9.176806640624989,15.49609375],[-7.559375,15.496142578125003],[-5.5125,15.496289062499997],[-5.359912109374989,16.282861328124994],[-5.628662109375,16.568652343750003],[-5.884082031249989,18.798876953125003],[-6.083398437499994,20.539501953124997],[-6.368115234374983,23.02612304687497],[-6.594091796874977,24.99462890625],[-4.822607421874977,24.99560546875],[-6.23867187499999,25.848193359375003],[-8.683349609375,27.2859375]]]},"id":"MRT"},{"type":"Feature","properties":{"name":"Malawi","iso_a3":"MWI","adm0_a3":"MWI"},"geometry":{"type":"Polygon","coordinates":[[[34.95947265624997,-11.578125],[34.59765624999997,-11.0375],[34.6618164062501,-10.710058593750006],[34.52421875000002,-10.030175781249952],[34.320898437500006,-9.731542968749963],[32.91992187499997,-9.407421875000011],[33.35097656250002,-9.862207031250009],[33.659082031249994,-10.590527343749983],[33.261328125,-10.893359375],[33.37978515625002,-11.157910156250011],[33.22636718750002,-11.534863281250011],[33.25234375,-12.112597656250003],[33.39794921875,-12.48984375],[33.021582031250006,-12.63046875],[32.96757812500002,-13.225],[32.67207031250001,-13.6103515625],[32.992089843749994,-14.022167968750011],[33.201757812500006,-14.013378906250011],[33.63642578125001,-14.568164062500003],[34.33251953124997,-14.408593749999966],[34.505273437499994,-14.598144531250028],[34.54082031250002,-15.297265625],[34.24824218750001,-15.8875],[34.3955078125,-16.19921875],[35.290429687499994,-17.096972656250003],[35.16718750000001,-16.56025390625001],[35.358496093750006,-16.160546875],[35.755273437499994,-16.05830078124997],[35.84716796874997,-14.670898437500014],[35.24746093750002,-13.896875],[34.56367187500001,-13.36015625],[34.36083984374997,-12.210546874999977],[34.659570312499994,-11.588671875000031],[34.95947265624997,-11.578125]]]},"id":"MWI"},{"type":"Feature","properties":{"name":"Malaysia","iso_a3":"MYS","adm0_a3":"MYS"},"geometry":{"type":"MultiPolygon","coordinates":[[[[115.0267578125,4.899707031250003],[114.74667968750006,4.718066406250045],[114.840234375,4.393212890625023],[114.60830078125,4.023974609375031],[114.06386718750005,4.59267578124998],[113.92392578125012,4.243212890625017],[113.04472656250007,3.205224609375023],[112.73730468749997,3.070458984375023],[111.7277343750001,2.853808593750017],[111.24218750000003,2.435742187500026],[111.15419921875005,1.738769531249972],[110.93994140624997,1.517333984374972],[110.34921875000006,1.7197265625],[109.98457031250004,1.717626953125006],[109.62890624999997,2.027539062499997],[109.65400390625004,1.614892578125037],[110.50576171875,0.861962890625037],[110.93808593750006,1.017333984374986],[111.7697265625001,0.999462890624983],[112.07851562500005,1.143359374999989],[112.18574218750004,1.43906250000002],[112.47617187500006,1.559082031250043],[113.62226562500004,1.23593750000002],[113.90234374999997,1.434277343750011],[114.54589843750003,1.467138671874963],[114.83056640625003,1.980029296875003],[114.78642578125007,2.250488281250028],[115.17910156250005,2.523193359374986],[115.08632812500005,2.841113281250017],[115.45439453125007,3.034326171875023],[115.56845703125006,3.938769531249989],[115.89619140625004,4.348681640625017],[117.10058593749997,4.337060546875051],[117.57441406250004,4.170605468749969],[118.49804687500003,4.36235351562496],[118.18535156250002,4.82851562499998],[119.1322265625,5.100488281249966],[119.22343750000002,5.412646484374974],[118.59482421875012,5.592089843750017],[118.11582031250006,5.8625],[118.00380859375,6.05332031250002],[117.61718749999997,5.940722656249989],[117.64570312500004,6.473681640625031],[117.29404296875006,6.676904296875051],[116.49472656250012,6.52167968750004],[116.1383789062501,6.129541015625009],[115.796875,5.536132812499986],[115.41904296875006,5.413183593749991],[115.51982421875002,5.048925781250034],[115.1400390625,4.89975585937502],[115.0267578125,4.899707031250003]]],[[[102.10107421874997,6.24223632812496],[101.87363281250006,5.82529296875002],[101.55605468750005,5.907763671875031],[101.25703125000004,5.789355468749974],[101.05351562500007,6.242578125000023],[100.34541015625004,6.54990234375002],[100.11914062499997,6.441992187499977],[100.34326171874997,5.98417968749996],[100.35263671875012,5.587695312500017],[100.61455078125007,4.652246093750037],[100.71542968750012,3.966210937499994],[101.29990234375006,3.253271484374963],[101.29550781250006,2.885205078125026],[102.72714843750006,1.855566406249963],[103.69453125000004,1.44965820312504],[104.2884765625,1.480664062499969],[103.81220703125004,2.580468750000023],[103.43945312499997,2.933105468750014],[103.3620117187501,3.769140624999977],[103.46875,4.39326171875004],[103.41582031250002,4.850292968749983],[102.98242187500003,5.524951171875017],[102.10107421874997,6.24223632812496]]]]},"id":"MYS"},{"type":"Feature","properties":{"name":"Namibia","iso_a3":"NAM","adm0_a3":"NAM"},"geometry":{"type":"Polygon","coordinates":[[[11.743066406250023,-17.24921875000001],[11.77587890625,-18.001757812500003],[12.095703125,-18.54091796875001],[12.458203125000011,-18.9267578125],[13.168359375000023,-20.184667968750006],[13.450585937500023,-20.91669921875001],[13.973242187500006,-21.767578125],[14.321875,-22.18994140625],[14.525976562500006,-22.70253906250001],[14.473828125000011,-23.28115234375001],[14.5015625,-24.201953125],[14.837109375000011,-25.033203125],[14.84521484375,-25.725683593750006],[14.9677734375,-26.31806640625001],[15.341503906250011,-27.386523437500003],[15.719042968750017,-27.9658203125],[16.447558593750017,-28.617578125],[16.755761718750023,-28.4521484375],[17.05625,-28.031054687500017],[17.38574218749997,-28.353222656250026],[17.44794921875001,-28.69814453125001],[18.310839843750017,-28.88623046875],[19.02607421875001,-28.92792968750001],[19.671484375,-28.50390625],[19.98046875,-28.451269531250006],[19.98046875,-26.53115234375001],[19.98046875,-24.77675781250001],[19.977343750000017,-22.00019531250001],[20.970996093750017,-22.00019531250001],[20.976171875,-19.74433593750001],[20.97412109375,-18.31884765625],[23.298632812500017,-18.02734375],[23.58056640625,-18.452929687500003],[24.358984375,-17.97822265625001],[25.2587890625,-17.793554687500006],[24.932421875000017,-17.54345703125],[24.27490234375,-17.481054687500006],[23.380664062500017,-17.640625],[21.416894531250023,-18.00068359375001],[20.625097656250006,-17.996679687499977],[20.392968750000023,-17.88740234375001],[19.076464843750017,-17.817675781250003],[18.718066406250017,-17.703222656250006],[18.396386718750023,-17.3994140625],[16.531054687500017,-17.39082031250001],[13.93798828125,-17.388769531250006],[13.403710937500023,-17.0078125],[13.101171875,-16.96767578125001],[12.548144531250017,-17.212695312500003],[11.743066406250023,-17.24921875000001]]]},"id":"NAM"},{"type":"Feature","properties":{"name":"New Caledonia","iso_a3":"NCL","adm0_a3":"NCL"},"geometry":{"type":"Polygon","coordinates":[[[164.2023437500001,-20.246093750000043],[164.16972656250002,-20.480175781250026],[164.45468750000006,-20.82910156249997],[165.24199218750007,-21.525488281250006],[166.09609375,-21.956640625],[166.7741210937501,-22.376171875000026],[166.94238281250003,-22.090136718750017],[165.6627929687501,-21.267187499999963],[165.191796875,-20.76884765624996],[164.4359375,-20.28222656250003],[164.2023437500001,-20.246093750000043]]]},"id":"NCL"},{"type":"Feature","properties":{"name":"Niger","iso_a3":"NER","adm0_a3":"NER"},"geometry":{"type":"Polygon","coordinates":[[[3.595410156250011,11.6962890625],[3.646679687500011,12.529980468749997],[3.947851562500006,12.775048828124994],[4.147558593750006,13.457714843749997],[4.823339843750006,13.759765625],[5.491992187500017,13.872851562500003],[6.386328125,13.603613281249991],[6.804296875,13.107666015625],[7.056738281250006,13.000195312499997],[7.788671875,13.337890625],[8.095019531250017,13.291162109374994],[8.750585937499977,12.908154296875054],[9.615917968750011,12.810644531249991],[10.184667968750006,13.270117187499991],[10.958886718750023,13.37153320312504],[11.411914062500017,13.353613281250034],[12.463183593750017,13.09375],[12.65478515625,13.3265625],[13.323828125,13.670849609374997],[13.606347656250023,13.70458984375],[13.4482421875,14.380664062500003],[14.367968750000017,15.750146484374994],[15.474316406250011,16.908398437499997],[15.735058593750011,19.904052734375],[15.948828125,20.303173828124997],[15.587109375000011,20.733300781249994],[15.607324218750023,20.954394531250003],[15.181835937500011,21.523388671874997],[15.172265625000023,21.922070312499997],[14.97900390625,22.99619140624999],[14.230761718750017,22.618457031250003],[13.48125,23.18017578125],[11.967871093750006,23.517871093750003],[9.378710937500017,21.99140625],[7.481738281250017,20.873095703125003],[5.836621093750011,19.479150390624994],[4.227636718750006,19.142773437499997],[4.234667968750017,16.996386718750003],[4.121289062500011,16.357714843750003],[3.876953125,15.755273437499994],[3.504296875000023,15.356347656249994],[1.300195312500023,15.272265625],[0.960058593750006,14.986914062499991],[0.217480468750011,14.911474609374991],[0.163867187500017,14.497216796874994],[0.6181640625,13.703417968750003],[0.977734375000011,13.551953125],[0.9873046875,13.041894531249994],[1.56494140625,12.635400390624994],[2.073828125,12.713964843749991],[2.09140625,12.277978515624994],[2.38916015625,11.897070312499991],[2.366015625000017,12.221923828125],[2.878125,12.367724609374989],[3.595410156250011,11.6962890625]]]},"id":"NER"},{"type":"Feature","properties":{"name":"Nigeria","iso_a3":"NGA","adm0_a3":"NGA"},"geometry":{"type":"Polygon","coordinates":[[[2.706445312499994,6.369238281249991],[4.12587890625008,6.411376953125043],[4.43134765625004,6.34858398437504],[4.861035156250011,6.026318359375026],[5.232421875,5.48378906249998],[5.587792968750023,4.647216796875],[6.076562500000023,4.290625],[6.757031250000011,4.343554687500031],[7.154687500000023,4.514404296875028],[8.293066406250034,4.557617187500043],[8.555859375000011,4.755224609374991],[8.800976562500011,5.197460937499997],[9.06015625,6.009082031249974],[10.1435546875,6.996435546875048],[10.60625,7.063085937500034],[11.032519531250017,6.69790039062498],[11.1533203125,6.437939453124997],[11.551660156250023,6.697265625],[11.767382812500017,7.272265624999989],[12.016015625000023,7.589746093749994],[12.403515625000011,8.595556640624991],[12.806542968750023,8.886621093750009],[12.929492187500017,9.42626953125],[13.175488281250011,9.539648437499991],[13.269921875000023,10.036181640624989],[13.535351562499983,10.60507812499999],[13.89208984375,11.140087890624997],[14.559765625000011,11.492285156249991],[14.627148437500011,12.108691406249974],[14.197460937500011,12.3837890625],[14.06396484375,13.07851562499999],[13.606347656250023,13.70458984375],[13.323828125,13.670849609374997],[12.65478515625,13.3265625],[12.463183593750017,13.09375],[11.411914062500017,13.353613281250034],[10.958886718750023,13.37153320312504],[10.184667968750006,13.270117187499991],[9.615917968750011,12.810644531249991],[8.750585937499977,12.908154296875054],[8.095019531250017,13.291162109374994],[7.788671875,13.337890625],[7.056738281250006,13.000195312499997],[6.804296875,13.107666015625],[6.386328125,13.603613281249991],[5.491992187500017,13.872851562500003],[4.823339843750006,13.759765625],[4.147558593750006,13.457714843749997],[3.947851562500006,12.775048828124994],[3.646679687500011,12.529980468749997],[3.595410156250011,11.6962890625],[3.48779296875,11.395410156249994],[3.71640625,11.07958984375],[3.83447265625,10.607421875],[3.576562500000023,10.268359374999989],[3.557226562500006,9.907324218749991],[3.3251953125,9.778466796874994],[3.044921875,9.083837890624991],[2.774804687500023,9.048535156249997],[2.68603515625,7.873730468749997],[2.774609375000011,6.711718749999989],[2.706445312499994,6.369238281249991]]]},"id":"NGA"},{"type":"Feature","properties":{"name":"Nicaragua","iso_a3":"NIC","adm0_a3":"NIC"},"geometry":{"type":"Polygon","coordinates":[[[-83.6419921875,10.917236328125],[-83.86787109375,11.300048828125],[-83.6517578125,11.642041015624997],[-83.76933593749999,11.931640625],[-83.5109375,12.411816406249997],[-83.567333984375,13.3203125],[-83.4123046875,13.99648437499999],[-83.187744140625,14.340087890625],[-83.29921875,14.7490234375],[-83.15751953124999,14.993066406249994],[-83.86728515624999,14.794482421875003],[-84.645947265625,14.661083984374997],[-84.98515624999999,14.75244140625],[-85.17949218749999,14.343310546875003],[-85.78671875,13.844433593750011],[-86.15122070312503,13.994580078125054],[-86.33173828125,13.770068359375003],[-86.73364257812503,13.763476562500045],[-86.710693359375,13.313378906249994],[-87.0591796875,12.991455078125057],[-87.33725585937499,12.979248046875],[-87.66752929687499,12.903564453125],[-86.755615234375,12.15664062499999],[-86.468896484375,11.73828125],[-85.7443359375,11.06210937499999],[-85.62138671874999,11.184472656249994],[-84.9091796875,10.9453125],[-84.348291015625,10.979882812499994],[-84.168359375,10.780371093749991],[-83.6419921875,10.917236328125]]]},"id":"NIC"},{"type":"Feature","properties":{"name":"Netherlands","iso_a3":"NLD","adm0_a3":"NLD"},"geometry":{"type":"MultiPolygon","coordinates":[[[[5.993945312500074,50.75043945312498],[5.894726562500011,50.984228515625006],[6.19326171875008,51.488916015624966],[5.948535156250045,51.76240234374998],[6.741796875,51.91088867187506],[7.03515625,52.380224609375006],[7.197265625,53.28227539062502],[6.816210937500074,53.44116210937506],[6.06220703125004,53.407080078125034],[4.678320312500006,52.80976562500004],[4.482812500000051,52.309179687500006],[3.586914062500057,51.45390625000002],[4.226171874999977,51.38647460937497],[4.503417968749972,51.474707031250006],[5.8271484375,51.12563476562502],[5.993945312500074,50.75043945312498]]],[[[4.226171874999977,51.38647460937497],[3.350097656250028,51.37768554687506],[3.90205078125004,51.20766601562505],[4.226171874999977,51.38647460937497]]]]},"id":"NLD"},{"type":"Feature","properties":{"name":"Norway","iso_a3":null,"adm0_a3":"NOR"},"geometry":{"type":"MultiPolygon","coordinates":[[[[28.96582031249997,69.02197265625003],[30.869726562500006,69.783447265625],[29.792089843750006,69.72788085937503],[29.601367187500074,69.97675781250004],[30.944140625000074,70.2744140625],[29.102343750000074,70.8607421875],[27.597070312500023,71.09130859374997],[25.768164062500006,70.85317382812497],[24.658007812500045,71.00102539062507],[24.420019531250063,70.70200195312498],[23.046484375,70.10185546875002],[22.6845703125,70.37475585937503],[21.40039062500003,70.174462890625],[21.1630859375,69.889501953125],[20.068945312500034,69.88344726562502],[18.29316406250001,69.47509765624997],[18.10146484375005,69.15629882812505],[16.65185546875003,68.62578125000005],[16.064550781250034,68.19990234374995],[14.798925781250034,67.80932617187497],[14.754980468750034,67.4990234375],[13.104687500000011,66.53940429687498],[12.97607421875,66.01918945312497],[12.272851562499994,65.56816406250002],[12.159667968750028,65.17895507812503],[11.349902343750017,64.905908203125],[9.7080078125,63.86489257812502],[9.696875,63.62456054687499],[8.39814453125004,63.53510742187498],[8.1005859375,63.090966796874994],[7.008496093749983,62.95766601562502],[7.283789062500034,62.602294921875],[6.352929687500023,62.61113281250002],[5.533300781250006,62.31088867187506],[4.927832031250034,61.710693359375],[5.049121093750045,60.70751953125],[5.244042968750051,60.56958007812506],[5.131640625000074,59.226464843749966],[5.845214843750057,59.35346679687501],[5.706835937500017,58.523632812499955],[7.004882812500057,58.02421875000002],[8.166113281250006,58.145312500000074],[9.618457031250045,58.94604492187506],[10.834472656249972,59.183935546875006],[11.38828125,59.036523437499994],[11.798144531250017,59.289892578125006],[11.680761718750006,59.59228515624997],[12.486132812500017,60.106787109375006],[12.588671875000045,60.45073242187499],[12.294140624999983,61.002685546875],[12.880761718750051,61.352294921875],[12.155371093750063,61.72075195312499],[12.303515625000045,62.285595703124955],[12.218164062500051,63.000634765624966],[11.99990234375008,63.29169921875004],[12.6625,63.940478515625045],[13.960546875000034,64.014013671875],[14.077636718749972,64.46401367187502],[13.650292968750051,64.58154296875],[14.479687500000011,65.30146484375004],[14.543261718750074,66.12934570312501],[15.422949218750063,66.48984375],[16.403515625000068,67.05498046875005],[16.127441406250057,67.42583007812502],[17.32460937500005,68.10380859375002],[17.916699218750068,67.96489257812505],[18.37861328125001,68.56240234375002],[19.969824218750006,68.35639648437495],[20.622167968750034,69.03686523437503],[21.62177734375001,69.27070312499998],[22.410937500000045,68.71987304687502],[23.85400390625003,68.80590820312497],[24.941406250000057,68.59326171875],[25.748339843750045,68.99013671875002],[26.011523437500017,69.65263671874999],[26.525390625,69.91503906249997],[27.88994140624999,70.061669921875],[29.1416015625,69.67143554687499],[28.96582031249997,69.02197265625003]]],[[[21.608105468749983,78.595703125],[20.227929687500023,78.47783203125007],[21.608398437500057,77.91606445312502],[22.05683593750001,77.50117187499995],[23.841210937500023,77.49775390624998],[24.23828125,77.89853515625],[23.11669921875003,77.99150390625002],[21.608105468749983,78.595703125]]],[[[16.786718750000063,79.90673828125003],[15.81611328125004,79.68183593749995],[13.383593750000074,79.48076171875002],[12.753515625000063,79.77578125],[10.865917968749983,79.79658203124998],[11.773828125000051,78.71640625],[13.680566406249994,78.028125],[14.92080078125008,77.688818359375],[14.365820312499977,77.23447265624998],[16.70048828124999,76.57929687500001],[18.439257812500017,78.02504882812502],[19.76875,78.622705078125],[21.388769531250063,78.74042968750001],[20.45820312500004,79.129248046875],[19.089453125000063,79.15703125000007],[18.58144531250005,79.57158203125005],[16.786718750000063,79.90673828125003]]],[[[20.89785156250008,80.24995117187495],[18.343847656250034,80.0595703125],[18.725,79.76074218750003],[20.861132812500045,79.3978515625],[23.947753906250057,79.19428710937501],[25.641210937499977,79.40302734374998],[27.198632812500023,79.906591796875],[26.86083984375003,80.16000976562503],[22.450781250000063,80.40224609375],[20.89785156250008,80.24995117187495]]]]},"id":"NOR"},{"type":"Feature","properties":{"name":"Nepal","iso_a3":"NPL","adm0_a3":"NPL"},"geometry":{"type":"Polygon","coordinates":[[[81.01025390625,30.164501953124997],[80.40185546874997,29.73027343750013],[80.070703125,28.83017578125009],[80.58701171875003,28.649609375],[81.85263671875003,27.867089843749994],[81.98769531250002,27.913769531249997],[82.73339843749997,27.518994140625125],[83.28974609375001,27.370996093749994],[84.09101562499998,27.491357421875165],[84.61015624999999,27.298681640625],[84.68535156249999,27.041015625],[85.29296875,26.741015625],[86.36611328125002,26.574414062499997],[86.70136718750001,26.43505859375],[87.01640624999999,26.555419921875],[87.28740234374996,26.360302734375125],[88.05488281250001,26.430029296875],[88.16152343750002,26.724804687499997],[87.984375,27.133935546874994],[88.109765625,27.87060546875],[87.14140624999999,27.838330078124997],[86.55449218749999,28.085205078125],[86.40869140625,27.928662109374997],[85.67832031250003,28.27744140625],[85.1224609375,28.315966796875045],[85.15908203125,28.59223632812501],[84.71425781250002,28.595556640625],[84.22871093750001,28.911767578124994],[84.10136718749999,29.219970703125],[83.58349609374997,29.183593750000057],[83.15546875000001,29.612646484375],[82.85429687499999,29.683398437499996],[82.15898437499999,30.115185546874997],[82.043359375,30.326757812500063],[81.41718750000001,30.337597656249997],[81.01025390625,30.164501953124997]]]},"id":"NPL"},{"type":"Feature","properties":{"name":"New Zealand","iso_a3":"NZL","adm0_a3":"NZL"},"geometry":{"type":"MultiPolygon","coordinates":[[[[173.11533203125012,-41.27929687499996],[172.988671875,-40.84824218749998],[172.640625,-40.51826171875],[172.13945312500002,-40.947265625],[172.01074218749997,-41.444726562499994],[171.48623046875005,-41.79472656249999],[171.2570312500001,-42.46533203125],[170.74160156250005,-42.92734374999998],[170.30283203125012,-43.107617187500026],[169.6615234375,-43.591210937499966],[168.80644531250007,-43.99199218749999],[168.3666015625,-44.08203125000003],[167.78701171875005,-44.59501953125],[167.19453125000004,-44.96347656250002],[166.73398437500012,-45.54355468749998],[166.73154296875006,-46.19785156249996],[167.68222656250012,-46.192968750000034],[168.1891601562501,-46.362207031249966],[168.38212890625007,-46.60537109375002],[169.68662109375006,-46.55166015625001],[170.70058593750005,-45.684277343750054],[171.11328125000003,-45.0392578125],[171.44257812500004,-44.13583984374998],[172.38525390624997,-43.82958984375003],[172.92060546875004,-43.89140625000002],[172.71855468750002,-43.2587890625],[173.22119140625003,-42.97656249999997],[173.5451171875001,-42.51796875],[174.28310546875,-41.740625],[174.09238281250006,-41.505175781249974],[174.30253906250007,-41.01953124999997],[173.73789062500012,-40.98896484374997],[173.11533203125012,-41.27929687499996]]],[[[173.26943359375005,-34.93476562499997],[173.11669921874997,-35.20527343750001],[173.94511718750007,-36.17587890624996],[174.44687500000012,-36.450878906250026],[174.47558593749997,-36.94189453124996],[174.78203125000002,-36.94375],[174.7291992187501,-37.448730468750014],[174.92802734375013,-37.80449218750002],[174.5973632812501,-38.78505859375004],[173.84433593750012,-39.13935546875],[173.934375,-39.50908203125],[175.00927734374997,-39.95214843750003],[175.2541015625001,-40.28935546874999],[175.1625000000001,-40.621582031249986],[174.63535156250018,-41.28945312499998],[175.3097656250001,-41.610644531250045],[175.98291015625009,-41.21328125],[176.8421875,-40.1578125],[177.10986328124997,-39.67314453125003],[176.95410156250003,-39.36757812499995],[177.40751953125007,-39.08115234374996],[177.965625,-39.14248046875002],[177.97617187500006,-38.722265625000034],[178.26767578125012,-38.55117187499999],[178.53623046875012,-37.692089843750026],[178.00917968750005,-37.55488281249997],[177.33593750000003,-37.99082031249996],[176.10839843750009,-37.64511718749996],[175.87617187499998,-36.95771484374998],[175.4608398437501,-36.47568359375002],[175.2995117187501,-36.993261718750034],[174.72246093749996,-36.841210937499966],[174.80214843750005,-36.309472656249994],[174.39101562499994,-35.77373046875],[174.54345703125009,-35.58203125000003],[174.32031249999991,-35.24667968750002],[173.84394531250004,-35.026269531249966],[173.26943359375005,-34.93476562499997]]]]},"id":"NZL"},{"type":"Feature","properties":{"name":"Oman","iso_a3":"OMN","adm0_a3":"OMN"},"geometry":{"type":"Polygon","coordinates":[[[55.18583984375002,22.7041015625],[55.64101562500005,22.001855468750023],[54.97734375000002,19.995947265625034],[53.666894531249994,19.559130859375017],[51.977636718750006,18.99614257812499],[52.72919921875004,17.300390625000034],[53.0856445312501,16.648388671874983],[53.60986328125003,16.759960937499983],[54.068164062500074,17.005517578124994],[55.0641601562501,17.038916015625034],[55.479101562500006,17.843261718750057],[56.270312500000074,17.95078125],[56.55078125000003,18.165966796874983],[56.65507812500002,18.58735351562501],[57.17656250000002,18.90258789062503],[57.811621093750006,19.01708984375],[57.715136718750074,19.60693359375],[57.86181640625003,20.244140625000057],[58.47421875,20.406884765624994],[58.8957031250001,21.11279296875],[59.37148437499999,21.498828125000045],[59.8,22.219921874999955],[58.578027343749994,23.643457031249966],[57.21982421875006,23.922753906250023],[56.640625,24.470312500000034],[56.387988281250074,24.979199218749955],[56.063867187499994,24.73876953125],[55.79570312500002,24.868115234374983],[55.760839843750006,24.24267578125003],[55.19990234375004,23.034765625000063],[55.18583984375002,22.7041015625]]]},"id":"OMN"},{"type":"Feature","properties":{"name":"Pakistan","iso_a3":"PAK","adm0_a3":"PAK"},"geometry":{"type":"Polygon","coordinates":[[[60.843359375,29.858691406250017],[61.31835937499997,29.372607421875017],[61.62304687499997,28.791601562500034],[61.88984375000001,28.546533203124994],[62.35302734375,28.414746093749997],[62.73974609375,28.00205078125],[62.76298828125002,27.250195312499983],[63.16679687500002,27.252490234374996],[63.168066406250006,26.665576171874996],[62.43925781250002,26.56103515625],[61.86982421875001,26.242431640625],[61.66865234375001,25.768994140624997],[61.587890625,25.20234375],[62.31533203125002,25.134912109374994],[62.57246093750001,25.25473632812499],[63.49140625000001,25.210839843749994],[63.72089843750001,25.385888671874994],[64.65898437500002,25.18408203125],[64.77666015625002,25.307324218749997],[65.6796875,25.355273437500003],[66.42861328125002,25.575341796874994],[66.69863281250002,25.226318359375],[66.70302734375002,24.8609375],[67.171484375,24.756103515625],[67.309375,24.1748046875],[67.66845703125,23.810986328124997],[68.1650390625,23.857324218749994],[68.72412109374997,23.964697265625063],[68.728125,24.265625],[69.5591796875,24.273095703124994],[69.71621093750002,24.172607421875],[70.54677734375002,24.41831054687499],[71.04404296875,24.400097656249997],[71.04785156249997,24.687744140625085],[70.65205078125001,25.422900390625003],[70.2646484375,25.70654296875],[70.077734375,26.071972656249997],[70.1568359375,26.471435546875],[69.47001953125002,26.804443359375],[69.56796874999995,27.17460937500013],[70.14453124999997,27.849023437500023],[70.40371093750002,28.025048828124994],[70.73740234375,27.729003906250085],[71.87031250000001,27.9625],[72.34189453125,28.751904296874997],[72.90332031249997,29.02875976562504],[73.38164062500002,29.934375],[73.80917968749995,30.093359375000034],[73.89931640625002,30.435351562499996],[74.6328125,31.03466796875],[74.50996093750001,31.712939453124996],[75.33349609375,32.279199218749994],[74.6578125,32.518945312499994],[73.99423828125,33.2421875],[74.15,33.50698242187502],[73.96123046875002,34.65346679687502],[74.300390625,34.765380859375],[75.70917968750001,34.503076171874994],[76.59443359375001,34.73583984375],[77.04863281249999,35.109912109374996],[76.76689453124999,35.66171875],[75.94511718750002,36.017578125],[75.84023437500002,36.649707031249996],[75.3466796875,36.913476562499994],[74.54140625000002,37.02216796875],[74.00185546875002,36.823095703125],[73.769140625,36.888476562499996],[72.62285156250002,36.82958984375],[71.62050781250002,36.436474609375],[71.18505859375,36.04208984375],[71.42753906250002,35.833740234375],[71.62050781250002,35.183007812499994],[70.965625,34.53037109375],[71.05156250000002,34.049707031249994],[69.86806640625002,33.89765625],[70.2841796875,33.369042968749994],[69.92011718750001,33.1125],[69.5015625,33.020068359374996],[69.24140625000001,32.433544921875],[69.279296875,31.936816406249996],[68.86894531250002,31.634228515624997],[68.21396484375,31.807373046875],[67.57822265625,31.506494140624994],[67.28730468750001,31.217822265624996],[66.92431640625,31.305615234374997],[66.39716796875001,30.91220703125],[66.17705078125002,29.835595703124994],[65.09550781250002,29.559472656249994],[64.52109375,29.564501953124996],[64.09873046875,29.391943359375],[63.56757812500001,29.497998046874997],[62.4765625,29.408349609374994],[60.843359375,29.858691406250017]]]},"id":"PAK"},{"type":"Feature","properties":{"name":"Panama","iso_a3":"PAN","adm0_a3":"PAN"},"geometry":{"type":"Polygon","coordinates":[[[-77.37421874999998,8.658300781250034],[-78.08276367187503,9.236279296875011],[-78.50434570312493,9.406298828125017],[-79.57729492187502,9.59785156250004],[-80.12709960937494,9.209912109374969],[-80.83867187499996,8.887207031250043],[-81.35478515624996,8.780566406249989],[-82.24418945312496,9.031494140625043],[-82.56357421875,9.576660156249986],[-82.93984375000002,9.44916992187504],[-82.91704101562499,8.740332031249991],[-82.99755859375,8.367773437499991],[-82.879345703125,8.070654296874991],[-82.679541015625,8.321972656249997],[-81.72763671874998,8.137548828124991],[-81.504150390625,7.721191406249986],[-81.03510742187501,7.711132812499983],[-80.84555664062503,7.220068359375034],[-80.43886718749997,7.274951171875031],[-80.07519531250003,7.667041015624974],[-80.45810546874998,8.077050781250009],[-80.36870117187496,8.288769531249983],[-79.75043945312495,8.595507812500031],[-79.44150390624998,9.006005859374994],[-79.08637695312493,8.997167968749977],[-78.11386718749995,8.379589843750011],[-78.42158203124995,8.060986328125026],[-78.17011718749995,7.543798828125006],[-77.90117187499996,7.229345703124977],[-77.743896484375,7.536962890625034],[-77.35078124999993,7.705859374999974],[-77.21230468749997,8.033886718750011],[-77.37421874999998,8.658300781250034]]]},"id":"PAN"},{"type":"Feature","properties":{"name":"Peru","iso_a3":"PER","adm0_a3":"PER"},"geometry":{"type":"Polygon","coordinates":[[[-69.57861328125,-10.951757812500006],[-70.220068359375,-11.047656250000031],[-70.642333984375,-11.01025390625],[-70.63691406250001,-9.47822265625004],[-71.237939453125,-9.966015625000026],[-72.181591796875,-10.003710937500003],[-72.37905273437502,-9.51015625],[-73.209423828125,-9.411425781250003],[-72.9740234375,-8.9931640625],[-73.54912109375002,-8.345800781249991],[-74.00205078125,-7.556054687499952],[-73.749462890625,-7.335351562500009],[-73.75810546874999,-6.90576171875],[-73.137353515625,-6.4658203125],[-73.235546875,-6.0984375],[-72.9798828125,-5.634863281250006],[-72.88706054687499,-5.122753906250011],[-72.69873046875,-5.0671875],[-71.8447265625,-4.50439453125],[-70.97368164062499,-4.350488281250009],[-70.79951171875001,-4.173339843750028],[-69.96591796875,-4.2359375],[-70.339501953125,-3.814355468750009],[-70.735107421875,-3.781542968750003],[-70.07402343750002,-2.750195312499997],[-70.91455078125,-2.21855468749996],[-71.39697265625,-2.334082031250006],[-71.7525390625,-2.152734374999966],[-72.39560546875,-2.42890625],[-73.1544921875,-2.278222656250009],[-73.19697265625,-1.830273437500011],[-73.4962890625,-1.693066406250011],[-73.66430664062503,-1.248828125000017],[-74.24638671874999,-0.970605468750009],[-74.41787109375,-0.580664062500006],[-74.80175781250003,-0.200097656249966],[-75.28447265624999,-0.106542968750006],[-75.26323242187499,-0.555371093750011],[-75.570556640625,-1.53125],[-76.089794921875,-2.133105468750003],[-76.6791015625,-2.562597656250006],[-77.860595703125,-2.981640625000011],[-78.34726562499999,-3.43125],[-78.419775390625,-3.776855468749986],[-79.07626953125,-4.990625],[-79.33095703125002,-4.927832031249991],[-79.63852539062499,-4.454882812500003],[-80.13955078125,-4.29609375],[-80.4884765625,-4.393652343750006],[-80.510009765625,-4.069531250000011],[-80.17924804687499,-3.877734375],[-80.324658203125,-3.387890625000011],[-80.798583984375,-3.731054687500006],[-81.283203125,-4.322265625],[-81.33662109375,-4.66953125],[-81.10849609374999,-5.02783203125],[-80.88271484375,-5.758984375000011],[-81.18051757812499,-5.9423828125],[-80.81162109374999,-6.2822265625],[-80.11025390625,-6.649609375000011],[-79.761962890625,-7.066503906250006],[-79.37724609374999,-7.835546875],[-78.76225585937499,-8.616992187500003],[-78.18559570312499,-10.089062500000011],[-77.736083984375,-10.83671875],[-77.633203125,-11.287792968750011],[-77.2203125,-11.663378906250003],[-77.152734375,-12.060351562500003],[-76.83212890624999,-12.348730468750006],[-76.18393554687499,-13.515234375],[-76.289013671875,-14.133105468750003],[-75.93388671874999,-14.63359375],[-75.533642578125,-14.89921875],[-75.104248046875,-15.411914062500003],[-74.14707031249999,-15.9125],[-73.824951171875,-16.15283203125],[-72.46767578125,-16.708105468750006],[-72.111279296875,-17.002539062500006],[-71.5322265625,-17.29433593750001],[-71.33696289062499,-17.68251953125001],[-70.41826171874999,-18.34560546875001],[-69.92636718750003,-18.2060546875],[-69.85209960937499,-17.70380859375001],[-69.5109375,-17.50605468750001],[-69.62485351562499,-17.2001953125],[-69.020703125,-16.6421875],[-68.9134765625,-16.26191406250001],[-69.21757812499999,-16.14912109375001],[-69.41850585937499,-15.603417968750009],[-69.17246093749999,-15.236621093750003],[-69.37470703125,-14.962988281250006],[-69.23491210937499,-14.597070312500009],[-68.880322265625,-14.198828125],[-69.07412109375,-13.682812500000011],[-68.97861328124999,-12.880078125000011],[-68.68525390625,-12.501953125],[-69.57861328125,-10.951757812500006]]]},"id":"PER"},{"type":"Feature","properties":{"name":"Philippines","iso_a3":"PHL","adm0_a3":"PHL"},"geometry":{"type":"MultiPolygon","coordinates":[[[[126.00595703125006,9.320947265625037],[125.5208984375,9.759130859375034],[125.5333984375001,9.140917968750031],[124.86894531250007,8.972265624999963],[124.73115234375004,8.562988281249986],[124.45126953125006,8.606347656250023],[124.22578125000004,8.271386718749994],[123.43457031249997,8.703320312499969],[123.01757812500003,8.398339843750009],[122.91113281249997,8.156445312500026],[122.33710937500004,8.028417968749963],[122.13183593750003,7.810498046874983],[122.04716796875002,7.36357421874996],[122.176171875,7.004199218750031],[122.49794921875,7.67275390624998],[123.39091796875002,7.407519531250031],[123.49306640625,7.807910156249989],[123.9684570312501,7.66464843750002],[124.20664062500006,7.396435546874997],[123.98525390625,6.993701171875017],[124.078125,6.404443359374966],[124.63632812500012,5.99819335937498],[125.45585937500007,5.664257812499983],[125.66796874999997,5.978662109374994],[125.58847656250012,6.465771484375026],[125.40097656250012,6.79575195312502],[125.82441406250004,7.333300781250017],[126.08007812499997,6.733349609374997],[126.58154296874997,7.247753906249997],[126.43535156250007,7.832812499999989],[126.3195312500001,8.8447265625],[126.19335937499997,9.276708984374991],[126.00595703125006,9.320947265625037]]],[[[124.59384765625006,9.787207031249991],[124.57714843750003,10.02670898437502],[124.17285156250003,10.135205078125011],[123.81718750000002,9.8173828125],[123.93564453125006,9.62397460937504],[124.35986328124997,9.630224609374977],[124.59384765625006,9.787207031249991]]],[[[123.13085937499997,9.064111328125023],[123.30839843750002,9.356982421875003],[123.16201171875005,9.864257812500057],[123.56757812500004,10.780761718749986],[123.25664062500002,10.993945312499989],[122.98330078125005,10.886621093749966],[122.81699218750006,10.503808593750051],[122.85556640625006,10.086914062500028],[122.47148437500002,9.961523437499977],[122.5625,9.482812499999966],[123.13085937499997,9.064111328125023]]],[[[123.3703125000001,9.449609375000037],[123.64335937500002,10.020214843750026],[123.95214843749997,10.316601562500011],[123.71142578124997,10.473681640625045],[123.38623046874997,9.967089843750045],[123.3703125000001,9.449609375000037]]],[[[117.31113281250006,8.43959960937498],[117.98955078125002,8.877099609375023],[118.43496093750005,9.256005859375037],[118.78212890625,9.916113281250048],[119.19150390625006,10.061083984375003],[119.684375,10.55170898437504],[119.52666015625007,10.953173828125031],[118.11484375000012,9.346679687500028],[117.88476562499997,9.240673828125026],[117.34990234375007,8.713574218750011],[117.31113281250006,8.43959960937498]]],[[[124.57460937500005,11.34306640624996],[124.44550781250004,10.923583984375043],[124.78671875000012,10.781396484375023],[124.78076171875003,10.168066406250034],[125.02656250000004,10.033105468749994],[125.25332031250005,10.263818359375009],[125.01318359374997,10.785693359375017],[124.92998046875007,11.372851562499989],[124.57460937500005,11.34306640624996]]],[[[122.49619140625012,11.615087890624963],[122.10351562499997,11.642919921875034],[121.96435546875003,10.871679687500034],[122.19765625000005,10.622900390624977],[122.769921875,10.823828124999963],[123.01650390625005,11.116503906249989],[123.15830078125006,11.535546875],[122.49619140625012,11.615087890624963]]],[[[125.23955078125007,12.527880859375031],[124.29472656250007,12.569335937500028],[124.38486328125012,12.243994140625006],[124.88427734374997,11.775488281250048],[125.23339843749997,11.145068359375045],[125.628125,11.132031250000054],[125.45654296874997,11.952539062499966],[125.53564453124997,12.191406250000043],[125.23955078125007,12.527880859375031]]],[[[120.70439453125002,13.4794921875],[120.50830078125003,13.260058593749974],[120.76367187500003,12.969824218750006],[120.92216796875007,12.511621093749994],[121.23671875,12.218798828125031],[121.54062500000012,12.638183593750028],[121.52275390625002,13.13120117187502],[121.20273437500012,13.432324218749983],[120.70439453125002,13.4794921875]]],[[[121.10156250000003,18.615283203125017],[120.59970703125012,18.50786132812499],[120.35839843749997,17.63818359375],[120.40888671875004,16.955615234375045],[120.30527343750006,16.529248046874955],[120.38925781250012,16.221630859374983],[120.15976562500006,16.047656250000074],[119.83076171875004,16.32656250000005],[120.08212890625006,14.851074218750014],[120.88808593750005,14.715771484374983],[120.92207031250004,14.493115234375011],[120.61679687500012,14.188037109375031],[121.203515625,13.640283203124994],[121.77792968750006,13.937646484374994],[122.40693359375004,13.492773437500048],[122.59521484375003,13.907617187500009],[123.16328125000004,13.441748046875048],[123.3109375,13.044091796875037],[124.05976562500004,12.567089843750026],[124.1427734375001,13.035791015625023],[123.60810546875004,13.528076171875043],[123.7259765625,13.88432617187506],[123.43232421875004,13.966259765625054],[123.23144531249997,13.747363281250045],[122.85605468750006,14.250781250000017],[122.49082031250006,14.322363281250034],[121.80048828125004,14.11386718750002],[121.69541015625012,14.737304687500014],[121.3922851562501,15.324414062499983],[121.59531250000006,15.933251953125023],[122.13515625,16.18481445312503],[122.51914062500006,17.124853515625063],[122.23681640625003,17.434863281250074],[122.15097656250012,17.75649414062505],[122.29980468749997,18.402783203124983],[121.84560546875,18.295410156250057],[121.10156250000003,18.615283203125017]]]]},"id":"PHL"},{"type":"Feature","properties":{"name":"Papua New Guinea","iso_a3":"PNG","adm0_a3":"PNG"},"geometry":{"type":"MultiPolygon","coordinates":[[[[140.97617187500006,-9.11875],[141.133203125,-9.221289062500006],[142.22958984375006,-9.169921875000028],[142.64716796875004,-9.327832031249955],[143.36621093749997,-8.96103515625002],[143.09492187500004,-8.311230468749969],[143.61376953124997,-8.20039062500004],[144.50986328125012,-7.567382812499957],[144.97382812500004,-7.802148437499994],[146.03320312499997,-8.076367187499997],[146.69658203125002,-9.025390624999986],[147.76865234375012,-10.070117187500017],[149.75410156250004,-10.35302734375],[150.0167968750001,-10.577148437500014],[150.48242187499997,-10.636914062500026],[150.66699218750003,-10.257128906250003],[149.87441406250005,-10.012988281250003],[149.76123046874997,-9.805859375],[149.20302734375005,-9.406835937499977],[149.24765625000006,-9.07099609375004],[148.58310546875012,-9.051757812500028],[148.246875,-8.55429687500002],[148.12675781250007,-8.103613281249949],[147.72431640625004,-7.876269531250003],[147.19003906250006,-7.378125],[146.96074218750002,-6.928808593749977],[147.11914062500003,-6.721679687499972],[147.84550781250002,-6.662402343749974],[147.80205078125007,-6.315234375000031],[147.3766601562501,-5.950781250000034],[147.03427734375006,-5.919238281250003],[146.40341796875006,-5.61660156249998],[145.85283203125007,-5.471289062499963],[145.7669921875,-4.82304687499996],[145.33457031250006,-4.385253906249943],[145.08779296875,-4.349121093749957],[144.47773437500004,-3.825292968750006],[144.0158203125001,-3.783593750000037],[143.50898437500004,-3.43115234375],[142.90517578125005,-3.320703124999966],[142.21152343750012,-3.083496093749957],[141.18564453125012,-2.627832031250023],[140.97343750000007,-2.60976562499999],[140.97421875000012,-4.226464843750023],[140.97519531250006,-6.905371093749991],[140.97617187500006,-9.11875]]],[[[155.95761718750006,-6.686816406249974],[155.82255859375007,-6.38046875],[155.46699218750004,-6.145117187500006],[154.99707031250003,-5.539941406249994],[154.74111328125005,-5.545312500000023],[154.7819335937501,-5.970703125],[155.20214843749997,-6.307617187499986],[155.34404296875002,-6.721679687499972],[155.71933593750012,-6.862792968750028],[155.95761718750006,-6.686816406249974]]],[[[151.91562500000012,-4.296777343750037],[151.5519531250001,-4.345507812500017],[151.67119140625007,-4.883300781249986],[151.3265625,-4.960351562499966],[150.95292968750002,-5.423730468750037],[150.29873046875005,-5.535644531250014],[149.24531250000004,-5.573046874999989],[148.9992187500001,-5.484570312499997],[148.34472656249997,-5.544921874999943],[148.40117187500002,-5.765039062500023],[149.12656250000006,-6.127636718749997],[149.38232421874997,-6.078125],[149.65253906250004,-6.290429687500037],[150.42832031250006,-6.276171874999974],[151.22929687500002,-5.919921874999957],[151.51513671874997,-5.552343749999949],[151.8654296875001,-5.56484375],[152.14296875,-5.357031249999949],[152.01328125000012,-5.003808593750023],[152.40000000000012,-4.73125],[152.40566406250005,-4.340722656250023],[151.91562500000012,-4.296777343750037]]],[[[152.96582031250003,-4.756347656249972],[153.12421875000004,-4.252343749999966],[152.59843750000007,-3.994824218749983],[152.68066406250003,-4.4984375],[152.96582031250003,-4.756347656249972]]]]},"id":"PNG"},{"type":"Feature","properties":{"name":"Poland","iso_a3":"POL","adm0_a3":"POL"},"geometry":{"type":"Polygon","coordinates":[[[23.484667968750017,53.939794921875034],[23.45361328125,54.14345703125],[22.766210937500006,54.356787109375],[19.604394531250023,54.4591796875],[18.66962890625001,54.430908203125],[18.32343750000001,54.838183593749996],[17.26191406250001,54.729541015624996],[16.55976562500001,54.55380859375],[16.186328125000017,54.290380859375],[14.21142578125,53.950341796875],[14.213671875000017,53.870751953125],[14.258886718750006,53.729638671875],[14.41455078125,53.283496093749996],[14.128613281250011,52.878222656249996],[14.619433593750017,52.528515625],[14.752539062499977,52.08183593749996],[14.601660156250006,51.832373046875],[15.0166015625,51.252734375],[14.809375,50.858984375],[16.007226562500023,50.611621093749996],[16.679101562500023,50.097460937499996],[17.151953125,50.378320312499994],[17.874804687500017,49.972265625],[18.562402343750023,49.879345703125],[18.83222656250001,49.510791015624996],[19.44160156250001,49.597705078124996],[19.80224609375,49.192333984375],[20.616113281250023,49.39169921875],[21.6396484375,49.411962890625],[22.538671875,49.072705078125],[22.6494140625,49.539013671875],[23.711718750000017,50.37734375],[24.105761718750017,50.844970703125],[23.605273437500017,51.517919921875],[23.652441406250006,52.040380859375],[23.19697265625001,52.25693359375],[23.8447265625,52.664208984375],[23.887109375000023,53.0275390625],[23.484667968750017,53.939794921875034]]]},"id":"POL"},{"type":"Feature","properties":{"name":"Puerto Rico","iso_a3":"PRI","adm0_a3":"PRI"},"geometry":{"type":"Polygon","coordinates":[[[-66.12939453125,18.444921875000063],[-67.15864257812498,18.49921875000001],[-67.196875,17.994189453125074],[-65.97080078125003,17.97436523437503],[-65.62880859375,18.38139648437499],[-66.12939453125,18.444921875000063]]]},"id":"PRI"},{"type":"Feature","properties":{"name":"North Korea","iso_a3":"PRK","adm0_a3":"PRK"},"geometry":{"type":"Polygon","coordinates":[[[124.36210937500002,40.004052734374994],[124.55742187500002,39.790576171875045],[125.36083984374997,39.526611328125],[125.40966796874997,39.288378906250045],[125.06738281249997,38.556738281250034],[124.69091796875003,38.12919921874996],[125.19316406250002,38.03779296874998],[125.44931640625006,37.73022460937503],[125.94169921875002,37.87368164062505],[126.63388671875012,37.78183593749998],[127.16953125000006,38.30454101562498],[128.03896484375,38.30854492187501],[128.37460937500006,38.62343750000002],[127.78613281250003,39.084130859374994],[127.39453124999997,39.207910156249994],[127.56816406250002,39.78198242187497],[128.30449218750002,40.03593750000002],[129.7086914062501,40.85732421875002],[129.75634765625003,41.712255859375034],[130.45751953124997,42.30170898437504],[130.68730468750007,42.30253906250002],[130.52695312500006,42.53540039062503],[130.24033203125012,42.89179687499998],[129.89824218750007,42.99814453124998],[129.71972656250003,42.475],[129.3136718750001,42.41357421875],[128.92343750000006,42.038232421874994],[128.04521484375002,41.9875],[128.29091796875,41.562792968750045],[128.11123046875,41.389257812500034],[127.17968749999997,41.531347656250034],[126.90351562500004,41.78105468750002],[125.98906250000002,40.90463867187498],[124.88935546875004,40.459814453125034],[124.36210937500002,40.004052734374994]]]},"id":"PRK"},{"type":"Feature","properties":{"name":"Portugal","iso_a3":"PRT","adm0_a3":"PRT"},"geometry":{"type":"Polygon","coordinates":[[[-8.77714843749996,41.94106445312502],[-8.655566406249989,41.02949218750001],[-8.886621093749966,40.17944335937503],[-9.148291015625006,39.54257812500006],[-9.374755859374943,39.33828125],[-9.474121093749943,38.730859374999966],[-8.914794921874943,38.51210937499999],[-8.814160156249955,37.430810546874966],[-8.59765625,37.12133789062497],[-7.834130859374966,37.00571289062506],[-7.406152343749994,37.179443359375],[-7.50351562499992,37.585498046875045],[-7.185449218749966,38.00634765624997],[-7.343017578125,38.45742187500005],[-7.046044921874994,38.90703124999999],[-7.445117187499932,39.53618164062499],[-7.036718749999949,39.71396484375006],[-6.810156249999977,40.34311523437498],[-6.928466796875028,41.009130859375034],[-6.2125,41.53203124999999],[-6.618261718749977,41.9423828125],[-7.403613281250017,41.83369140624998],[-7.920849609374955,41.883642578125034],[-8.213085937499983,42.133691406249994],[-8.77714843749996,41.94106445312502]]]},"id":"PRT"},{"type":"Feature","properties":{"name":"Paraguay","iso_a3":"PRY","adm0_a3":"PRY"},"geometry":{"type":"Polygon","coordinates":[[[-54.615869140624994,-25.57607421875001],[-54.47314453125003,-25.220214843749986],[-54.24179687499999,-24.047265625],[-54.62548828125,-23.8125],[-55.366308593750006,-23.99101562500003],[-55.654052734375,-22.810351562500003],[-55.84916992187499,-22.3076171875],[-56.52382812500002,-22.10253906249997],[-56.937255859375,-22.271289062500003],[-57.985693359375034,-22.046386718749986],[-57.830224609374994,-20.99794921875001],[-58.15976562499999,-20.164648437500006],[-58.18017578125,-19.81787109375],[-59.09052734375,-19.286230468750006],[-60.00737304687499,-19.29755859375001],[-61.7568359375,-19.6453125],[-61.916943359375,-20.05537109375001],[-62.276318359375,-20.5625],[-62.27666015624999,-21.066015625],[-62.650976562500034,-22.23369140624996],[-62.372509765625,-22.43916015625001],[-61.79853515625001,-23.18203125],[-60.83984375,-23.85810546875001],[-59.892480468749994,-24.093554687500003],[-59.372949218749994,-24.45390625],[-58.36538085937502,-24.95927734375003],[-57.821679687499994,-25.13642578124997],[-57.587158203125,-25.40507812499999],[-57.890625,-26.00654296875004],[-58.203027343749994,-26.381445312500006],[-58.191308593749994,-26.629980468750006],[-58.64174804687502,-27.19609375],[-56.437158203124994,-27.553808593750006],[-56.1640625,-27.32148437500001],[-55.789990234375,-27.41640625],[-55.426660156249994,-27.00927734375],[-54.82548828124999,-26.65224609375001],[-54.677734375,-26.30878906250001],[-54.615869140624994,-25.57607421875001]]]},"id":"PRY"},{"type":"Feature","properties":{"name":"Palestine","iso_a3":"PSE","adm0_a3":"PSX"},"geometry":{"type":"MultiPolygon","coordinates":[[[[34.24531250000001,31.208300781249996],[34.47734375000002,31.584863281249994],[34.19814453125002,31.322607421875],[34.24531250000001,31.208300781249996]]],[[[35.45058593750002,31.479296875],[35.55898437499999,31.765527343749994],[35.55146484375001,32.3955078125],[35.193261718749994,32.53442382812506],[34.955957031249994,32.16093749999999],[34.95097656250002,31.602294921875],[35.45058593750002,31.479296875]]]]},"id":"PSE"},{"type":"Feature","properties":{"name":"Qatar","iso_a3":"QAT","adm0_a3":"QAT"},"geometry":{"type":"Polygon","coordinates":[[[51.26796875000002,24.607226562500003],[51.60195312500002,25.14794921875],[51.4853515625,25.524707031250003],[51.543066406250006,25.902392578125003],[51.262304687500006,26.153271484374997],[51.003125,25.9814453125],[50.76289062500001,25.444726562499994],[50.80439453125001,24.789257812499997],[51.26796875000002,24.607226562500003]]]},"id":"QAT"},{"type":"Feature","properties":{"name":"Romania","iso_a3":"ROU","adm0_a3":"ROU"},"geometry":{"type":"Polygon","coordinates":[[[28.585351562500023,43.742236328124996],[28.645410156250023,44.295654296875],[29.048242187500023,44.757568359375],[29.557519531250023,44.843408203124994],[29.705859375000017,45.259912109374994],[29.223535156250023,45.4029296875],[28.7607421875,45.234130859375],[28.2125,45.450439453125],[28.099707031250006,45.972607421875],[28.24433593750001,46.45126953125],[28.07177734375,46.978417968749994],[27.3369140625,47.63974609375],[26.980761718750017,48.155029296875],[26.618945312500017,48.25986328125],[26.162695312500006,47.992529296875],[24.893359375000017,47.7177734375],[23.20263671875,48.084521484374996],[22.87666015625001,47.947265625],[22.290625,47.727832031249996],[21.151953125,46.304345703124994],[20.241796875,46.10859375],[20.775,45.749804687499996],[20.774218750000017,45.484423828124996],[21.491796875,45.12226562500001],[21.384375,44.870068359375],[22.705078125,44.23779296875003],[23.224609375,43.873876953125],[25.4970703125,43.670800781249994],[26.2158203125,44.007275390625],[27.0869140625,44.167382812499994],[28.585351562500023,43.742236328124996]]]},"id":"ROU"},{"type":"Feature","properties":{"name":"Russia","iso_a3":"RUS","adm0_a3":"RUS"},"geometry":{"type":"MultiPolygon","coordinates":[[[[48.57285156250006,41.84448242187506],[47.46318359375002,43.03505859375005],[47.50898437500004,43.50971679687501],[47.229882812499994,44.1923828125],[46.753027343750006,44.42065429687497],[47.52421875000002,45.601708984374966],[48.15917968749997,45.73701171875001],[49.23222656250002,46.33715820312497],[48.61015625000002,46.56645507812496],[48.959375,46.77460937500001],[48.109960937500006,47.74541015624999],[47.09326171874997,47.94770507812498],[47.00429687499999,48.284472656250045],[46.66093750000002,48.41225585937505],[46.70263671874997,48.805566406249966],[47.01425781250006,49.09833984375001],[46.802050781250074,49.367089843749966],[47.326464843750074,50.27353515624998],[47.70576171875004,50.377978515625045],[48.43427734375004,49.82851562499999],[48.84326171874997,50.013134765624955],[48.808398437500074,50.60131835937497],[49.49804687499997,51.08359375],[50.246875,51.28950195312501],[50.79394531250003,51.72919921874998],[51.6090820312501,51.483984375000034],[52.33105468750003,51.681298828124994],[52.571191406249994,51.48164062499998],[53.3380859375001,51.482373046874955],[54.04150390625003,51.11518554687504],[54.421484375,50.78032226562502],[54.727148437500006,50.99809570312499],[55.542285156250074,50.60180664062497],[55.797656250000074,50.60205078125003],[56.4914062500001,51.01953125],[57.01171875000003,51.06518554687497],[57.442187500000074,50.88886718750001],[57.83886718749997,51.091650390625034],[58.35917968750002,51.06381835937506],[58.883691406249994,50.694433593750034],[59.81240234375005,50.58203125000003],[59.955175781250006,50.79926757812498],[60.63798828125002,50.663720703124994],[61.389453125000074,50.86103515625004],[61.58505859375006,51.22968750000001],[61.36308593750002,51.44189453124997],[60.464746093749994,51.65117187499999],[60.065527343750006,51.976464843749994],[60.93759765625006,52.280566406250045],[60.80234375,52.744726562500006],[61.04746093750006,52.97246093749996],[61.97421875,52.94375],[62.01464843749997,53.10786132812501],[61.19921874999997,53.287158203125045],[60.97949218749997,53.621728515624994],[61.3336914062501,54.049267578124955],[61.92871093749997,53.94648437499998],[63.07392578125004,54.10522460937497],[64.46123046875007,54.384179687499966],[65.15781250000006,54.36440429687502],[65.47695312500005,54.623291015625],[66.22265625000003,54.66738281250002],[68.073828125,54.959570312500034],[68.20625,55.160937500000045],[68.97724609375004,55.38959960937498],[70.18242187500007,55.16245117187498],[70.73808593750002,55.30517578125003],[71.18554687499997,54.59931640625001],[71.0931640625,54.21220703125002],[72.91406249999997,54.107324218749966],[73.39941406249997,53.81147460937501],[73.2857421875,53.59838867187503],[74.45195312500002,53.647265625000045],[76.26660156249997,54.31196289062501],[76.57568359374997,53.942529296874966],[77.70439453125002,53.37915039062503],[78.47548828125,52.63842773437503],[79.46884765625006,51.49311523437501],[79.98623046875005,50.774560546874994],[80.87734375000005,51.28144531249998],[81.46591796875006,50.739843750000034],[82.49394531250007,50.72758789062502],[83.35732421875,50.99458007812498],[83.94511718750002,50.77465820312503],[84.25781250000003,50.28823242187505],[84.98945312500004,50.06142578125002],[85.2101562500001,49.66484375],[86.18085937500004,49.49931640624999],[86.61425781249997,49.609716796875006],[87.32285156250006,49.085791015625034],[87.81425781249999,49.1623046875],[88.19257812500001,49.451708984374996],[88.83164062500003,49.4484375],[89.65410156249999,49.71748046875],[89.64384765624999,49.90302734375],[91.80429687500003,50.693603515625],[94.25107421875003,50.556396484375],[94.61474609374997,50.02373046874999],[95.52265625000001,49.91123046875],[95.85195312500002,50.012939453125],[96.9857421875,49.88281250000006],[97.20859375000003,49.730810546875],[98.10341796875,50.07783203124998],[98.27949218750001,50.533251953124996],[97.82529296875003,50.985253906249994],[97.946875,51.3484375],[98.8486328125,52.070068359375],[99.92167968749999,51.755517578125],[100.53623046875003,51.7134765625],[101.38125,51.45263671875],[102.11152343750001,51.353466796875],[102.28837890624999,50.585107421874994],[102.68330078125001,50.387158203125],[103.63291015625003,50.138574218749994],[105.38359374999999,50.47373046875],[106.21787109375003,50.304589843749994],[106.71113281250001,50.31259765625],[107.23330078125,49.989404296874994],[107.94785156250003,49.924707031249994],[108.03378906250003,49.593994140625],[108.613671875,49.32280273437502],[109.23671875,49.33491210937498],[110.19990234375001,49.17041015625],[110.82792968749999,49.166162109374994],[111.33662109375001,49.35585937499999],[113.05556640625002,49.616259765624996],[113.16416015625003,49.797167968749996],[114.29707031250001,50.2744140625],[114.74316406249997,50.233691406250045],[115.27451171875003,49.948876953124994],[116.13457031249999,50.010791015624996],[116.68330078125001,49.823779296874996],[117.87343750000005,49.513476562500045],[118.4515625,49.84448242187497],[119.25986328125006,50.06640624999997],[119.19189453124997,50.37983398437498],[120.06689453124997,51.600683593750006],[120.74980468750002,52.096533203125034],[120.65615234375005,52.56665039062497],[120.09453125000002,52.78720703125006],[120.70410156249997,53.17182617187498],[122.33779296875,53.48500976562502],[123.6078125,53.54653320312502],[124.81230468750007,53.13383789062496],[125.64902343750006,53.04228515624996],[126.312890625,52.39975585937498],[126.92480468750003,51.10014648437499],[127.59023437500005,50.20898437499997],[127.50244140625003,49.8734375],[127.99960937500006,49.568603515625],[128.70400390625005,49.60014648437502],[129.12011718749997,49.362060546875],[129.49814453125006,49.38881835937505],[130.80429687500006,48.34150390625001],[130.71210937500004,48.127636718749955],[131.00273437500002,47.69145507812502],[132.56191406250005,47.76850585937498],[133.14404296874997,48.10566406250001],[133.46835937500006,48.09716796874997],[134.293359375,48.37343750000005],[134.56357421875006,48.32172851562498],[134.75234375,47.715429687500006],[134.16767578125004,47.30219726562501],[133.86132812500003,46.247753906249955],[133.18603515625003,45.494824218749955],[132.93603515624997,45.02993164062502],[131.97753906250003,45.243994140625034],[131.08232421875007,44.910009765625006],[131.25527343750005,44.07158203124999],[131.26181640625012,43.43305664062504],[131.0685546875001,42.902246093749994],[130.57724609375012,42.811621093750006],[130.52695312500006,42.53540039062503],[130.68730468750007,42.30253906250002],[131.15830078125006,42.62602539062502],[131.7220703125,43.20263671875],[132.30380859375006,42.88330078125003],[133.15996093750002,42.69697265625001],[133.709375,42.829931640625006],[135.13105468750004,43.525732421875006],[135.87460937500012,44.37353515624997],[136.1422851562501,44.48911132812498],[136.80351562500007,45.171142578125],[137.68544921875005,45.81835937499997],[138.33691406249997,46.54340820312498],[138.58681640625,47.057226562500034],[139.0013671875,47.38330078125003],[139.37265625000006,47.88735351562505],[140.1706054687501,48.523681640625],[140.51718750000006,49.59614257812501],[140.47636718750002,50.54599609374998],[140.6876953125001,51.232275390625006],[141.48525390625005,52.178515625000045],[141.16982421875,52.368408203125],[141.40205078125004,53.183984374999966],[140.3470703125,53.81259765625006],[139.70742187500005,54.27714843750002],[138.695703125,54.320019531249955],[138.66074218750006,53.744775390624994],[138.29218750000004,53.592431640624966],[137.32832031250004,53.538964843749994],[137.15537109375006,53.82167968750005],[136.68300781250005,53.931298828124994],[136.79726562500005,54.620996093749994],[135.85156250000003,54.58393554687498],[135.2625,54.94331054687501],[136.17519531250005,55.35224609375001],[137.69150390625006,56.139355468749955],[138.66210937499997,56.96552734374998],[140.00234375,57.6875],[140.446875,57.81367187500001],[140.6849609375,58.212158203125],[141.75468750000007,58.745263671874994],[142.02539062499997,58.99965820312505],[143.19218750000007,59.37011718750003],[145.55458984375005,59.41352539062498],[145.93164062499997,59.19838867187502],[146.44433593749997,59.430468750000045],[147.51445312500002,59.26855468750003],[147.87460937500012,59.388037109375034],[149.20498046875,59.488183593749994],[149.64257812499997,59.77041015625002],[150.4572265625001,59.59072265625002],[151.48574218750005,59.524121093749955],[151.99003906250002,59.16005859375002],[152.88222656250005,58.939062500000034],[153.36113281250002,59.21479492187498],[154.01093750000004,59.075537109375034],[155.16669921875004,59.360156250000045],[154.58251953124997,59.54008789062502],[154.29306640625006,59.83334960937498],[154.97080078125012,60.37666015625001],[155.85332031250002,60.777148437500045],[156.62968750000002,61.27246093749997],[156.68027343750012,61.48061523437502],[157.46933593750012,61.798925781250034],[158.07011718750002,61.75361328125004],[159.07666015625003,61.92226562500002],[159.55234375000012,61.719482421875],[160.31738281249997,61.79335937500005],[159.88310546875007,61.29179687500002],[160.76660156250003,60.753320312499994],[162.39257812499997,61.66210937500006],[163.00927734374997,61.79150390625003],[163.3317382812501,62.55092773437502],[164.25566406250002,62.69658203125002],[164.00546875000006,61.343798828125045],[163.70996093749997,60.91679687499999],[162.97314453124997,60.78291015624998],[162.00361328125004,60.42016601562497],[161.75351562500012,60.15229492187504],[159.8473632812501,59.12714843749998],[159.03691406250007,58.42392578124998],[158.21044921875003,58.02529296875005],[157.45039062500004,57.79926757812501],[156.72841796875,57.152246093749994],[155.98251953125006,56.695214843749966],[155.5548828125001,55.34848632812506],[155.6203125000001,54.86455078124996],[156.09882812500004,53.006494140624966],[156.36474609374997,52.509375],[156.50039062500005,51.47509765625],[156.7477539062501,50.96928710937499],[158.10351562499997,51.80961914062502],[158.46347656250006,52.304980468750045],[158.6087890625,52.87363281249998],[159.8976562500001,53.380761718749994],[159.84375,53.78364257812501],[160.07441406250004,54.18916015625004],[160.77265625000004,54.541357421875006],[161.72568359375012,54.532958984375],[162.10556640625006,54.75214843749998],[161.72939453125,55.358007812500034],[162.08496093750003,56.08964843749996],[162.52822265625,56.26069335937498],[163.33554687500006,56.232519531250034],[163.25654296875004,56.68803710937502],[162.80263671875005,56.81147460937504],[162.77929687499997,57.35761718750001],[163.21386718749997,57.68681640625002],[162.46699218750004,57.766210937500034],[161.96005859375006,58.076904296875],[162.14160156250003,58.447412109374966],[163.2728515625,59.302587890625034],[163.40996093750007,59.83496093750003],[163.78007812500007,60.041113281250034],[165.08457031250006,60.09858398437501],[166.35214843750012,60.48481445312501],[166.9640625000001,60.30703125000002],[168.1375,60.573925781249955],[169.2267578125001,60.595947265625],[169.98261718750004,60.06708984374998],[170.60820312500007,60.43491210937506],[172.3927734375001,61.06176757812503],[172.85654296875006,61.46918945312501],[173.62343750000005,61.71606445312503],[174.51435546875004,61.823632812499994],[175.26787109375007,62.102392578125034],[177.35126953125015,62.58745117187499],[179.120703125,62.320361328125045],[179.57050781249998,62.6875],[179.33232421875013,63.19018554687506],[178.7064453125,63.521533203125045],[178.6502929687501,63.96528320312504],[177.43291015625007,64.44448242187497],[177.46718749999994,64.73681640625],[178.51953124999991,64.60297851562501],[180,65.067236328125],[180,68.98344726562499],[178.84833984375015,69.38720703125],[176.92441406250006,69.64599609374997],[176.10751953125006,69.86030273437501],[173.27744140625012,69.82382812500003],[172.55957031249997,69.968359375],[170.48681640625003,70.10756835937502],[170.5822265625001,69.583349609375],[170.99541015625007,69.0453125],[170.53759765624997,68.82539062500004],[169.60986328124997,68.78603515625],[169.31064453125012,69.07954101562504],[168.30302734375002,69.27148437500006],[167.628125,69.74033203125],[166.82031250000003,69.49956054687507],[164.51328125000012,69.609130859375],[164.1595703125,69.71928710937507],[162.3756835937501,69.64907226562497],[161.53691406250002,69.37954101562505],[159.83251953124997,69.78496093750005],[160.00644531250006,70.30966796875],[159.35068359375006,70.79072265625004],[158.03701171875005,71.03925781249995],[155.89521484375004,71.09550781250005],[153.7941406250001,70.87998046875],[152.50878906249997,70.83447265624997],[151.582421875,71.28696289062506],[150.5998046875001,71.52011718750003],[149.50156250000012,72.164306640625],[148.4020507812501,72.31196289062498],[146.594140625,72.30244140624998],[145.4857421875,72.54208984375006],[142.06142578125,72.72080078125003],[139.60117187500006,72.49609375],[139.69511718750002,71.700439453125],[138.11845703125007,71.566162109375],[137.31542968749997,71.35942382812499],[135.88476562500003,71.63056640624998],[134.10283203125002,71.37895507812505],[132.56230468750002,71.89531249999999],[131.56201171874997,70.90102539062502],[131.1574218750001,70.7421875],[129.7619140625001,71.11953124999997],[128.35878906250005,72.08833007812498],[129.41171875000006,72.31547851562507],[128.88867187499997,73.19023437500002],[127.74033203125006,73.48154296875003],[125.61708984375,73.52060546875],[124.3880859375,73.75483398437504],[123.30507812500005,73.53291015625001],[123.6222656250001,73.19326171875002],[123.16035156250004,72.95488281250005],[119.750390625,72.9791015625],[118.43027343750006,73.24653320312504],[118.45019531249997,73.58979492187498],[115.33769531250002,73.70258789062495],[114.06054687499997,73.58466796875001],[112.14726562500002,73.70893554687501],[110.26142578125004,74.01743164062506],[109.85527343750007,73.47246093750005],[107.750390625,73.17314453125002],[106.4779296875,73.13940429687497],[107.27109375000012,73.62104492187495],[108.19951171875002,73.694091796875],[109.84033203124997,74.32197265625001],[111.86826171875012,74.74003906250002],[113.61357421875007,75.29296875000003],[113.87099609375,75.85600585937499],[112.61953125000005,76.383544921875],[111.11484375000012,76.72304687499997],[108.02792968750012,76.71845703125001],[107.42978515625012,76.92656250000005],[104.91191406250002,77.17470703124997],[105.89453124999997,77.48886718750003],[104.01455078125005,77.73041992187504],[103.13144531250012,77.62646484375],[100.9899414062501,76.990478515625],[100.32236328125006,76.47915039062502],[96.87919921875007,75.9310546875],[94.5755859375,76.15175781250002],[93.54980468750003,75.85410156250006],[90.1849609375,75.59106445312503],[87.67138671875003,75.12958984374998],[86.65146484375006,74.68242187499999],[86.59140625000012,73.89428710937503],[83.54472656250007,73.66650390624997],[80.58320312500004,73.56845703124998],[80.50966796875,73.08608398437502],[80.82705078125,72.48828125],[82.18359374999997,72.237548828125],[82.98613281250002,71.74868164062497],[81.51123046875003,71.74614257812499],[80.7625,72.08916015625005],[79.42207031250004,72.38076171875005],[78.48261718750004,72.39497070312501],[76.03242187500004,71.91040039062497],[75.7414062500001,72.29624023437506],[73.67177734375005,71.84506835937498],[73.08623046875002,71.444921875],[74.31093750000005,70.65361328124999],[73.56015625000006,69.70722656250001],[73.77568359375007,69.19824218750006],[74.81484375000005,69.09057617187497],[76.00097656250003,69.23505859375001],[77.65068359375002,68.90302734374995],[77.23847656250004,68.469580078125],[76.45917968750004,68.978271484375],[74.57958984374997,68.75122070312503],[74.39140625000002,68.42060546874998],[74.76953124999997,67.76635742187503],[74.07451171875002,67.41411132812502],[73.79208984375006,66.99531249999995],[72.41738281250005,66.560791015625],[71.91699218749997,66.24672851562505],[70.339453125,66.3423828125],[69.19433593750003,66.57866210937499],[69.87714843750004,66.845458984375],[70.93945312500003,66.54814453124999],[71.55117187500005,66.76044921874998],[72.5943359375,67.58696289062507],[73.15214843750007,67.86503906250005],[73.54804687500004,68.57451171874999],[72.52734374999997,69.08051757812495],[72.5296875,70.17250976562502],[72.7316406250001,70.8228515625],[71.91201171875,71.54794921875003],[72.6244140625,72.07944335937503],[72.81210937500006,72.69140625],[71.50019531250004,72.91367187499998],[69.6451171875,72.89755859375],[69.03906250000003,72.66992187499997],[68.26923828125004,71.68281249999995],[66.917578125,71.282373046875],[66.66611328125,70.90058593750004],[67.284765625,70.73872070312501],[66.9263671875,70.01425781250003],[67.06445312499997,69.693701171875],[68.00585937500003,69.48002929687499],[68.54277343750007,68.96708984375005],[69.14052734375,68.95063476562495],[68.50419921875002,68.34843750000002],[63.361425781250006,69.67529296874997],[61.01591796875002,69.85146484375],[60.1706054687501,69.59091796875003],[60.93359375000003,68.98676757812495],[59.89736328125005,68.42192382812499],[58.91894531250003,69.00380859374997],[57.12685546875005,68.55400390624999],[56.0436523437501,68.64887695312495],[54.56123046875004,68.27304687500003],[53.96787109375006,68.22734375000005],[53.8019531250001,68.99589843750005],[52.55009765625002,68.592431640625],[50.83886718750003,68.34995117187498],[48.87792968750003,67.73134765625],[47.87470703125004,67.58417968750004],[47.709082031250006,67.04501953125006],[46.690820312499994,66.825537109375],[45.9860351562501,66.853125],[44.93945312499997,67.47744140625005],[45.528710937499994,67.757568359375],[46.69042968749997,67.84882812500004],[45.89199218750005,68.47968750000004],[44.0480468750001,68.548828125],[44.225390625000074,67.99560546875],[43.78242187500004,67.2544921875],[44.291796875000074,67.09965820312499],[44.48867187500005,66.67177734375005],[44.09716796874997,66.23505859374998],[42.210546875,66.51967773437497],[41.47578125000004,66.12343749999997],[39.81650390625006,65.59794921875005],[40.28125,64.99809570312505],[39.75800781250004,64.57705078124997],[38.009375,64.87875976562498],[36.88281249999997,65.17236328125003],[36.528222656249994,64.84736328124998],[37.18369140625006,64.40849609375002],[37.953710937500006,64.32011718750002],[38.07080078125003,64.02583007812504],[37.442187500000074,63.813378906249994],[36.36494140625004,64.00283203125005],[35.647070312500006,64.3783203125],[34.86953125000005,64.56000976562495],[34.80351562500002,64.98598632812497],[34.40644531250004,65.39575195312506],[34.78632812500004,65.86455078124999],[33.56669921875002,66.32099609374998],[32.46367187500002,66.91630859375005],[34.82460937500005,66.61113281250005],[35.513476562500074,66.39580078125005],[38.397558593750006,66.06445312500003],[39.28906249999997,66.13203124999995],[40.521582031250006,66.446630859375],[41.18896484374997,66.82617187499997],[40.96640625,67.71347656249998],[40.380664062500074,67.83188476562503],[35.85791015624997,69.19174804687498],[33.684375,69.31025390624995],[32.377734375000074,69.47910156249998],[32.94169921875002,69.75185546875005],[31.984570312500097,69.95366210937502],[30.869726562500006,69.783447265625],[28.96582031249997,69.02197265625003],[28.470703125,68.48837890625003],[29.343847656250006,68.061865234375],[29.941210937500017,67.5474609375],[29.087011718750063,66.97094726562497],[29.903417968750063,66.09106445312503],[29.604199218750097,64.96840820312502],[30.072851562500006,64.7650390625],[30.108105468750097,64.36611328125],[30.50390624999997,64.02060546875003],[30.055371093750097,63.689013671875074],[31.18085937500004,63.20830078125002],[31.533984375000074,62.88540039062505],[31.28564453124997,62.56782226562501],[29.690136718750097,61.54609375000004],[27.797656250000017,60.53613281249997],[28.650585937500068,60.61098632812505],[29.069140625000074,60.19145507812502],[28.94726562500003,59.82875976562502],[28.013964843750045,59.724755859374966],[28.0125,59.484277343749994],[27.464453125,58.84130859375003],[27.487792968750057,58.27006835937499],[27.75283203125005,57.84101562499998],[27.351953125000023,57.528125],[27.796875,57.316943359374996],[27.806054687500023,56.86708984375],[28.14794921874997,56.14291992187498],[29.482226562500017,55.6845703125],[30.23359375000001,55.84521484375],[30.906835937500006,55.57001953125],[31.12128906250001,54.648486328124996],[31.403613281250017,54.195947265625],[31.7919921875,54.055908203125],[32.70429687500001,53.336328125],[32.141992187499994,53.09116210937498],[31.417871093749994,53.19604492187503],[31.57734375000001,52.312304687499996],[31.76337890625001,52.10107421875],[32.50791015625006,52.30854492187498],[33.735253906249994,52.34477539062499],[34.39785156250005,51.78041992187502],[34.280664062499994,51.311669921874994],[35.311914062499994,51.04389648437498],[35.41162109374997,50.53969726562502],[36.61943359375002,50.20922851562503],[37.42285156250003,50.411474609375034],[38.046875,49.920019531250006],[38.25859375000002,50.052343750000034],[39.17480468749997,49.85595703125],[39.78056640625002,49.57202148437497],[40.0700195312501,49.200292968750006],[39.68652343749997,49.00791015624998],[39.961035156250006,48.237939453124966],[39.7359375,47.844824218750006],[38.900292968749994,47.855126953124966],[38.28740234375002,47.55917968749998],[38.21435546874997,47.091455078124994],[39.29345703124997,47.10576171874996],[37.96796875000004,46.618017578125006],[38.18359375000003,46.09482421874998],[37.93310546874997,46.00170898437503],[37.64716796875004,45.37719726562497],[36.94121093750002,45.289697265624994],[37.41132812500004,44.73535156250006],[37.85146484375005,44.69882812499998],[38.18125,44.41967773437503],[38.71728515625003,44.28808593749997],[39.97832031250002,43.419824218749994],[40.648046875,43.53388671875],[41.58056640624997,43.21923828125],[42.419042968750006,43.22421875],[43.782617187499994,42.74702148437498],[43.95742187499999,42.566552734374994],[44.87099609375002,42.756396484374996],[45.7275390625,42.475048828125],[45.638574218749994,42.20507812499997],[46.42988281250001,41.890966796875],[46.749316406250074,41.812597656250034],[47.261132812499994,41.31508789062502],[47.86113281250002,41.212744140625034],[48.57285156250006,41.84448242187506]]],[[[20.899804687500023,55.28666992187499],[20.520312500000074,54.99487304687503],[19.97451171875008,54.921191406250045],[19.604394531250023,54.4591796875],[22.766210937500006,54.356787109375],[22.83125,54.83847656249998],[21.23574218750008,55.26411132812501],[20.957812500000017,55.27890625],[20.899804687500023,55.28666992187499]]],[[[148.59951171875,45.317626953125],[147.76943359375,45.19072265625002],[147.9137695312501,44.99038085937505],[148.59951171875,45.317626953125]]],[[[35.00167423940715,45.73338320565327],[34.686878348314764,45.97695049175158],[33.65996518914099,46.219572831556405],[33.59414062500011,46.09624023437502],[33.66484375000019,45.9470703124999],[32.50800781250015,45.40380859375017],[33.55517578125014,45.09765625000014],[33.45068359374997,44.55366210937515],[33.90996093750013,44.387597656249994],[34.71689453125012,44.807128906250114],[35.087695312500074,44.802636718749994],[35.472558593750165,45.09848632812512],[36.39335937500013,45.06538085937504],[36.17050781250006,45.45307617187498],[35.37392578125011,45.35361328125006],[35.00167423940715,45.73338320565327]]],[[[142.76103515625007,54.393945312499994],[142.52617187500002,53.44746093750001],[141.82353515625002,53.33950195312505],[141.72236328125004,51.736328125],[142.20673828125004,51.222558593749966],[142.07109375000002,50.51499023437506],[142.14228515625004,49.56914062500002],[141.86630859375006,48.750097656250034],[142.18173828125012,48.013378906249955],[141.9640625000001,47.58745117187496],[142.03867187500006,47.140283203124994],[141.83037109375002,46.451074218749994],[142.20859375000006,46.08886718750003],[142.57802734375,46.70078124999998],[143.28232421875006,46.55898437500005],[143.00556640625004,47.22270507812499],[142.55693359375007,47.73789062500006],[142.57421875000003,48.07216796875002],[143.10498046874997,49.19882812499998],[144.27207031250006,49.31132812499999],[143.81601562500006,50.282617187499966],[143.45546875,51.47148437499996],[143.15556640625007,52.083740234375],[143.32363281250005,52.61357421875002],[143.22363281249997,53.296044921874966],[142.91796874999997,53.794238281250045],[142.76103515625007,54.393945312499994]]],[[[163.63515625,58.603369140625034],[164.61572265625003,58.88559570312498],[163.76093750000004,59.015039062499966],[163.63515625,58.603369140625034]]],[[[-179.79853515624998,68.94042968750003],[-180,68.73867187500005],[-180,68.493896484375],[-180,68.24912109375003],[-180,68.00439453125003],[-180,67.75961914062498],[-180,67.51484375000001],[-180,67.2701171875],[-180,67.02534179687495],[-180,66.78056640624999],[-180,66.53583984374998],[-180,66.29106445312502],[-180,66.04628906249997],[-180,65.80156250000005],[-180,65.556787109375],[-180,65.31196289062504],[-180,65.067236328125],[-179.352099609375,65.51674804687502],[-179.7283203125,65.80380859375006],[-178.87934570312504,65.93647460937498],[-178.310205078125,65.48486328125],[-177.05625,65.61362304687503],[-176.09326171875,65.47104492187503],[-175.85385742187498,65.01083984374998],[-175.39511718749995,64.80239257812505],[-174.318017578125,64.63764648437498],[-173.72973632812494,64.364501953125],[-173.00913085937498,64.29746093750003],[-172.92402343750004,64.704931640625],[-172.21318359375,65.04814453125002],[-172.21157226562502,65.42519531250002],[-170.66630859375,65.62153320312495],[-170.191943359375,66.20126953125003],[-171.795556640625,66.93173828124998],[-172.640576171875,66.925],[-173.67968749999997,67.14477539062503],[-174.447607421875,67.103125],[-175.34521484375,67.67807617187498],[-177.40751953124996,68.24516601562505],[-178.873876953125,68.75410156249998],[-179.79853515624998,68.94042968750003]]],[[[50.26523437500006,69.18559570312505],[49.225195312500006,69.51123046875006],[48.63134765624997,69.43603515625],[48.27880859375003,69.04033203125005],[48.66699218749997,68.73315429687497],[49.626269531250074,68.859716796875],[50.26523437500006,69.18559570312505]]],[[[169.20078125000012,69.58046875000002],[169.37480468750007,69.88261718750005],[168.35791015624997,70.01567382812505],[167.78886718750007,69.83686523437495],[169.20078125000012,69.58046875000002]]],[[[60.45048828125002,69.93486328125002],[59.005273437499994,70.46518554687506],[58.47304687500005,70.26684570312497],[59.578222656250006,69.738623046875],[60.45048828125002,69.93486328125002]]],[[[178.86152343750015,70.82641601562503],[180,70.99301757812503],[180,71.537744140625],[178.89111328124997,71.23110351562505],[178.86152343750015,70.82641601562503]]],[[[-178.87646484375,71.57705078125],[-179.99995117187498,71.537744140625],[-179.99995117187498,70.99301757812503],[-179.50668945312503,70.92343749999998],[-177.82177734374997,71.06757812500004],[-177.53217773437504,71.2630859375],[-178.87646484375,71.57705078125]]],[[[55.31982421874997,73.30830078125001],[53.75322265625002,73.29326171875005],[52.62207031249997,72.30097656249995],[51.58251953125003,72.07119140625005],[51.812597656250006,71.49130859375003],[53.363867187500006,71.541650390625],[53.72236328125004,70.81445312499997],[54.601171875,70.68007812499997],[57.145898437499994,70.589111328125],[55.29785156250003,71.93535156249999],[55.35595703124997,72.465087890625],[56.429589843749994,73.20117187500003],[55.31982421874997,73.30830078125001]]],[[[142.18486328125002,73.8958984375],[141.08476562500007,73.865869140625],[140.6627929687501,73.45200195312498],[143.19326171875005,73.22075195312502],[143.34375,73.56875],[142.18486328125002,73.8958984375]]],[[[113.38720703125003,74.40043945312502],[112.08447265625003,74.548974609375],[111.64296875000005,74.27294921874997],[112.7824218750001,74.09506835937498],[113.38720703125003,74.40043945312502]]],[[[146.79521484375002,75.370751953125],[146.14853515625006,75.19829101562502],[148.09238281250006,74.82568359375006],[149.596875,74.772607421875],[150.64628906250007,74.94458007812503],[150.10390625000005,75.21923828125003],[146.79521484375002,75.370751953125]]],[[[140.04873046875005,75.82895507812498],[138.81396484375003,76.19970703125003],[137.5011718750001,75.90966796875],[137.00625,75.23500976562505],[138.09228515624997,74.79746093749998],[139.09912109375003,74.65654296875005],[141.98730468750003,74.99125976562505],[144.0197265625001,75.044677734375],[145.2552734375,75.58559570312497],[143.68583984375002,75.86367187500005],[142.4603515625,75.90361328125002],[140.94414062500002,75.70048828125002],[140.04873046875005,75.82895507812498]]],[[[67.76533203125004,76.23759765625002],[68.8998046875,76.57294921875004],[68.4857421875,76.93369140624998],[67.53496093750002,77.00776367187498],[65.862890625,76.61333007812502],[62.971484375000074,76.236669921875],[58.88125,75.85478515625002],[57.0875,75.38383789062499],[54.642675781250006,73.9595703125],[53.76289062500004,73.76616210937502],[55.00683593749997,73.453857421875],[56.96386718749997,73.36655273437498],[58.44140624999997,74.12885742187501],[58.53466796874997,74.49892578125002],[60.22246093750002,74.79658203124998],[61.35595703125003,75.31484374999997],[66.2824218750001,75.98369140625007],[67.76533203125004,76.23759765625002]]],[[[102.88476562500003,79.25395507812499],[101.590625,79.35043945312503],[100.28398437500007,78.67919921874997],[101.20410156250003,78.19194335937499],[103.71933593750006,78.25825195312501],[105.31259765625012,78.49990234375002],[105.14599609374997,78.81884765625],[102.88476562500003,79.25395507812499]]],[[[97.6745117187501,80.15825195312502],[94.98730468750003,80.09682617187502],[93.07080078125003,79.49531249999995],[94.65234374999997,79.12749023437499],[97.55546875000002,78.82656249999997],[99.43955078125006,78.83422851562503],[100.06123046875004,79.777099609375],[97.6745117187501,80.15825195312502]]],[[[62.16777343750002,80.83476562499999],[59.59228515624997,80.81650390625],[59.30439453125004,80.52153320312505],[61.05126953125003,80.41860351562505],[62.16777343750002,80.83476562499999]]],[[[54.71894531250004,81.115966796875],[54.0666015625001,80.81362304687505],[55.7125,80.6373046875],[57.694140625000074,80.79228515625005],[54.71894531250004,81.115966796875]]],[[[96.5265625000001,81.07558593750002],[95.80068359375,81.28046875000004],[93.06513671875004,80.98847656249995],[93.2625,80.79125976562503],[91.523828125,80.35854492187497],[93.87236328125007,80.01010742187503],[94.56503906250006,80.12607421875003],[97.1751953125,80.24101562500002],[97.83183593750002,80.79829101562504],[96.5265625000001,81.07558593750002]]]]},"id":"RUS"},{"type":"Feature","properties":{"name":"Rwanda","iso_a3":"RWA","adm0_a3":"RWA"},"geometry":{"type":"Polygon","coordinates":[[[30.553613281249994,-2.400097656249997],[30.828710937500006,-2.338476562500006],[30.812597656250006,-1.563085937500006],[30.50996093750001,-1.067285156250009],[30.1015625,-1.36865234375],[29.576953125000017,-1.387890625000011],[29.12939453125,-1.860253906250009],[29.1064453125,-2.233203125],[28.876367187500023,-2.400292968750009],[29.01435546875001,-2.72021484375],[29.390234375,-2.80859375],[29.8681640625,-2.71640625],[29.93017578125,-2.339550781250011],[30.553613281249994,-2.400097656249997]]]},"id":"RWA"},{"type":"Feature","properties":{"name":"W. Sahara","iso_a3":"ESH","adm0_a3":"SAH"},"geometry":{"type":"Polygon","coordinates":[[[-8.683349609375,27.656445312499997],[-8.753857421874983,27.191015625],[-9.413037109374983,27.0884765625],[-9.7353515625,26.8609375],[-10.25146484375,26.8609375],[-10.922802734374983,27.0103515625],[-11.392578125,26.8833984375],[-11.337890625,26.6333984375],[-11.718212890624983,26.104101562499977],[-12.03076171875,26.030859375],[-12.43115234375,24.830664062500006],[-13.06103515625,24.40097656249999],[-13.310986328124983,23.98105468749999],[-13.770947265624983,23.790625],[-14.02099609375,23.41074218749999],[-14.22119140625,22.31015625],[-14.630859375,21.8609375],[-14.840820312500028,21.450781250000034],[-15.750927734374983,21.490820312500006],[-17.003076171874994,21.420703125000017],[-17.048046874999983,20.80615234375],[-16.964550781249983,21.329248046874994],[-15.231201171875,21.331298828125],[-13.016210937499977,21.333935546874997],[-13.094335937499977,22.495996093749994],[-13.031494140625,23.000244140625],[-12.620410156249989,23.27133789062499],[-12.0234375,23.467578125],[-12.016308593749983,25.995410156250003],[-10.376123046874994,25.99545898437499],[-8.682226562499977,25.995507812499994],[-8.683349609375,27.2859375],[-8.683349609375,27.656445312499997]]]},"id":"ESH"},{"type":"Feature","properties":{"name":"Saudi Arabia","iso_a3":"SAU","adm0_a3":"SAU"},"geometry":{"type":"Polygon","coordinates":[[[51.56835937499997,24.28618164062499],[51.26796875000002,24.607226562500003],[50.80439453125001,24.789257812499997],[50.557910156250074,25.086669921875],[50.03164062499999,26.110986328124966],[50.21386718749997,26.308496093749966],[49.98613281250002,26.828906250000045],[49.40527343749997,27.18095703124999],[48.9064453125001,27.629052734374994],[48.44248046875006,28.54291992187501],[47.67128906250005,28.533154296874955],[47.43320312500006,28.989550781250045],[46.53144531250001,29.096240234374996],[46.35644531249997,29.063671874999955],[44.690820312499994,29.202343749999955],[42.85771484375002,30.49521484375],[42.07441406250001,31.080371093749996],[40.36933593750001,31.93896484375],[39.14541015625002,32.12451171875],[38.96230468750002,31.994921875],[36.95859375,31.491503906250017],[37.980078125,30.5],[37.63359375000002,30.31328125],[37.46923828124997,29.995068359374983],[36.755273437499994,29.86601562499999],[36.47607421874997,29.4951171875],[36.01542968750002,29.190478515624996],[34.95078125,29.35351562500003],[34.779882812500006,28.50732421875003],[34.61621093750003,28.148339843749994],[35.180468750000074,28.034863281249955],[35.58134765625002,27.432470703124977],[36.249609375,26.594775390625045],[36.76269531249997,25.751318359374977],[37.14882812500005,25.291113281250006],[37.1808593750001,24.820019531249955],[37.543066406250006,24.291650390624966],[37.919726562500074,24.185400390624977],[38.464160156250074,23.711865234374983],[38.94111328125004,22.88183593749997],[39.09589843750004,22.39277343750001],[38.987890625,21.881738281249994],[39.09355468750002,21.310351562500017],[39.61367187500005,20.517675781250006],[40.08066406250006,20.265917968750045],[40.759179687499994,19.755468750000063],[41.11601562500002,19.082177734375023],[41.22949218749997,18.67841796875001],[41.75,17.8857421875],[42.29394531250003,17.434960937499994],[42.38330078125003,17.122460937500023],[42.698828125,16.736962890624994],[42.79931640624997,16.37177734375001],[43.16503906250003,16.689404296874983],[43.19091796874997,17.359375],[43.41796874999997,17.51625976562505],[43.91699218750003,17.32470703125],[44.15595703125004,17.398535156250034],[45.148046875,17.427441406249983],[45.406542968750074,17.319775390624983],[46.31035156250002,17.231298828124977],[46.68203125000005,17.26855468750003],[46.975683593750006,16.953466796875034],[47.44179687499999,17.11186523437499],[47.57958984375003,17.448339843750063],[48.172167968750074,18.15693359375001],[49.04199218749997,18.581787109375057],[51.977636718750006,18.99614257812499],[53.666894531249994,19.559130859375017],[54.97734375000002,19.995947265625034],[55.64101562500005,22.001855468750023],[55.18583984375002,22.7041015625],[55.10429687500002,22.621484374999966],[52.55507812499999,22.932812499999983],[51.59257812500002,24.07885742187503],[51.56835937499997,24.28618164062499]]]},"id":"SAU"},{"type":"Feature","properties":{"name":"Sudan","iso_a3":"SDN","adm0_a3":"SDN"},"geometry":{"type":"Polygon","coordinates":[[[24.147363281250023,8.665625],[24.53193359375001,8.886914062499997],[24.785253906250006,9.774658203125],[25.066992187500006,10.293798828124991],[25.79804687500001,10.420507812499991],[25.891503906250023,10.20273437499999],[26.551367187500006,9.525830078124997],[27.07421875,9.613818359374989],[27.885839843750006,9.599658203124989],[28.048925781250006,9.32861328125],[28.844531250000017,9.326074218749994],[28.999609375,9.610156249999989],[29.47314453125,9.768603515624989],[29.60546875,10.065087890624994],[30.003027343750006,10.277392578124989],[30.739355468750006,9.74267578125],[31.224902343750017,9.799267578124997],[31.654882812500006,10.221142578124997],[31.933007812500023,10.6625],[32.40410156250002,11.057763671874994],[32.33535156250002,11.716015625],[32.072265625,12.006738281249994],[32.73671875000002,12.009667968749994],[33.199316406250006,12.21728515625],[33.07304687500002,11.591503906249997],[33.17216796875002,10.850146484374989],[33.8921875,10.198974609375],[34.078125,9.461523437499991],[34.29150390625,10.124755859375],[34.27568359375002,10.528125],[34.571875,10.880175781249989],[34.93144531250002,10.864794921874989],[35.1123046875,11.816552734374994],[35.59609375000002,12.537304687499997],[36.107519531250006,12.726464843749994],[36.21220703125002,13.27109375],[36.390625,13.626074218749991],[36.524316406249994,14.256835937500014],[36.4267578125,15.132080078125],[36.91376953125001,16.296191406250003],[37.00898437500001,17.058886718750003],[37.411035156249994,17.061718749999983],[37.78242187500001,17.4580078125],[38.253515625,17.584765625],[38.609472656250006,18.005078125],[37.921875,18.555908203125],[37.471289062500006,18.820117187500003],[37.24843750000002,19.58188476562499],[37.2275390625,20.55673828124999],[37.15058593750001,21.103759765625],[36.92695312500001,21.58652343749999],[36.87138671875002,21.996728515624994],[33.91845703125,21.996240234374994],[31.434472656250023,21.995849609375],[29.564550781250006,21.9951171875],[28.036425781250017,21.995361328125],[24.980273437500017,21.995849609375],[24.9794921875,20.002587890624994],[23.980273437500017,19.99594726562499],[23.980273437500017,19.496630859375003],[23.982226562500017,17.266357421875],[23.9833984375,15.780175781249994],[23.10517578125001,15.702539062499994],[22.93232421875001,15.162109375],[22.6708984375,14.722460937500003],[22.38154296875001,14.550488281249997],[22.50996093750001,14.12744140625],[22.10761718750001,13.730322265624991],[22.228125,13.32958984375],[21.825292968750006,12.79052734375],[22.352343750000017,12.660449218749989],[22.55634765625001,11.66953125],[22.922656250000017,11.344873046874994],[22.86005859375001,10.919677734375],[23.312304687500017,10.387939453125],[23.646289062500017,9.822900390624994],[23.53730468750001,8.815820312499994],[24.147363281250023,8.665625]]]},"id":"SDN"},{"type":"Feature","properties":{"name":"S. Sudan","iso_a3":"SSD","adm0_a3":"SDS"},"geometry":{"type":"Polygon","coordinates":[[[27.4033203125,5.109179687499989],[27.7880859375,4.644677734374994],[28.19208984375001,4.350244140624994],[28.72705078125,4.504980468749991],[29.151464843750006,4.38818359375],[29.676855468750006,4.5869140625],[30.194921875,3.98193359375],[30.50830078125,3.835693359375],[30.83857421875001,3.49072265625],[31.15234375,3.785595703124997],[31.47998046875,3.680468749999989],[31.79804687500001,3.802636718749994],[32.09941406250002,3.529199218749994],[32.33574218750002,3.706201171874994],[32.83808593750001,3.798486328124994],[33.489355468750006,3.755078125],[33.97607421875,4.22021484375],[35.26835937500002,5.492285156249991],[35.08193359375002,5.673144531249989],[34.71064453125001,6.660302734374994],[34.06425781250002,7.225732421874994],[33.666113281250006,7.670996093749991],[33.22597656250002,7.760644531249994],[33.01259765625002,7.951513671874991],[33.23427734375002,8.396386718749994],[33.95332031250001,8.443505859374994],[34.09453125000002,8.582226562499997],[34.078125,9.461523437499991],[33.8921875,10.198974609375],[33.17216796875002,10.850146484374989],[33.07304687500002,11.591503906249997],[33.199316406250006,12.21728515625],[32.73671875000002,12.009667968749994],[32.072265625,12.006738281249994],[32.33535156250002,11.716015625],[32.40410156250002,11.057763671874994],[31.933007812500023,10.6625],[31.654882812500006,10.221142578124997],[31.224902343750017,9.799267578124997],[30.739355468750006,9.74267578125],[30.003027343750006,10.277392578124989],[29.60546875,10.065087890624994],[29.47314453125,9.768603515624989],[28.999609375,9.610156249999989],[28.844531250000017,9.326074218749994],[28.048925781250006,9.32861328125],[27.885839843750006,9.599658203124989],[27.07421875,9.613818359374989],[26.551367187500006,9.525830078124997],[25.891503906250023,10.20273437499999],[25.79804687500001,10.420507812499991],[25.066992187500006,10.293798828124991],[24.785253906250006,9.774658203125],[24.53193359375001,8.886914062499997],[24.147363281250023,8.665625],[24.291406250000023,8.29140625],[24.853320312500017,8.137548828124991],[25.247363281250017,7.724560546874997],[25.380664062500017,7.333398437499994],[25.888964843750017,7.06494140625],[26.36181640625,6.635302734374989],[26.514257812500006,6.069238281249994],[27.083398437500023,5.77685546875],[27.4033203125,5.109179687499989]]]},"id":"SSD"},{"type":"Feature","properties":{"name":"Senegal","iso_a3":"SEN","adm0_a3":"SEN"},"geometry":{"type":"Polygon","coordinates":[[[-11.389404296875,12.404394531249991],[-11.390380859375,12.941992187499991],[-11.634960937499983,13.369873046875],[-12.05419921875,13.633056640625],[-12.019189453124994,14.206494140624997],[-12.280615234374977,14.809033203124997],[-12.858496093749977,15.242529296874991],[-13.258007812499983,15.700390625],[-13.40966796875,16.05917968749999],[-13.868457031249989,16.148144531249997],[-14.300097656249989,16.580273437499955],[-15.112646484374977,16.64492187499999],[-15.620800781249983,16.506591796875],[-16.16835937499999,16.547070312499997],[-16.441015624999977,16.204541015624997],[-16.535253906249977,15.83837890625],[-17.147167968749983,14.922021484374994],[-17.168066406249977,14.640625],[-16.56230468749999,13.587304687499994],[-15.509667968749994,13.586230468750003],[-15.834277343749989,13.156445312499997],[-16.648779296874977,13.154150390624991],[-16.763330078124994,13.064160156249997],[-16.711816406249994,12.354833984375034],[-15.574804687499977,12.490380859375023],[-15.196093749999989,12.679931640625],[-13.729248046875,12.673925781249991],[-13.082910156249994,12.633544921875],[-12.291210937499983,12.328027343749994],[-11.389404296875,12.404394531249991]]]},"id":"SEN"},{"type":"Feature","properties":{"name":"S. Geo. and the Is.","iso_a3":"SGS","adm0_a3":"SGS"},"geometry":{"type":"Polygon","coordinates":[[[-37.10332031250002,-54.065625],[-36.08549804687496,-54.866796875],[-35.79858398437503,-54.7634765625],[-36.32646484375002,-54.251171875],[-37.10332031250002,-54.065625]]]},"id":"SGS"},{"type":"Feature","properties":{"name":"Solomon Is.","iso_a3":"SLB","adm0_a3":"SLB"},"geometry":{"type":"MultiPolygon","coordinates":[[[[161.71533203124997,-10.387304687499977],[161.53789062500002,-10.566406249999957],[162.12363281250012,-10.824414062500026],[162.10537109375,-10.453808593750026],[161.71533203124997,-10.387304687499977]]],[[[159.75039062500005,-9.27265625],[159.621875,-9.532128906250009],[159.85371093750004,-9.79150390625],[160.64921875000002,-9.928613281249966],[160.62548828124997,-9.588867187500028],[160.35458984375012,-9.421582031249955],[159.97060546875005,-9.43330078125004],[159.75039062500005,-9.27265625]]],[[[160.7494140625,-8.31396484375],[160.59042968750012,-8.372753906249983],[160.87343750000005,-9.15683593750002],[161.25849609375004,-9.316894531249943],[160.99765625000012,-8.612011718749969],[160.7494140625,-8.31396484375]]],[[[159.87910156250004,-8.53427734375002],[159.84306640625002,-8.326953124999974],[159.109375,-7.90351562500004],[158.9440429687501,-8.040722656250011],[159.87910156250004,-8.53427734375002]]]]},"id":"SLB"},{"type":"Feature","properties":{"name":"Sierra Leone","iso_a3":"SLE","adm0_a3":"SLE"},"geometry":{"type":"Polygon","coordinates":[[[-13.292675781249983,9.04921875],[-13.228417968749966,8.695898437499963],[-12.880957031249977,7.856640625000054],[-12.510449218749983,7.665722656249969],[-12.485644531249989,7.386279296874974],[-11.73344726562496,7.088574218749983],[-11.507519531249983,6.906542968749989],[-11.267675781249977,7.232617187499997],[-10.6474609375,7.759375],[-10.283203125,8.485156249999989],[-10.500537109374989,8.687548828124989],[-10.690527343749977,9.314257812499989],[-11.205664062499977,9.977734375],[-11.911083984374983,9.993017578124991],[-12.50146484375,9.862158203124991],[-12.755859375,9.373583984374989],[-13.292675781249983,9.04921875]]]},"id":"SLE"},{"type":"Feature","properties":{"name":"El Salvador","iso_a3":"SLV","adm0_a3":"SLV"},"geometry":{"type":"Polygon","coordinates":[[[-90.09521484375,13.736523437499997],[-89.80419921875,13.560107421875003],[-89.27763671874999,13.478076171875003],[-88.51201171874999,13.183935546874991],[-87.930859375,13.1806640625],[-87.814208984375,13.399169921875],[-87.71533203125,13.812695312499997],[-88.151025390625,13.987353515625003],[-88.51254882812499,13.978955078124997],[-89.36259765624999,14.416015625],[-89.872705078125,14.045605468749997],[-90.09521484375,13.736523437499997]]]},"id":"SLV"},{"type":"Feature","properties":{"name":"Somaliland","iso_a3":null,"adm0_a3":"SOL"},"geometry":{"type":"Polygon","coordinates":[[[42.92275390625002,10.999316406249989],[42.65957031250002,10.621386718749989],[42.84160156250002,10.203076171874997],[43.181640625,9.879980468749991],[43.482519531250006,9.379492187499991],[44.02285156250002,8.986035156249997],[46.97822265625001,7.9970703125],[47.97822265625001,7.9970703125],[48.938085937500006,9.451757812499991],[48.938574218750006,11.258447265624994],[48.674414062500006,11.32265625],[48.01923828125001,11.139355468749997],[47.40498046875001,11.174023437499997],[46.565039062500006,10.745996093749994],[45.81669921875002,10.835888671874997],[44.94296875,10.43671875],[44.38652343750002,10.430224609374989],[43.85273437500001,10.784277343749991],[43.24599609375002,11.499804687499989],[42.92275390625002,10.999316406249989]]]},"id":"SOL"},{"type":"Feature","properties":{"name":"Somalia","iso_a3":"SOM","adm0_a3":"SOM"},"geometry":{"type":"Polygon","coordinates":[[[41.88398437500001,3.977734375],[41.341796875,3.20166015625],[40.964453125,2.814648437499997],[40.97001953125002,1.378173828125],[40.97871093750001,-0.870312500000011],[41.53271484375,-1.6953125],[41.97988281250002,-0.973046875],[43.46767578125002,0.621630859374989],[44.33271484375001,1.390966796874991],[44.92021484375002,1.81015625],[46.05117187500002,2.475146484374989],[46.87880859375002,3.28564453125],[47.97529296875001,4.497021484374997],[48.649023437500006,5.494384765625],[49.04931640625,6.173632812499989],[49.34853515625002,6.990527343749989],[50.10283203125002,8.199804687499991],[50.429785156250006,8.845263671874989],[50.825,9.428173828124997],[50.8984375,10.253125],[51.140625,10.656884765624994],[51.08427734375002,11.335644531249997],[51.2548828125,11.830712890624994],[50.79228515625002,11.983691406249989],[50.11005859375001,11.529296875],[48.938574218750006,11.258447265624994],[48.938085937500006,9.451757812499991],[47.97822265625001,7.9970703125],[45.93496093750002,5.997216796874994],[44.940527343750006,4.912011718749994],[44.028125,4.950976562499989],[43.53828125000001,4.84033203125],[43.01601562500002,4.563330078124991],[42.791601562500006,4.2919921875],[42.02412109375001,4.137939453125],[41.88398437500001,3.977734375]]]},"id":"SOM"},{"type":"Feature","properties":{"name":"Serbia","iso_a3":"SRB","adm0_a3":"SRB"},"geometry":{"type":"Polygon","coordinates":[[[22.705078125,44.23779296875003],[21.384375,44.870068359375],[21.491796875,45.12226562500001],[20.774218750000017,45.484423828124996],[20.775,45.749804687499996],[20.241796875,46.10859375],[19.53076171875,46.15517578125002],[18.905371093750006,45.93173828125],[19.05507812500008,45.527246093749994],[19.007128906250074,44.86918945312496],[19.356835937499994,44.85854492187502],[19.15185546875,44.30253906249999],[19.583789062500045,44.04345703125006],[19.1943359375,43.53330078125],[19.551562500000017,43.212255859375],[20.344335937500006,42.827929687499996],[21.057031250000023,43.091699218749994],[21.390625,42.75141601562498],[21.7529296875,42.669824218749994],[21.5625,42.247509765625],[22.34404296874999,42.31396484375003],[22.466796875,42.84248046875],[22.976855468750017,43.18798828125],[22.554589843750023,43.454492187499994],[22.420800781249994,44.00742187499998],[22.705078125,44.23779296875003]]]},"id":"SRB"},{"type":"Feature","properties":{"name":"Suriname","iso_a3":"SUR","adm0_a3":"SUR"},"geometry":{"type":"Polygon","coordinates":[[[-54.61625976562499,2.326757812499991],[-54.1955078125,2.81787109375],[-54.203125,3.13818359375],[-53.99047851562503,3.589550781249983],[-54.350732421874994,4.054101562499994],[-54.45219726562499,5.013476562499989],[-54.15595703125,5.35898437499999],[-54.05419921875,5.807910156249989],[-54.83369140625,5.988330078124989],[-55.82817382812499,5.961669921875],[-55.93955078124999,5.795458984374989],[-56.96982421874999,5.992871093749997],[-57.194775390625,5.5484375],[-57.331005859375,5.020166015624994],[-57.711083984374994,4.991064453124991],[-58.05449218749999,4.171923828124989],[-57.832666015624994,3.675976562499997],[-57.54960937499999,3.352832031249989],[-57.303662109375,3.377099609374994],[-57.20981445312499,2.8828125],[-56.704345703125,2.036474609374991],[-56.4828125,1.942138671875014],[-56.01992187500002,1.842236328124997],[-56.12939453125,2.299511718749997],[-55.00581054687501,2.59296875],[-54.61625976562499,2.326757812499991]]]},"id":"SUR"},{"type":"Feature","properties":{"name":"Slovakia","iso_a3":"SVK","adm0_a3":"SVK"},"geometry":{"type":"Polygon","coordinates":[[[17.147363281250023,48.00595703125],[17.76191406250001,47.770166015624994],[18.72421875,47.787158203124996],[18.914160156250006,48.050830078124996],[19.89863281250001,48.13134765625],[20.490039062500017,48.526904296874996],[21.45136718750001,48.55224609375],[22.1318359375,48.405322265624996],[22.538671875,49.072705078125],[21.6396484375,49.411962890625],[20.616113281250023,49.39169921875],[19.80224609375,49.192333984375],[19.44160156250001,49.597705078124996],[18.83222656250001,49.510791015624996],[18.160937500000017,49.257373046874996],[17.75849609375001,48.888134765625],[17.1884765625,48.8609375],[16.953125,48.598828125],[17.147363281250023,48.00595703125]]]},"id":"SVK"},{"type":"Feature","properties":{"name":"Slovenia","iso_a3":"SVN","adm0_a3":"SVN"},"geometry":{"type":"Polygon","coordinates":[[[13.7,46.520263671875],[13.399511718750006,46.317529296874994],[13.719824218750006,45.58759765625004],[13.577929687500017,45.516894531249996],[13.878710937500017,45.428369140624994],[15.339453125,45.467041015625],[15.624804687500017,45.834033203124996],[15.635937500000011,46.200732421874996],[16.516210937500006,46.499902343749994],[16.093066406250017,46.86328125],[15.957617187500006,46.677636718749994],[15.000683593750011,46.6259765625],[14.503515625,46.417041015624996],[13.7,46.520263671875]]]},"id":"SVN"},{"type":"Feature","properties":{"name":"Sweden","iso_a3":"SWE","adm0_a3":"SWE"},"geometry":{"type":"MultiPolygon","coordinates":[[[[20.622167968750034,69.03686523437503],[19.969824218750006,68.35639648437495],[18.37861328125001,68.56240234375002],[17.916699218750068,67.96489257812505],[17.32460937500005,68.10380859375002],[16.127441406250057,67.42583007812502],[16.403515625000068,67.05498046875005],[15.422949218750063,66.48984375],[14.543261718750074,66.12934570312501],[14.479687500000011,65.30146484375004],[13.650292968750051,64.58154296875],[14.077636718749972,64.46401367187502],[13.960546875000034,64.014013671875],[12.6625,63.940478515625045],[11.99990234375008,63.29169921875004],[12.218164062500051,63.000634765624966],[12.303515625000045,62.285595703124955],[12.155371093750063,61.72075195312499],[12.880761718750051,61.352294921875],[12.294140624999983,61.002685546875],[12.588671875000045,60.45073242187499],[12.486132812500017,60.106787109375006],[11.680761718750006,59.59228515624997],[11.798144531250017,59.289892578125006],[11.38828125,59.036523437499994],[11.147167968750011,58.988623046875006],[11.449316406250006,58.11835937500001],[12.421484375,56.906396484374994],[12.883691406250023,56.61772460937499],[12.592578125000045,56.137597656249966],[13.321386718750006,55.34638671874998],[14.341699218750051,55.527734374999966],[14.215039062500011,55.832617187500006],[14.782031250000045,56.161914062500045],[15.996679687500063,56.222607421874955],[16.527929687500006,57.06816406250002],[16.651953125000063,58.43432617187497],[17.456738281250068,58.85839843750003],[18.28535156250004,59.109375],[18.970507812500074,59.75722656250002],[18.55751953125005,60.253564453124966],[17.95576171875004,60.58979492187498],[17.250976562500057,60.700781250000034],[17.13076171875008,61.575732421875045],[17.417285156250017,61.74067382812498],[17.895605468750034,62.830517578124955],[18.46308593750001,62.895849609375034],[19.034375,63.237744140624955],[20.762695312500057,63.867822265624994],[21.465039062500068,64.37958984374998],[21.13818359375,64.80869140625],[21.565527343750034,65.40810546875],[23.102343750000017,65.73535156250006],[24.155468749999983,65.8052734375],[23.701171875,66.48076171875002],[23.988574218750017,66.81054687499997],[23.468066406250017,67.44995117187503],[23.63886718750001,67.95439453125005],[22.78242187500004,68.391015625],[21.99746093750008,68.52060546875003],[20.622167968750034,69.03686523437503]]],[[[19.076464843750074,57.83593750000003],[18.537402343750045,57.83056640625],[18.136523437500074,57.55664062500006],[18.69990234375001,57.242724609375045],[19.076464843750074,57.83593750000003]]]]},"id":"SWE"},{"type":"Feature","properties":{"name":"Swaziland","iso_a3":"SWZ","adm0_a3":"SWZ"},"geometry":{"type":"Polygon","coordinates":[[[31.94824218749997,-25.95761718750002],[31.415136718750006,-25.74658203125],[31.207324218750017,-25.84335937500002],[30.803320312500006,-26.41347656250001],[30.794335937499994,-26.764257812499963],[31.063378906249994,-27.112304687499986],[31.469531250000017,-27.295507812500006],[31.958398437499994,-27.305859374999983],[32.112890625,-26.839453125],[31.94824218749997,-25.95761718750002]]]},"id":"SWZ"},{"type":"Feature","properties":{"name":"Syria","iso_a3":"SYR","adm0_a3":"SYR"},"geometry":{"type":"Polygon","coordinates":[[[42.358984375,37.10859375],[42.2685546875,37.2765625],[41.515527343749994,37.08916015624999],[40.705664062500006,37.09770507812496],[40.01640625000002,36.826074218749994],[39.35664062500001,36.681591796875],[38.7666015625,36.693115234375],[38.19169921875002,36.9015625],[37.43632812500002,36.64331054687503],[36.65859375,36.80253906249996],[36.12734375000002,35.831445312499994],[35.892675781250006,35.91655273437502],[35.76445312500002,35.571582031249996],[35.94306640625001,35.223828125],[35.97626953125001,34.629199218749996],[36.43300781250002,34.6134765625],[36.5849609375,34.221240234374996],[35.9423828125,33.667578125],[35.869140625,33.43173828125],[35.78730468750001,32.734912109374996],[36.3720703125,32.3869140625],[36.818359375,32.317285156249994],[38.773535156250006,33.372216796874994],[40.689453125,34.33203125],[40.98701171875001,34.429052734375],[41.19472656250002,34.768994140625],[41.354101562500006,35.640429687499996],[41.24560546875,36.073388671874994],[41.41679687500002,36.5146484375],[41.78857421875,36.59716796875],[42.358984375,37.10859375]]]},"id":"SYR"},{"type":"Feature","properties":{"name":"Chad","iso_a3":"TCD","adm0_a3":"TCD"},"geometry":{"type":"Polygon","coordinates":[[[22.86005859375001,10.919677734375],[22.922656250000017,11.344873046874994],[22.55634765625001,11.66953125],[22.352343750000017,12.660449218749989],[21.825292968750006,12.79052734375],[22.228125,13.32958984375],[22.10761718750001,13.730322265624991],[22.50996093750001,14.12744140625],[22.38154296875001,14.550488281249997],[22.6708984375,14.722460937500003],[22.93232421875001,15.162109375],[23.10517578125001,15.702539062499994],[23.9833984375,15.780175781249994],[23.982226562500017,17.266357421875],[23.980273437500017,19.496630859375003],[21.5849609375,20.679492187500003],[19.668554687500006,21.62583007812499],[18.231347656250023,22.33554687499999],[15.984082031250011,23.445214843749994],[14.97900390625,22.99619140624999],[15.172265625000023,21.922070312499997],[15.181835937500011,21.523388671874997],[15.607324218750023,20.954394531250003],[15.587109375000011,20.733300781249994],[15.948828125,20.303173828124997],[15.735058593750011,19.904052734375],[15.474316406250011,16.908398437499997],[14.367968750000017,15.750146484374994],[13.4482421875,14.380664062500003],[13.606347656250023,13.70458984375],[14.06396484375,13.07851562499999],[14.516210937500006,12.979736328125],[14.76123046875,12.655615234374991],[15.08125,11.845507812499989],[15.029882812500006,11.11367187499999],[15.276074218750011,10.357373046874997],[15.540917968750023,9.960302734374991],[14.243261718750006,9.979736328125],[13.977246093750011,9.691552734374994],[14.332324218750017,9.20351562499999],[15.1162109375,8.557324218749997],[15.44296875,7.851855468749989],[15.480078125,7.523779296874991],[15.845019531250017,7.475292968749997],[16.37890625,7.683544921874997],[16.784765625,7.550976562499997],[17.6494140625,7.98359375],[18.455078125,8.032031249999989],[19.108691406250017,8.656152343749994],[19.1455078125,9.015966796874991],[20.342089843750017,9.127099609374994],[20.773242187500017,9.405664062499994],[21.26386718750001,9.974609375],[21.72578125000001,10.366552734374991],[21.70654296875,10.574804687499991],[22.49384765625001,10.996240234374994],[22.86005859375001,10.919677734375]]]},"id":"TCD"},{"type":"Feature","properties":{"name":"Togo","iso_a3":"TGO","adm0_a3":"TGO"},"geometry":{"type":"Polygon","coordinates":[[[0.900488281250006,10.993261718749991],[-0.068603515625,11.115625],[-0.057714843749977,10.630615234375],[0.362695312500023,10.236474609374994],[0.261914062500011,9.49560546875],[0.529003906250011,9.358300781249994],[0.415332031250017,8.65273437499999],[0.688085937500006,8.304248046874989],[0.58359375,8.145800781249989],[0.634765625,7.353662109374994],[0.525585937500011,6.850927734374991],[0.736914062500006,6.452587890624997],[1.187207031250011,6.089404296874989],[1.62265625,6.216796875],[1.600195312500006,9.050048828125],[1.42431640625,9.285009765624991],[1.330078125,9.996972656249994],[0.779980468750011,10.359570312499997],[0.900488281250006,10.993261718749991]]]},"id":"TGO"},{"type":"Feature","properties":{"name":"Thailand","iso_a3":"THA","adm0_a3":"THA"},"geometry":{"type":"Polygon","coordinates":[[[105.18330078125001,14.346240234374989],[105.47558593749997,14.530126953124991],[105.51318359375003,15.360888671875045],[105.62207031249997,15.699951171875028],[105.40625,15.987451171874966],[105.04716796874999,16.16025390625009],[104.75058593750006,16.647558593749977],[104.81601562499998,17.30029296875],[103.949609375,18.318994140624966],[103.36699218750002,18.42333984375],[103.05136718750003,18.02851562500001],[102.71757812500005,17.892236328125136],[102.10146484375005,18.21064453125001],[101.10517578125001,17.479541015625102],[100.90849609375002,17.58388671875005],[101.11328124999997,18.033544921875006],[101.05058593750002,18.407031250000045],[101.28632812499995,18.977148437500034],[101.1546875,19.579199218750034],[100.62548828124997,19.499853515625034],[100.39765625000004,19.756103515625],[100.54306640625006,20.08867187499999],[100.1224609375,20.316650390625],[99.89033203125004,20.424414062500006],[99.33789062499997,20.078906250000045],[99.0207031250001,20.041796875000045],[98.91669921875004,19.772900390624955],[98.23906250000002,19.690673828125],[97.81679687500005,19.45996093749997],[97.75400390625006,18.62080078125001],[97.48496093750012,18.494238281249977],[97.79296874999997,17.68125],[98.43886718750005,16.975683593750034],[98.68925781250007,16.305419921875],[98.56523437500002,15.403564453125043],[98.19101562500006,15.204101562499986],[98.24599609375,14.814746093749989],[99.13681640625012,13.716699218750009],[99.21982421875006,12.739746093750028],[99.40507812500007,12.547900390625017],[99.61474609374997,11.781201171875054],[99.19013671875004,11.105273437500017],[98.75722656250005,10.6609375],[98.7025390625,10.190380859374969],[98.37138671875007,9.290527343750057],[98.23818359375,8.423095703124986],[98.57919921875012,8.344287109375017],[99.05107421875007,7.887841796875009],[99.72031250000006,7.106201171875028],[99.6959960937501,6.876660156249983],[100.11914062499997,6.441992187499977],[100.34541015625004,6.54990234375002],[101.05351562500007,6.242578125000023],[101.25703125000004,5.789355468749974],[101.55605468750005,5.907763671875031],[101.87363281250006,5.82529296875002],[102.10107421874997,6.24223632812496],[101.49794921875,6.865283203124974],[101.01787109375002,6.860937499999977],[100.58623046875007,7.175976562500026],[100.45351562500005,7.442285156250009],[100.27939453125012,8.268505859375026],[99.9606445312501,8.671240234375006],[99.90468750000005,9.112890625],[99.7238281250001,9.314208984374986],[99.39384765625007,9.213720703125034],[99.16074218750012,9.734033203124994],[99.16503906250003,10.319824218750043],[99.48691406250012,10.889550781250037],[99.62734375000005,11.462890625000043],[99.98906250000002,12.170800781250023],[99.96396484375006,12.69003906250002],[100.08994140625006,13.045654296875],[100.01748046875005,13.353173828125023],[100.65605468750002,13.521289062499989],[100.96269531250002,13.431982421875006],[100.86328125000003,12.714501953125037],[101.44492187500006,12.618945312500017],[101.72363281249997,12.689355468749966],[102.76298828125007,12.012451171875],[102.93388671875007,11.706689453124966],[102.73662109375002,12.08979492187504],[102.75566406250002,12.426269531250014],[102.49960937500006,12.669970703125017],[102.3197265625,13.539990234374983],[102.72890625,13.841894531250034],[103.1994140625001,14.332617187499991],[104.7790039062501,14.427832031250034],[105.18330078125001,14.346240234374989]]]},"id":"THA"},{"type":"Feature","properties":{"name":"Tajikistan","iso_a3":"TJK","adm0_a3":"TJK"},"geometry":{"type":"Polygon","coordinates":[[[74.89130859375001,37.231640625],[74.74501953125005,38.510009765625],[74.27744140625,38.65976562500006],[73.80166015625005,38.60688476562504],[73.63164062500002,39.448876953124966],[73.2349609375,39.374560546874996],[72.04277343750002,39.3521484375],[71.40429687499997,39.59785156250004],[70.73310546875001,39.41328125],[70.60781250000002,39.564404296875],[69.59882812500001,39.573779296874996],[69.2291015625,39.76108398437498],[69.53027343749997,40.097314453124994],[69.966796875,40.20224609375],[70.45136718750001,40.04921875],[70.95800781249997,40.23886718750006],[70.38261718750002,40.45351562499999],[70.75097656249997,40.739599609375034],[70.44150390625,41.02343750000003],[69.71289062499997,40.65698242187497],[69.20625,40.56655273437502],[69.22832031250002,40.187597656250006],[68.65253906250004,40.18266601562499],[68.46328125000005,39.53671875],[67.71904296875002,39.62138671875002],[67.34960937500003,39.24208984375002],[67.67656250000002,39.008496093749955],[68.10351562500003,38.96201171874998],[68.04785156249997,38.669287109375034],[68.29404296875,38.03291015624998],[67.81435546875,37.487011718749955],[67.75898437500001,37.172216796875],[68.06777343750002,36.9498046875],[68.96044921874997,37.325048828125006],[69.26484375000001,37.1083984375],[69.49208984375002,37.553076171875],[70.25146484375,37.66416015625],[70.21464843750002,37.9244140625],[70.87890625,38.456396484375],[71.255859375,38.306982421875],[71.55195312500001,37.933154296874996],[71.43291015625002,37.1275390625],[71.80205078125002,36.694287109375],[72.89550781249997,37.26752929687501],[73.48134765625,37.47167968750003],[73.749609375,37.231787109375006],[74.25966796875,37.41542968750002],[74.89130859375001,37.231640625]]]},"id":"TJK"},{"type":"Feature","properties":{"name":"Turkmenistan","iso_a3":"TKM","adm0_a3":"TKM"},"geometry":{"type":"Polygon","coordinates":[[[66.52226562500002,37.34848632812498],[66.629296875,37.93203125000002],[65.85712890625004,38.26875],[65.61289062500006,38.238574218750045],[64.16279296875004,38.95361328125006],[62.650683593750074,39.858496093750006],[62.09501953125002,40.68330078125001],[61.95351562500005,41.03061523437498],[61.32890625000002,41.19511718750002],[60.45498046875005,41.22163085937498],[60.08964843750002,41.39941406249997],[60.10693359375003,41.90742187499998],[59.858300781249994,42.29516601562503],[59.45107421875005,42.29951171875004],[58.58906250000004,42.778466796874994],[58.259667968749994,42.68808593750006],[57.81425781250002,42.189843749999966],[57.381738281249994,42.15629882812499],[56.9640625000001,41.856542968750034],[57.01796875,41.26347656249999],[55.977441406249994,41.322216796874955],[55.545214843750074,41.26274414062502],[54.903710937499994,41.919091796874966],[54.120996093749994,42.33520507812503],[53.250097656250006,42.20585937499996],[52.49384765625004,41.780371093750034],[52.970019531250074,41.976220703124966],[53.84648437500002,42.091162109375034],[54.09482421875006,41.51938476562498],[54.59218750000005,41.193554687499955],[54.710058593750006,40.89111328124997],[53.870019531249994,40.64868164062497],[53.14521484375004,40.824951171875],[52.733691406250074,40.398730468750045],[52.9875,39.98759765625002],[53.40419921875005,39.960351562499994],[53.47226562500006,39.668798828125006],[53.124804687500074,39.43208007812501],[53.61757812499999,39.21596679687502],[53.86865234374997,38.94926757812496],[53.82353515625002,37.92792968749998],[53.914160156250006,37.34355468749996],[54.74521484375006,37.50190429687498],[55.07558593750005,37.902490234374966],[55.578417968750074,38.099755859374994],[56.228808593750074,38.073388671874966],[56.440625,38.24941406250002],[57.19355468750004,38.21640625000006],[57.42382812499997,37.94770507812504],[58.43574218750004,37.638525390625006],[58.81542968749997,37.68349609375002],[59.24082031250006,37.520751953125],[59.56220703125004,37.17890624999998],[60.062792968750074,36.96289062500003],[60.34130859374997,36.63764648437504],[61.11962890624997,36.64257812499997],[61.26201171875002,35.619580078125],[62.61054687500001,35.233154296875],[63.05664062499997,35.44580078125006],[63.10859375000001,35.818701171875],[63.8625,36.012353515624994],[64.51103515625002,36.340673828125],[64.81630859375,37.13208007812503],[65.55498046875002,37.251171875],[65.76503906250002,37.569140625],[66.52226562500002,37.34848632812498]]]},"id":"TKM"},{"type":"Feature","properties":{"name":"Timor-Leste","iso_a3":"TLS","adm0_a3":"TLS"},"geometry":{"type":"Polygon","coordinates":[[[125.06816406250007,-9.511914062499983],[125.40800781250002,-9.27578125],[126.38251953125004,-8.957617187500034],[126.91523437500004,-8.715234375000037],[126.61972656250006,-8.459472656249972],[125.80429687500012,-8.492187499999972],[125.17802734375007,-8.64785156249998],[124.922265625,-8.942480468749963],[125.06816406250007,-9.511914062499983]]]},"id":"TLS"},{"type":"Feature","properties":{"name":"Trinidad and Tobago","iso_a3":"TTO","adm0_a3":"TTO"},"geometry":{"type":"Polygon","coordinates":[[[-61.01210937500002,10.134326171875003],[-61.03374023437499,10.66987304687504],[-61.46474609374994,10.538964843750023],[-61.5966796875,10.064648437500026],[-61.01210937500002,10.134326171875003]]]},"id":"TTO"},{"type":"Feature","properties":{"name":"Tunisia","iso_a3":"TUN","adm0_a3":"TUN"},"geometry":{"type":"Polygon","coordinates":[[[9.51875,30.229394531249994],[9.89501953125,30.3873046875],[10.21640625,30.78320312499997],[10.114941406250011,31.463769531249994],[10.826367187500011,32.08066406249998],[11.504980468750006,32.413671875],[11.504589843750011,33.181933593749996],[11.202636718750028,33.24921875000001],[11.084570312500034,33.562890624999966],[10.722753906250034,33.51440429687503],[10.158984375000045,33.85004882812501],[10.20039062500004,34.346044921875006],[10.53486328125004,34.54472656249996],[11.1201171875,35.24028320312502],[11.004296875000023,35.63383789062499],[10.5908203125,35.88725585937502],[10.525683593750045,36.323339843750034],[11.126660156250011,36.87407226562496],[10.5712890625,36.87944335937499],[10.196386718750006,37.20585937499996],[9.68798828125,37.34038085937502],[8.576562500000023,36.93720703125],[8.230761718750017,36.545263671875],[8.245703125,35.870556640625],[8.394238281250011,35.203857421875],[8.24560546875,34.73408203125],[7.513867187500011,34.080517578125],[7.500195312500011,33.832470703125],[7.7626953125,33.23310546875],[8.2109375,32.926708984375],[8.333398437500023,32.543603515624994],[9.044042968750006,32.07236328125006],[9.51875,30.229394531249994]]]},"id":"TUN"},{"type":"Feature","properties":{"name":"Turkey","iso_a3":"TUR","adm0_a3":"TUR"},"geometry":{"type":"MultiPolygon","coordinates":[[[[43.43945312499997,41.10712890625001],[42.78789062500002,41.563720703125],[42.46640625,41.43984375000005],[41.51005859375002,41.517480468749994],[40.95947265625003,41.21162109374998],[40.265234375,40.96132812499999],[39.42636718750006,41.10644531249997],[38.3810546875001,40.92451171875004],[36.50966796875005,41.2625],[36.05175781250003,41.68256835937501],[35.297753906249994,41.72851562500006],[34.75048828125003,41.95683593750002],[33.38134765624997,42.01757812499997],[32.30644531250002,41.729589843750006],[31.45800781250003,41.320019531249955],[31.25488281250003,41.10761718750004],[29.32226562500003,41.22773437499998],[29.36474609374997,40.80927734375001],[28.28906250000003,40.40302734375001],[27.475585937500057,40.31992187500006],[26.738085937500074,40.40024414062498],[26.181347656250068,39.990087890625006],[26.113085937500017,39.467382812500006],[26.681835937500068,39.29223632812503],[27.013671875,38.88686523437505],[26.763671875000057,38.709619140624994],[26.68281250000001,38.198339843750006],[27.23242187499997,37.97866210937502],[27.07783203125001,37.68769531249998],[27.34892578124999,37.019580078125045],[28.133691406249994,37.02949218750001],[28.483593750000068,36.803808593750034],[29.038281249999983,36.693457031250034],[29.143261718750068,36.397216796875],[29.689062500000063,36.15668945312501],[30.483593750000097,36.31040039062498],[30.64404296875003,36.86567382812504],[31.35253906250003,36.80107421875002],[32.02197265624997,36.535302734374966],[32.377734375000074,36.18364257812499],[32.79482421875005,36.035888671875],[33.694726562499994,36.181982421875006],[34.60136718750002,36.78447265625002],[35.53740234375002,36.597021484375006],[36.04892578125006,36.91059570312504],[36.18847656249997,36.65898437500002],[35.8109375,36.309863281250045],[35.892675781250006,35.91655273437502],[36.12734375000002,35.831445312499994],[36.65859375,36.80253906249996],[37.43632812500002,36.64331054687503],[38.19169921875002,36.9015625],[38.7666015625,36.693115234375],[39.35664062500001,36.681591796875],[40.01640625000002,36.826074218749994],[40.705664062500006,37.09770507812496],[41.515527343749994,37.08916015624999],[42.2685546875,37.2765625],[42.358984375,37.10859375],[42.77460937500001,37.371875],[44.76513671874997,37.142431640625006],[44.5612304687501,37.74462890625006],[44.21132812500005,37.908056640625034],[44.4308593750001,38.35678710937506],[44.023242187500074,39.37744140624997],[44.81718750000002,39.65043945312499],[44.7682617187501,39.703515624999966],[44.2892578125001,40.040380859375034],[43.7916992187501,40.07026367187498],[43.56933593749997,40.48237304687501],[43.72265625000003,40.71953125000002],[43.43945312499997,41.10712890625001]]],[[[26.320898437500006,41.716552734375],[26.624902343750023,41.401757812499994],[26.038964843750023,40.72675781249998],[26.10546874999997,40.611328125],[27.25800781250004,40.687353515625034],[27.499414062500023,40.97314453125],[28.172167968750017,41.080712890624966],[28.780371093750034,40.97416992187502],[29.057226562500034,41.22973632812506],[28.346386718749983,41.46635742187502],[28.014453125000017,41.969042968749996],[27.294921875,42.079541015625],[26.615332031250006,41.964892578124996],[26.320898437500006,41.716552734375]]]]},"id":"TUR"},{"type":"Feature","properties":{"name":"Taiwan","iso_a3":"TWN","adm0_a3":"TWN"},"geometry":{"type":"Polygon","coordinates":[[[121.00878906250003,22.620361328125],[121.29589843749997,22.966601562500017],[121.92900390625002,24.973730468750006],[121.59365234375,25.275341796874983],[121.04062500000012,25.032812500000063],[120.15898437500002,23.709033203125017],[120.07246093750004,23.149755859375034],[120.32558593750005,22.54243164062501],[120.58125,22.356396484374955],[121.00878906250003,22.620361328125]]]},"id":"TWN"},{"type":"Feature","properties":{"name":"Tanzania","iso_a3":"TZA","adm0_a3":"TZA"},"geometry":{"type":"Polygon","coordinates":[[[29.403222656249994,-4.449316406250034],[29.3427734375,-4.983105468750011],[29.59414062499999,-5.650781250000023],[29.480078125,-6.025],[29.70966796875001,-6.616894531250011],[30.31318359375001,-7.203710937500006],[30.75117187500001,-8.193652343750003],[31.07636718750001,-8.611914062500006],[31.35058593749997,-8.60703125000002],[31.94257812500001,-9.054003906250003],[32.433203125,-9.15634765625002],[32.91992187499997,-9.407421875000011],[34.320898437500006,-9.731542968749963],[34.52421875000002,-10.030175781249952],[34.6618164062501,-10.710058593750006],[34.59765624999997,-11.0375],[34.95947265624997,-11.578125],[35.630957031250006,-11.58203125],[35.78544921875002,-11.452929687500003],[36.518652343750006,-11.716210937500009],[36.97890625,-11.566992187499963],[37.54169921875001,-11.675097656250003],[37.92021484375002,-11.294726562500003],[38.491796875,-11.413281250000011],[38.79472656250002,-11.22890625],[39.32158203125002,-11.122558593750014],[39.98867187500002,-10.82080078125],[40.46357421875001,-10.46435546875],[39.78378906250006,-9.914550781250028],[39.30400390625002,-8.443847656249986],[39.441015625,-8.011523437500017],[39.28847656250005,-7.517871093749989],[39.5192382812501,-7.124121093749977],[39.47236328125004,-6.878613281249969],[38.87402343749997,-6.33125],[38.819238281249994,-5.877636718749969],[39.22177734375006,-4.692382812499986],[37.79726562499999,-3.674414062499991],[37.60869140625002,-3.460253906249974],[37.64384765625002,-3.045410156250014],[35.83691406250003,-2.036621093750014],[33.979394531249994,-1.00205078125002],[33.903222656249994,-1.00205078125002],[32.905175781249994,-1.00205078125002],[30.741992187500017,-1.007519531250011],[30.50996093750001,-1.067285156250009],[30.812597656250006,-1.563085937500006],[30.828710937500006,-2.338476562500006],[30.553613281249994,-2.400097656249997],[30.515039062500023,-2.917578125],[30.79023437500001,-3.274609375000011],[30.425,-3.5888671875],[30.14716796875001,-4.085351562500009],[29.71777343749997,-4.455859375000031],[29.403222656249994,-4.449316406250034]]]},"id":"TZA"},{"type":"Feature","properties":{"name":"Uganda","iso_a3":"UGA","adm0_a3":"UGA"},"geometry":{"type":"Polygon","coordinates":[[[29.576953125000017,-1.387890625000011],[30.1015625,-1.36865234375],[30.50996093750001,-1.067285156250009],[30.741992187500017,-1.007519531250011],[32.905175781249994,-1.00205078125002],[33.903222656249994,-1.00205078125002],[33.94316406250002,0.173779296874997],[34.48173828125002,1.04213867187498],[34.78759765624997,1.230712890625028],[34.96523437499999,1.643359374999974],[34.96406250000001,2.062402343749994],[34.74248046875002,2.818115234375],[34.447851562500006,3.163476562499994],[34.39287109375002,3.691503906249977],[34.16503906249997,3.812988281250043],[33.97607421875,4.22021484375],[33.489355468750006,3.755078125],[32.83808593750001,3.798486328124994],[32.33574218750002,3.706201171874994],[32.09941406250002,3.529199218749994],[31.79804687500001,3.802636718749994],[31.47998046875,3.680468749999989],[31.15234375,3.785595703124997],[30.83857421875001,3.49072265625],[30.728613281250006,2.455371093749989],[31.176367187500006,2.270068359374989],[31.252734375000017,2.044580078124994],[30.94257812500001,1.6828125],[29.94287109375,0.819238281249994],[29.934472656250023,0.4990234375],[29.717675781250023,0.098339843749997],[29.561914062500023,-0.97734375],[29.576953125000017,-1.387890625000011]]]},"id":"UGA"},{"type":"Feature","properties":{"name":"Ukraine","iso_a3":"UKR","adm0_a3":"UKR"},"geometry":{"type":"Polygon","coordinates":[[[23.605273437500017,51.517919921875],[24.105761718750017,50.844970703125],[23.711718750000017,50.37734375],[22.6494140625,49.539013671875],[22.538671875,49.072705078125],[22.1318359375,48.405322265624996],[22.87666015625001,47.947265625],[23.20263671875,48.084521484374996],[24.893359375000017,47.7177734375],[26.162695312500006,47.992529296875],[26.618945312500017,48.25986328125],[27.549218750000023,48.477734375],[29.19482421875,47.882421875],[29.159765625,47.4556640625],[29.54931640625,47.246826171875],[29.877832031250023,46.82890625],[29.837890625,46.350537109375],[29.146289062500017,46.526904296874996],[28.94775390625,46.049951171874994],[28.2125,45.450439453125],[28.7607421875,45.234130859375],[29.223535156250023,45.4029296875],[29.705859375000017,45.259912109374994],[29.601660156250176,45.68251953125019],[30.219042968750188,45.866748046875244],[30.79628906250022,46.55200195312523],[31.97431640625021,46.7087890625001],[32.03574218750012,46.26098632812517],[32.4767578125001,46.08369140625021],[33.20224609375012,46.17573242187504],[33.59414062500011,46.09624023437502],[33.65996518914099,46.219572831556405],[34.686878348314764,45.97695049175158],[35.00167423940715,45.73338320565327],[34.84960937500014,46.18989257812518],[35.8271484375002,46.624316406250216],[36.27949218750015,46.65859375000028],[37.33984375000014,46.916894531250136],[37.54335937500022,47.07456054687509],[38.21435546874997,47.091455078124994],[38.28740234375002,47.55917968749998],[38.900292968749994,47.855126953124966],[39.7359375,47.844824218750006],[39.961035156250006,48.237939453124966],[39.68652343749997,49.00791015624998],[40.0700195312501,49.200292968750006],[39.78056640625002,49.57202148437497],[39.17480468749997,49.85595703125],[38.25859375000002,50.052343750000034],[38.046875,49.920019531250006],[37.42285156250003,50.411474609375034],[36.61943359375002,50.20922851562503],[35.41162109374997,50.53969726562502],[35.311914062499994,51.04389648437498],[34.280664062499994,51.311669921874994],[34.39785156250005,51.78041992187502],[33.735253906249994,52.34477539062499],[32.50791015625006,52.30854492187498],[31.76337890625001,52.10107421875],[30.98066406250001,52.046191406249996],[30.533007812500017,51.596337890624994],[29.346484375000017,51.382568359375],[29.135644531250023,51.61728515625],[28.599023437500023,51.542626953124994],[27.270117187500006,51.613574218749996],[27.141992187500023,51.75205078125],[25.92529296875,51.913525390625],[24.361914062500006,51.867529296875],[23.605273437500017,51.517919921875]]]},"id":"UKR"},{"type":"Feature","properties":{"name":"Uruguay","iso_a3":"URY","adm0_a3":"URY"},"geometry":{"type":"Polygon","coordinates":[[[-58.201171875,-32.4716796875],[-58.08232421874999,-32.893652343750006],[-58.35336914062499,-33.26005859375],[-58.40019531249999,-33.91240234375],[-57.8291015625,-34.47734375],[-57.17070312499999,-34.45234375000001],[-56.85517578125,-34.67666015625001],[-56.117919921875,-34.90791015625001],[-55.67314453124999,-34.77568359375],[-54.902294921875,-34.93281250000001],[-54.16855468749999,-34.670703125],[-53.785302734374994,-34.38037109375],[-53.37060546875,-33.7421875],[-53.531347656250006,-33.170898437499986],[-53.125585937500034,-32.73671875],[-53.601708984374994,-32.40302734375001],[-53.76171875,-32.05683593750001],[-54.220556640625006,-31.855175781249983],[-54.587646484375,-31.48515625],[-55.254638671875,-31.2255859375],[-55.55732421875,-30.8759765625],[-55.873681640624994,-31.069628906250003],[-56.17617187499999,-30.62841796875],[-56.83271484375,-30.107226562500003],[-57.214453125000034,-30.28339843749997],[-57.60888671875,-30.18779296875003],[-57.872509765625,-30.59101562500001],[-57.81059570312499,-30.85859375000001],[-58.18901367187499,-31.92421875],[-58.201171875,-32.4716796875]]]},"id":"URY"},{"type":"Feature","properties":{"name":"United States of America","iso_a3":"USA","adm0_a3":"USA"},"geometry":{"type":"MultiPolygon","coordinates":[[[[-74.70888671874994,45.003857421874955],[-75.17939453124995,44.89936523437515],[-76.46459960937494,44.0576171875],[-76.81997070312497,43.62880859375002],[-78.72041015624998,43.62495117187504],[-79.171875,43.466552734375114],[-79.03671875000003,42.80234374999998],[-80.24755859374997,42.36601562499999],[-81.27763671874996,42.2091796875001],[-82.43906249999995,41.67485351562496],[-83.14194335937498,41.97587890624999],[-83.07314453125,42.30029296875],[-82.54531250000002,42.62470703125001],[-82.13784179687505,43.57089843750006],[-82.55107421874996,45.34736328125004],[-83.59267578125005,45.817138671875085],[-83.977783203125,46.08491210937501],[-84.19218749999999,46.549560546875],[-84.56176757812494,46.45737304687512],[-84.87597656250003,46.89990234375006],[-88.37817382812494,48.303076171875006],[-89.4556640625,47.99624023437511],[-90.84033203125,48.20053710937498],[-91.518310546875,48.05830078125015],[-92.99624023437502,48.61181640625003],[-93.70771484375001,48.52543945312502],[-94.62089843749999,48.74262695312501],[-95.16206054687501,48.99174804687496],[-97.10346679687501,48.9931640625],[-99.23535156250001,48.99311523437515],[-101.36728515624993,48.99311523437498],[-103.92558593749995,48.99311523437498],[-105.63110351562496,48.99311523437515],[-109.46855468749997,48.993066406249966],[-112.02680664062498,48.993066406249966],[-113.732373046875,48.993066406249966],[-116.717041015625,48.993066406249966],[-120.55449218750002,48.99301757812498],[-122.78876953125001,48.99301757812506],[-122.24199218749999,48.01074218750006],[-123.97578124999998,48.16845703125003],[-124.63261718749995,48.37504882812502],[-124.62109375,47.904150390625006],[-124.37602539062499,47.65864257812498],[-124.07167968749998,46.744775390624966],[-123.92934570312494,45.57695312499999],[-124.14873046874996,43.69174804687498],[-124.53964843750002,42.81289062499999],[-124.06850585937495,41.384179687499966],[-124.37167968749999,40.49121093750006],[-124.32402343749996,40.25195312499997],[-123.88447265624994,39.860791015624955],[-123.70112304687498,38.90727539062502],[-122.46689453124998,37.83818359375002],[-122.39492187499998,37.20751953125006],[-121.78999023437501,36.732275390625034],[-121.87739257812497,36.3310546875],[-120.86030273437497,35.36542968750001],[-120.63359374999997,35.076464843750045],[-120.64467773437501,34.57998046875005],[-120.48120117187501,34.47163085937501],[-119.60605468749998,34.41801757812502],[-119.14375,34.11201171875001],[-118.50620117187499,34.01738281250002],[-117.46743164062502,33.295507812500034],[-117.12827148437502,32.533349609374994],[-114.72475585937502,32.71533203125006],[-114.83593750000001,32.50830078125006],[-112.93896484375,31.916259765625057],[-111.04199218749999,31.324218750000057],[-108.214453125,31.329443359375063],[-108.21181640625001,31.77934570312496],[-106.45322265625002,31.77016601562505],[-106.25571289062502,31.54467773437503],[-104.97880859375003,30.645947265624983],[-104.40063476562501,29.57373046875003],[-103.25771484374995,29.001123046874994],[-102.89199218749997,29.216406249999977],[-102.73417968749997,29.64394531250005],[-102.26894531249995,29.871191406249977],[-101.440380859375,29.77685546875003],[-100.65864257812498,29.068554687499983],[-100.29604492187501,28.327685546875017],[-99.50532226562495,27.54833984374997],[-99.44355468749998,27.03666992187499],[-99.10776367187496,26.446923828125023],[-98.0828125,26.064453125],[-97.35815429687503,25.870507812499994],[-97.14624023437503,25.961474609375074],[-97.40234374999997,26.39653320312496],[-97.5546875,26.96733398437499],[-97.17143554687502,27.879589843749955],[-97.15649414062497,28.14433593749999],[-96.56171874999995,28.367138671874983],[-96.44873046875003,28.59448242187503],[-95.85341796875,28.64033203125004],[-95.27348632812496,28.963867187500057],[-94.88828125,29.37055664062504],[-93.69482421874997,29.76992187500005],[-93.17568359374997,29.778955078125023],[-92.26083984375003,29.556835937499983],[-91.8931640625,29.836035156250006],[-91.33095703124994,29.51357421875005],[-91.29013671874998,29.288964843750023],[-90.75102539062502,29.130859375000057],[-90.37919921874993,29.29511718750004],[-90.10136718749999,29.181787109375023],[-89.589501953125,29.91503906250003],[-90.41303710937498,30.14033203125001],[-90.22529296874993,30.379296875000023],[-89.58847656249995,30.165966796874983],[-88.90522460937495,30.415136718750034],[-87.790283203125,30.291796875000045],[-86.25737304687499,30.493017578125006],[-85.35361328124998,29.875732421875],[-85.31894531250003,29.68022460937496],[-84.3828125,29.907373046874966],[-84.04423828124993,30.103808593750017],[-83.69438476562499,29.92597656250004],[-83.29047851562495,29.451904296875],[-82.65146484374998,28.8875],[-82.66064453124997,28.48583984375],[-82.84350585937503,27.845996093750045],[-82.66088867187503,27.718408203124966],[-82.44135742187498,27.059667968749977],[-81.86655273437503,26.435009765624983],[-81.71547851562497,25.98315429687503],[-81.36494140624998,25.831054687500057],[-81.09765624999997,25.319140625000045],[-80.73652343749993,25.156347656250006],[-80.36694335937497,25.33125],[-80.12636718749997,25.83349609375003],[-80.04130859374996,26.56860351562503],[-80.22612304687496,27.20703124999997],[-80.65009765625001,28.180908203125057],[-80.52412109375001,28.486083984375057],[-80.9,29.04985351562499],[-81.24951171875,29.793798828125006],[-81.52041015624994,30.87465820312505],[-80.84921874999998,32.113916015624994],[-79.27602539062502,33.135400390624994],[-78.92031249999994,33.65869140625003],[-78.57768554687496,33.873242187499955],[-78.013330078125,33.91181640624998],[-77.75073242187497,34.28496093749999],[-76.74497070312498,34.94096679687496],[-76.51293945312494,35.27041015625002],[-75.77392578125003,35.64697265625],[-75.77221679687503,35.89990234375],[-76.47880859375002,36.028173828125034],[-75.89042968749996,36.65703124999999],[-76.26347656250002,37.357031250000034],[-76.2642578125,37.8935546875],[-76.50131835937498,38.53217773437498],[-75.65927734375003,37.95395507812506],[-75.03588867187494,38.503320312499966],[-75.39218749999998,39.09277343749997],[-74.89702148437499,39.14545898437498],[-74.42880859374998,39.38720703125003],[-74.17612304687503,39.72661132812496],[-73.9576171875,40.328369140625],[-74.22670898437494,40.608007812500034],[-73.58300781249997,41.021875],[-72.84716796875,41.26586914062503],[-71.52285156250002,41.37895507812499],[-71.4265625,41.63330078125003],[-70.65712890624997,41.53422851562499],[-70.40468749999997,41.626904296874955],[-70.73828124999997,42.228857421875034],[-71.04619140624999,42.33110351562499],[-70.82905273437498,42.82534179687505],[-70.17880859375003,43.766357421875],[-69.79160156250003,43.80522460937502],[-68.27744140625,44.50737304687496],[-67.90703125,44.45361328125003],[-67.10673828124999,44.88505859374999],[-67.12485351562503,45.16943359375003],[-67.47255859375,45.27587890625003],[-67.43266601562496,45.603125],[-67.78466796874997,45.70170898437502],[-67.80678710937497,47.08281250000002],[-68.31088867187498,47.35449218750003],[-68.82871093749998,47.203320312499955],[-69.24287109374995,47.462988281250006],[-70.00771484375,46.708935546874955],[-70.29624023437498,45.906103515625006],[-70.89799804687502,45.26245117187506],[-71.32729492187497,45.29008789062499],[-71.51752929687501,45.007568359375],[-74.70888671874994,45.003857421874955]]],[[[-130.2140625,55.02587890625006],[-130.03657226562498,55.29790039062496],[-130.02509765625004,55.88823242187496],[-130.74169921875,56.34082031249997],[-131.86616210937504,56.792822265625034],[-133.82075195312498,58.70502929687507],[-134.94375,59.28828125000004],[-135.47592773437503,59.793261718750074],[-136.321826171875,59.60483398437506],[-136.57875976562502,59.15224609375005],[-137.43857421875003,58.903125],[-137.59331054687502,59.22626953125001],[-139.18515624999998,60.08359375000006],[-141.0021484375,60.30024414062498],[-141.0021484375,61.469042968750045],[-141.0021484375,63.806689453125045],[-141.0021484375,65.85214843750003],[-141.0021484375,67.60537109375016],[-141.0021484375,69.65078125000014],[-141.40791015625,69.65336914062505],[-143.21831054687496,70.11625976562502],[-145.19736328125,70.00869140624997],[-145.82314453124997,70.16005859374997],[-147.70537109375,70.21723632812498],[-149.26943359374997,70.50078125000002],[-151.94467773437498,70.45209960937495],[-152.23291015625,70.81035156250005],[-153.23291015624997,70.93256835937498],[-154.19521484375,70.801123046875],[-155.16684570312498,71.09921875],[-156.78330078125003,71.3189453125],[-157.99848632812498,70.84531250000006],[-159.31450195312493,70.87851562499998],[-160.9962890625,70.30458984375002],[-161.88095703125003,70.33173828124995],[-162.952099609375,69.75810546875007],[-163.16147460937503,69.38793945312497],[-164.30234375000003,68.93647460937501],[-166.20908203125,68.88535156249998],[-166.38051757812502,68.42514648437503],[-164.1251953125,67.60673828125002],[-163.72055664062498,67.195556640625],[-163.001708984375,67.02729492187498],[-161.9654296875,67.049560546875],[-161.85668945312497,66.700341796875],[-160.86401367187497,66.67084960937504],[-160.23168945312503,66.42026367187506],[-161.55683593749998,66.25053710937502],[-161.81630859375,66.05366210937498],[-163.69536132812502,66.08383789062498],[-163.77548828124998,66.53110351562498],[-164.67412109375002,66.55502929687498],[-168.08837890624997,65.65776367187505],[-167.40400390624998,65.422119140625],[-166.14277343749998,64.58276367187497],[-164.89951171875,64.46064453124998],[-163.71308593749998,64.58823242187503],[-162.80703124999997,64.37421875000004],[-161.759375,64.81625976562503],[-160.93193359374993,64.57910156250003],[-160.77856445312497,63.81894531249998],[-161.09970703125003,63.55791015624999],[-161.97397460937498,63.45292968750002],[-163.358837890625,63.045751953125034],[-164.409033203125,63.215039062499955],[-165.19453124999998,62.473535156249966],[-166.07880859375,61.803125],[-165.56586914062495,61.102343750000045],[-164.80517578124997,60.89204101562501],[-165.35380859375002,60.54121093750004],[-164.662255859375,60.30380859374998],[-163.90688476562502,59.806787109374994],[-163.21938476562502,59.845605468749994],[-162.24248046874996,60.178320312500006],[-161.82871093750003,59.58862304687503],[-161.75546875000003,58.61201171875004],[-160.36313476562498,59.051171874999966],[-159.67026367187503,58.91113281250003],[-159.08266601562497,58.46977539062502],[-158.50317382812494,58.850341796875],[-157.52363281249995,58.42133789062498],[-157.60756835937502,57.60146484375002],[-158.32094726562497,57.29790039062502],[-159.28310546874997,56.688574218750034],[-160.30205078125,56.31411132812505],[-160.85131835937494,55.771875],[-161.215625,56.02143554687501],[-162.15712890624997,55.71943359375004],[-162.961962890625,55.183837890625],[-162.86503906249996,54.95454101562498],[-162.073974609375,55.139306640624966],[-161.74155273437498,55.391162109375045],[-161.09951171874997,55.40571289062498],[-159.96230468750002,55.794873046874955],[-159.52324218750002,55.81000976562501],[-158.27563476562494,56.19624023437501],[-158.41440429687498,56.43583984374996],[-157.578369140625,56.63447265625004],[-156.47514648437496,57.10517578125001],[-156.47841796875002,57.32788085937497],[-155.006884765625,58.01606445312504],[-154.24702148437498,58.15942382812503],[-154.01987304687498,58.49296875000002],[-153.33442382812507,58.85786132812501],[-154.129833984375,59.11987304687503],[-154.08833007812498,59.36328125000006],[-153.10605468749998,59.875048828125045],[-151.75048828125003,60.75488281250006],[-151.73398437499998,60.910742187500006],[-150.61225585937507,61.301123046875034],[-150.44125976562503,61.023583984374994],[-151.32177734375,60.742919921875],[-151.45146484374996,60.20263671874997],[-151.73452148437497,59.98833007812502],[-151.73818359375002,59.188525390625074],[-150.9607421875,59.243994140625006],[-149.43222656249998,60.001025390625045],[-148.43071289062496,59.989111328125006],[-148.19760742187498,60.16777343749999],[-148.34443359374995,60.85356445312499],[-146.8740234375,61.0048828125],[-145.898876953125,60.478173828124994],[-144.901318359375,60.33515624999998],[-143.80507812499997,60.012890624999955],[-142.94565429687503,60.096972656250045],[-141.67016601562494,59.969873046874994],[-140.84316406249997,59.748876953125006],[-140.21674804687498,59.726660156250006],[-138.35249023437495,59.08730468750005],[-137.543994140625,58.581201171874966],[-136.58261718749998,58.245214843750006],[-135.86171875000002,58.57705078125002],[-135.3025390625,58.255908203125045],[-134.77612304687503,58.45385742187506],[-134.06333007812503,58.211083984374966],[-133.55419921874994,57.695068359375],[-133.465869140625,57.17216796874996],[-132.81425781250002,57.04072265625001],[-131.84384765625003,56.16010742187501],[-131.28759765625003,56.012109374999966],[-130.91855468749998,55.73598632812502],[-131.04785156249994,55.15766601562498],[-130.57534179687497,54.769677734374994],[-130.2140625,55.02587890625006]]],[[[-155.58134765624993,19.012011718750017],[-154.80419921875,19.524462890625074],[-155.198779296875,19.99438476562497],[-155.83164062499998,20.27583007812501],[-156.04868164062503,19.74995117187501],[-155.88129882812504,19.070507812499955],[-155.58134765624993,19.012011718750017]]],[[[-72.509765625,40.986035156249955],[-73.57382812499998,40.91962890625001],[-73.19428710937493,40.65419921875002],[-72.509765625,40.986035156249955]]],[[[-163.476025390625,54.980712890625],[-164.52978515625,54.880859375],[-164.88764648437498,54.607812499999966],[-164.4634765625,54.42734375000006],[-163.35810546875004,54.735693359375006],[-163.476025390625,54.980712890625]]],[[[-130.979150390625,55.48916015625002],[-131.26923828125,55.95537109374996],[-131.624951171875,55.831689453124994],[-131.810986328125,55.22309570312498],[-131.08276367187494,55.26679687500001],[-130.979150390625,55.48916015625002]]],[[[-133.56611328124998,56.339208984375006],[-133.44697265625004,55.79702148437502],[-132.78232421874998,55.04848632812505],[-131.98085937499997,54.80483398437505],[-131.97641601562503,55.20859375000006],[-133.20297851562498,56.31982421875006],[-133.56611328124998,56.339208984375006]]],[[[-133.3662109375,57.00351562499998],[-133.86596679687494,57.068701171875034],[-133.602783203125,56.46411132812506],[-133.212646484375,56.46459960937497],[-132.954150390625,56.88027343750002],[-133.3662109375,57.00351562499998]]],[[[-134.96977539062493,57.35141601562498],[-135.787109375,57.31728515625005],[-134.62070312499998,56.71831054687496],[-134.96977539062493,57.35141601562498]]],[[[-152.89804687499998,57.823925781249955],[-153.81835937499994,57.595605468749994],[-154.28144531249998,57.63808593750002],[-154.70595703124997,57.335351562499994],[-154.33896484374998,56.92089843750003],[-153.793212890625,56.98950195312497],[-152.21621093749997,57.577001953125034],[-152.89804687499998,57.823925781249955]]],[[[-135.73037109375002,58.24423828124998],[-136.51230468749998,58.095996093750074],[-136.076611328125,57.674560546875],[-135.08486328124997,57.51103515624999],[-135.00209960937497,58.051074218750045],[-135.73037109375002,58.24423828124998]]],[[[-134.68027343750003,58.16166992187502],[-134.65986328124995,57.63808593750002],[-134.43530273437494,57.056982421875034],[-133.92529296874997,57.336767578125006],[-133.93701171874994,57.58159179687499],[-134.68027343750003,58.16166992187502]]],[[[-166.13544921875,60.38354492187497],[-167.13886718749995,60.00854492187506],[-166.18754882812496,59.77382812500002],[-165.591796875,59.913134765625074],[-165.72968750000004,60.31420898437497],[-166.13544921875,60.38354492187497]]],[[[-171.46303710937502,63.64003906250002],[-169.77778320312498,63.09375],[-170.43041992187497,63.698828125000034],[-171.46303710937502,63.64003906250002]]]]},"id":"USA"},{"type":"Feature","properties":{"name":"Uzbekistan","iso_a3":"UZB","adm0_a3":"UZB"},"geometry":{"type":"Polygon","coordinates":[[[67.75898437500001,37.172216796875],[67.81435546875,37.487011718749955],[68.29404296875,38.03291015624998],[68.04785156249997,38.669287109375034],[68.10351562500003,38.96201171874998],[67.67656250000002,39.008496093749955],[67.34960937500003,39.24208984375002],[67.71904296875002,39.62138671875002],[68.46328125000005,39.53671875],[68.65253906250004,40.18266601562499],[69.22832031250002,40.187597656250006],[69.20625,40.56655273437502],[69.71289062499997,40.65698242187497],[70.44150390625,41.02343750000003],[70.75097656249997,40.739599609375034],[70.38261718750002,40.45351562499999],[70.95800781249997,40.23886718750006],[71.69248046875,40.15234375],[73.112890625,40.786035156249994],[72.62041015625002,40.8837890625],[71.79248046874997,41.41313476562502],[71.40839843750001,41.136035156249996],[70.78242187500001,41.2625],[70.18095703125002,41.571435546874994],[70.84189453125,42.01962890625],[70.94677734375,42.248681640624994],[70.41601562499997,42.078564453124955],[70.09560546875,41.820507812499955],[69.06494140624997,41.36694335937503],[68.29189453125005,40.65610351562498],[67.93574218750004,41.196582031250045],[66.81425781250002,41.14238281250002],[66.6686523437501,41.27075195312506],[66.4986328125,41.99487304687506],[66.00957031250002,42.00488281250006],[66.10029296875004,42.990820312500006],[65.80302734375007,42.87695312499997],[65.49619140625006,43.31054687500003],[64.90546875000004,43.714697265625034],[64.44316406250002,43.55117187500002],[63.20703124999997,43.62797851562496],[61.99023437499997,43.49213867187498],[61.160742187500006,44.168603515624966],[61.00791015625006,44.393798828125],[58.555273437500006,45.555371093749955],[55.975683593750006,44.99492187499999],[55.976464843749994,43.38808593750002],[55.977441406249994,41.322216796874955],[57.01796875,41.26347656249999],[56.9640625000001,41.856542968750034],[57.381738281249994,42.15629882812499],[57.81425781250002,42.189843749999966],[58.259667968749994,42.68808593750006],[58.58906250000004,42.778466796874994],[59.45107421875005,42.29951171875004],[59.858300781249994,42.29516601562503],[60.10693359375003,41.90742187499998],[60.08964843750002,41.39941406249997],[60.45498046875005,41.22163085937498],[61.32890625000002,41.19511718750002],[61.95351562500005,41.03061523437498],[62.09501953125002,40.68330078125001],[62.650683593750074,39.858496093750006],[64.16279296875004,38.95361328125006],[65.61289062500006,38.238574218750045],[65.85712890625004,38.26875],[66.629296875,37.93203125000002],[66.52226562500002,37.34848632812498],[67.06884765625,37.334814453125],[67.75898437500001,37.172216796875]]]},"id":"UZB"},{"type":"Feature","properties":{"name":"Venezuela","iso_a3":"VEN","adm0_a3":"VEN"},"geometry":{"type":"Polygon","coordinates":[[[-60.742138671875,5.202050781249994],[-61.37680664062499,5.906982421875],[-61.12871093749999,6.214306640624997],[-61.145605468750034,6.69453125],[-60.39501953125,6.945361328124989],[-60.71923828125,7.498681640624994],[-60.513623046875,7.813183593749997],[-60.03242187500001,8.05356445312502],[-59.83164062499999,8.305957031249989],[-60.017529296875,8.54931640625],[-60.80097656249998,8.592138671874963],[-61.30400390624996,8.410400390624986],[-61.053076171875006,9.095117187500037],[-60.79248046874994,9.360742187499966],[-62.51513671874997,10.176123046874991],[-62.84301757812497,10.417919921875054],[-62.70234375000001,10.749804687499989],[-63.87343749999994,10.66376953125004],[-64.85048828124997,10.098095703124997],[-65.12910156249995,10.070068359374972],[-65.85175781250001,10.257763671875011],[-66.24721679687502,10.632226562500009],[-66.98906249999999,10.61064453124996],[-67.87163085937493,10.47207031249998],[-68.23408203124998,10.569140625000031],[-68.39863281250001,11.160986328124991],[-68.827978515625,11.431738281250006],[-69.63159179687503,11.479931640625054],[-70.00395507812493,12.177880859375037],[-70.28652343749997,11.886035156250003],[-70.23251953124998,11.372998046875026],[-71.46953124999999,10.964160156250045],[-71.54462890624993,10.778710937500009],[-71.38662109375,10.263769531249991],[-71.05268554687498,9.705810546875014],[-71.08583984375,9.348242187499991],[-71.29794921875003,9.125634765625037],[-71.68671875000001,9.072509765625043],[-72.11284179687496,9.815576171874994],[-71.59433593750003,10.65737304687498],[-71.94697265625001,11.414453125000037],[-71.86865234374994,11.627343749999966],[-71.31972656249994,11.861914062499977],[-71.95810546874998,11.666406250000023],[-72.24848632812498,11.196435546875023],[-72.69008789062497,10.835839843750009],[-72.86933593749998,10.491259765624974],[-73.00654296874995,9.789160156250034],[-73.35634765625,9.22685546874996],[-72.79638671874994,9.10898437500002],[-72.66542968750002,8.627587890624994],[-72.41655273437502,8.381982421874966],[-72.44296874999998,7.454882812500003],[-72.08427734375002,7.096875],[-71.01328124999995,6.994433593749989],[-70.65507812499999,7.082763671875043],[-70.09501953125002,6.937939453125026],[-69.43925781250002,6.134912109375037],[-68.47177734374998,6.156542968750003],[-67.85917968749999,6.289892578124991],[-67.43935546874997,6.025537109375037],[-67.82490234375001,5.27045898437504],[-67.85527343749999,4.506884765625003],[-67.66162109374997,3.8642578125],[-67.31113281249998,3.415869140625048],[-67.83476562499999,2.892822265624972],[-67.21083984374997,2.390136718749972],[-66.87602539062496,1.223046874999966],[-66.42924804687499,0.821679687500009],[-66.06005859375,0.785351562499969],[-65.68144531249996,0.983447265625003],[-65.36083984375,0.868652343749986],[-65.10375976562494,1.108105468749997],[-64.11484375,1.619287109374966],[-64.03544921874999,1.904443359374966],[-63.393945312499966,2.22250976562502],[-63.38925781249998,2.411914062499974],[-63.92416992187498,2.45244140624996],[-64.21884765624998,3.2046875],[-64.22109375,3.58740234375],[-64.56791992187493,3.899804687500051],[-64.25566406250002,4.140332031250026],[-64.021484375,3.92910156249998],[-63.29472656249999,3.922265625],[-62.968652343749994,3.593945312499997],[-62.712109374999955,4.017919921875048],[-62.153125,4.098388671875],[-61.002832031249994,4.535253906250006],[-60.60449218750003,4.994580078124969],[-60.742138671875,5.202050781249994]]]},"id":"VEN"},{"type":"Feature","properties":{"name":"Vietnam","iso_a3":"VNM","adm0_a3":"VNM"},"geometry":{"type":"Polygon","coordinates":[[[102.12744140625003,22.37919921874999],[102.9486328125,21.56977539062501],[102.85117187500009,21.26591796874999],[103.1044921875,20.89165039062499],[103.63505859375002,20.697070312500045],[104.05205078124999,20.941210937500102],[104.58320312500001,20.646679687499955],[104.61884765624995,20.374511718750114],[104.92792968750004,20.018115234375017],[104.54628906250005,19.61054687500001],[104.03203124999999,19.67514648437492],[103.89638671875002,19.339990234375023],[104.71650390624995,18.803417968749955],[105.11513671875,18.678857421875023],[105.08583984375,18.45009765625005],[105.45820312500007,18.154296875000057],[105.69140624999997,17.737841796875074],[106.50224609374999,16.9541015625],[106.69609375000002,16.45898437500003],[107.39638671875,16.043017578125017],[107.18955078125003,15.747265624999955],[107.653125,15.255224609375091],[107.51943359375,14.705078125000028],[107.3314453125,14.126611328125037],[107.60546875000003,13.437792968750031],[107.47539062500002,13.030371093749991],[107.50644531250012,12.364550781249974],[106.93066406249997,12.07749023437502],[106.41386718750002,11.948437500000011],[106.33984375000003,11.681835937499969],[105.85146484375,11.635009765625028],[105.85605468750006,11.294287109374977],[106.16796875000003,11.012304687499991],[105.38652343750007,10.940087890625023],[104.85058593750003,10.534472656249989],[104.42636718750012,10.41123046875002],[104.6634765625,10.169921874999972],[105.02783203124997,10.06743164062496],[104.84521484375003,9.606152343750054],[104.8185546875001,8.801855468749977],[104.89189453125002,8.583251953125028],[105.32226562500003,8.801123046875006],[105.50097656250003,9.093212890624997],[106.5724609375001,9.641113281249972],[106.8126953125001,10.433300781249983],[107.26152343750002,10.398388671874983],[108.27167968750004,10.934277343749997],[108.82080078125003,11.315429687500014],[109.1986328125,11.724853515625028],[109.21894531250004,12.645800781249974],[109.42392578125006,12.955957031250023],[109.271875,13.279345703125003],[109.30332031250006,13.856445312499972],[109.08486328125,14.716162109374977],[108.82128906250003,15.377929687500057],[108.02939453125006,16.33110351562499],[107.18037109375004,16.89794921875003],[106.47890625000005,17.719580078124977],[106.49902343749997,17.946435546875023],[105.88828125000006,18.502490234375045],[105.62177734375004,18.966308593750057],[105.98408203125004,19.939062499999977],[106.51796875,20.288867187500017],[106.75341796874997,20.735058593749955],[106.67548828125004,20.960498046875074],[107.35429687500002,21.05517578125],[107.40996093750007,21.284814453124966],[107.97265624999997,21.50795898437505],[107.35117187500012,21.60888671875],[106.72949218750003,22.000341796874977],[106.5363281250001,22.395410156249994],[106.78027343749997,22.778906249999977],[106.14843750000003,22.970068359375006],[105.84296875000004,22.922802734374983],[105.27539062499997,23.34521484374997],[104.86474609374997,23.136376953124966],[104.79570312500002,22.9111328125],[104.3717773437501,22.70405273437501],[103.35605468750012,22.754687500000017],[103.00537109374997,22.452978515625006],[102.51718750000012,22.741015625000074],[102.12744140625003,22.37919921874999]]]},"id":"VNM"},{"type":"Feature","properties":{"name":"Vanuatu","iso_a3":"VUT","adm0_a3":"VUT"},"geometry":{"type":"MultiPolygon","coordinates":[[[[167.4125,-16.095898437499983],[167.44931640625006,-16.55498046874999],[167.83662109375004,-16.44970703125003],[167.4125,-16.095898437499983]]],[[[166.74580078125004,-14.826855468749997],[166.52724609375,-14.850097656250028],[166.6310546875001,-15.40605468749996],[166.82578125000006,-15.634863281250034],[167.199609375,-15.485742187500023],[167.13164062500002,-15.135351562499963],[166.81015625000006,-15.157421875000011],[166.74580078125004,-14.826855468749997]]]]},"id":"VUT"},{"type":"Feature","properties":{"name":"Yemen","iso_a3":"YEM","adm0_a3":"YEM"},"geometry":{"type":"Polygon","coordinates":[[[51.977636718750006,18.99614257812499],[49.04199218749997,18.581787109375057],[48.172167968750074,18.15693359375001],[47.57958984375003,17.448339843750063],[47.44179687499999,17.11186523437499],[46.975683593750006,16.953466796875034],[46.68203125000005,17.26855468750003],[46.31035156250002,17.231298828124977],[45.406542968750074,17.319775390624983],[45.148046875,17.427441406249983],[44.15595703125004,17.398535156250034],[43.91699218750003,17.32470703125],[43.41796874999997,17.51625976562505],[43.19091796874997,17.359375],[43.16503906250003,16.689404296874983],[42.79931640624997,16.37177734375001],[42.7171875,15.654638671875034],[43.02109375,14.554882812499983],[43.0890625000001,14.010986328125014],[43.282617187499994,13.639843749999983],[43.23193359374997,13.267089843749986],[43.4752929687501,12.839013671874994],[43.92978515625006,12.61650390624996],[44.61777343750006,12.817236328125006],[45.038671875,12.815869140624983],[45.657324218750006,13.33872070312502],[46.788867187500074,13.465576171875014],[47.40771484375003,13.661621093749986],[47.98994140625004,14.048095703125028],[48.66835937499999,14.050146484375006],[49.34990234375002,14.637792968749991],[50.166894531249994,14.851025390624997],[50.5270507812501,15.038183593750034],[51.60371093750004,15.336816406250023],[52.21748046875004,15.655517578125028],[52.32773437500006,16.293554687499977],[53.0856445312501,16.648388671874983],[52.72919921875004,17.300390625000034],[51.977636718750006,18.99614257812499]]]},"id":"YEM"},{"type":"Feature","properties":{"name":"South Africa","iso_a3":"ZAF","adm0_a3":"ZAF"},"geometry":{"type":"Polygon","coordinates":[[[19.98046875,-24.77675781250001],[19.98046875,-26.53115234375001],[19.98046875,-28.451269531250006],[19.671484375,-28.50390625],[19.02607421875001,-28.92792968750001],[18.310839843750017,-28.88623046875],[17.44794921875001,-28.69814453125001],[17.38574218749997,-28.353222656250026],[17.05625,-28.031054687500017],[16.755761718750023,-28.4521484375],[16.447558593750017,-28.617578125],[16.95,-29.403417968750006],[17.189062500000063,-30.09980468750004],[17.677441406249983,-31.01904296875],[18.210839843750023,-31.74248046875003],[18.31074218750004,-32.122460937499994],[18.250878906250023,-32.65214843749999],[17.878222656250045,-32.96152343749996],[18.43300781250008,-33.717285156250014],[18.35439453125005,-33.93906249999998],[18.808789062499983,-34.108203124999974],[19.63496093750001,-34.75332031250005],[20.020605468750063,-34.78574218749999],[20.529882812500063,-34.46308593749998],[21.06015625,-34.364648437499994],[21.78896484375008,-34.372656250000034],[22.24550781250008,-34.06914062500002],[23.268164062500063,-34.08115234374998],[23.585546875000063,-33.98515625],[24.827148437500057,-34.168945312500014],[25.00292968749997,-33.973632812500014],[25.63818359375,-34.01113281250001],[25.989550781250074,-33.71132812500004],[26.42949218749999,-33.7595703125],[27.077441406250017,-33.521191406250026],[27.860644531250074,-33.05390625000004],[28.85595703124997,-32.29423828125],[30.288671875,-30.97011718749998],[31.33515625000004,-29.378125],[31.778222656249994,-28.937109374999963],[32.285742187500006,-28.621484374999966],[32.534765625,-28.199707031250014],[32.886132812499994,-26.84931640624997],[32.112890625,-26.839453125],[31.958398437499994,-27.305859374999983],[31.469531250000017,-27.295507812500006],[31.063378906249994,-27.112304687499986],[30.794335937499994,-26.764257812499963],[30.803320312500006,-26.41347656250001],[31.207324218750017,-25.84335937500002],[31.415136718750006,-25.74658203125],[31.94824218749997,-25.95761718750002],[31.98583984374997,-24.46064453124997],[31.799609375000017,-23.8921875],[31.54560546875001,-23.48232421875001],[31.287890625000017,-22.40205078125001],[30.46015625000001,-22.32900390625001],[29.6630859375,-22.146289062500003],[29.36484375,-22.193945312500006],[28.83984374999997,-22.480859375000037],[28.21015625000001,-22.693652343750003],[27.890527343750023,-23.07392578125001],[27.146386718750023,-23.5244140625],[26.835058593750006,-24.240820312500006],[26.397167968749983,-24.61357421875003],[25.912109375,-24.74746093750001],[25.583789062500017,-25.60625],[24.748144531250006,-25.8173828125],[23.89375,-25.600878906250003],[23.266015625000023,-25.2666015625],[22.878808593750023,-25.45791015625001],[22.640234375,-26.07119140625001],[22.090917968750006,-26.580175781250006],[21.646289062500017,-26.85419921875001],[20.73984375,-26.84882812500001],[20.626757812500017,-26.44384765625],[20.79316406250001,-25.915625],[20.34521484375,-25.029882812500006],[19.98046875,-24.77675781250001]],[[27.207421875000023,-29.55419921875],[27.73554687500001,-28.940039062500006],[28.625781250000017,-28.58173828125001],[29.301367187500006,-29.08984375],[29.390722656250006,-29.26972656250001],[29.09804687499999,-29.91904296874999],[28.39208984374997,-30.147558593750006],[28.018164062500006,-30.64228515625001],[27.388476562500017,-30.31591796875],[27.0517578125,-29.6640625],[27.207421875000023,-29.55419921875]]]},"id":"ZAF"},{"type":"Feature","properties":{"name":"Zambia","iso_a3":"ZMB","adm0_a3":"ZMB"},"geometry":{"type":"Polygon","coordinates":[[[23.380664062500017,-17.640625],[24.27490234375,-17.481054687500006],[24.932421875000017,-17.54345703125],[25.2587890625,-17.793554687500006],[25.86328125,-17.951953125],[27.020800781250017,-17.95839843750001],[27.932226562500006,-16.89619140625001],[28.760644531250023,-16.53193359375001],[28.9130859375,-15.98779296875],[29.729589843750006,-15.644628906250006],[30.39609375,-15.64306640625],[30.231835937500023,-14.990332031250006],[31.728906250000023,-14.49609375],[33.201757812500006,-14.013378906250011],[32.992089843749994,-14.022167968750011],[32.67207031250001,-13.6103515625],[32.96757812500002,-13.225],[33.021582031250006,-12.63046875],[33.39794921875,-12.48984375],[33.25234375,-12.112597656250003],[33.22636718750002,-11.534863281250011],[33.37978515625002,-11.157910156250011],[33.261328125,-10.893359375],[33.659082031249994,-10.590527343749983],[33.35097656250002,-9.862207031250009],[32.91992187499997,-9.407421875000011],[32.433203125,-9.15634765625002],[31.94257812500001,-9.054003906250003],[31.35058593749997,-8.60703125000002],[31.07636718750001,-8.611914062500006],[30.75117187500001,-8.193652343750003],[28.972265625,-8.464941406250006],[28.917773437500017,-8.700585937500009],[28.400683593750017,-9.224804687500011],[28.63007812500001,-9.83125],[28.63886718750001,-10.669238281250003],[28.357226562500017,-11.483007812500006],[28.482519531250006,-11.812109375],[29.064355468750023,-12.348828125000011],[29.427539062500017,-12.43125],[29.79511718750001,-12.155468750000011],[29.795312500000023,-13.392773437500011],[29.55419921875,-13.248925781250009],[29.014257812500006,-13.368847656250011],[28.357714843750017,-12.48203125],[27.53339843750001,-12.1953125],[27.04609375000001,-11.615917968750011],[26.949609375000023,-11.898828125],[26.59638671875001,-11.972070312500009],[26.025976562500006,-11.89013671875],[25.349414062500017,-11.623046875],[25.184863281250017,-11.24296875],[24.5185546875,-11.4384765625],[24.319921875,-11.07177734375],[23.96650390625001,-10.871777343750011],[23.991308593750006,-12.422167968750003],[23.843164062500023,-13.0009765625],[21.978906250000023,-13.0009765625],[21.979785156250017,-15.95556640625],[22.150683593750017,-16.59716796875],[23.380664062500017,-17.640625]]]},"id":"ZMB"},{"type":"Feature","properties":{"name":"Zimbabwe","iso_a3":"ZWE","adm0_a3":"ZWE"},"geometry":{"type":"Polygon","coordinates":[[[29.36484375,-22.193945312500006],[29.6630859375,-22.146289062500003],[30.46015625000001,-22.32900390625001],[31.287890625000017,-22.40205078125001],[32.37109375,-21.33486328125001],[32.477636718750006,-20.712988281250006],[33.00673828125002,-19.873828125],[32.71650390625001,-19.00185546875001],[32.99306640625002,-18.35957031250001],[32.94804687500002,-16.71230468750001],[32.243261718750006,-16.44873046875],[31.939843750000023,-16.428808593750006],[31.236230468750023,-16.02363281250001],[30.437792968750017,-15.995312500000011],[30.39609375,-15.64306640625],[29.729589843750006,-15.644628906250006],[28.9130859375,-15.98779296875],[28.760644531250023,-16.53193359375001],[27.932226562500006,-16.89619140625001],[27.020800781250017,-17.95839843750001],[25.86328125,-17.951953125],[25.2587890625,-17.793554687500006],[25.224023437500023,-17.91523437500001],[25.76123046875,-18.64921875],[26.168066406250006,-19.53828125000001],[26.67822265625,-19.89277343750001],[27.221484375000017,-20.145800781250003],[27.28076171875,-20.47871093750001],[27.699609375000023,-20.53066406250001],[27.66943359375,-21.064257812500003],[28.04560546875001,-21.573046875],[29.03730468750001,-21.811328125],[29.36484375,-22.193945312500006]]]},"id":"ZWE"}]}